
  ___  ____  ____  ____  ____ ®
 /__    /   ____/   /   ____/      StataNow 19.5
___/   /   /___/   /   /___/       SE—Standard Edition

 Statistics and Data Science       Copyright 1985-2025 StataCorp LLC
                                   StataCorp
                                   4905 Lakeway Drive
                                   College Station, Texas 77845 USA
                                   800-782-8272        https://www.stata.com
                                   979-696-4600        service@stata.com

Stata license: Unlimited-user network, expiring 15 Jul 2026
Serial number: 401909302685
  Licensed to: Diego González González
               Universidad Loyola

Notes:
      1. Stata is running in batch mode.
      2. Unicode is supported; see help unicode_advice.
      3. Maximum number of variables is set to 5,000 but can be increased;
          see help set_maxvar.

. do code/main_synth.do all 

. /////////////////////////////////////////////////////////////////////////////
> /
> ////////////////////////////// Main do file /////////////////////////////////
> /
> /////////////////////////////////////////////////////////////////////////////
> /
> 
. clear all

. 
. * Change routes if needed:
. global cd "/Users/diegogonzalezgonzalez/Desktop/LOYOLA/PhD/2nd chapter"

. global raw_dta "/Users/diegogonzalezgonzalez/Desktop/UC3M/TFM/MAPHABSOC/data_
> schools.dta"

. 
. * Optional stage argument:
. *   do code/main_synth.do                -> dataprep + analysis (synth)
. *   do code/main_synth.do matches        -> matching only (synth)
. *   do code/main_synth.do dataprep       -> data preparation only (synth)
. *   do code/main_synth.do analysis       -> analysis only (synth)
. *   do code/main_synth.do all            -> matches + dataprep + analysis (sy
> nth)
. args stage

. if `"`stage'"'=="" local stage "run"

. 
. if inlist(`"`stage'"', "matches", "all") {
.         do "$cd/code/matches_synth.do"

. /////////////////////////////////////////////////////////////////////////////
> /
> //////////////// Synthetic-control style twin assignment ////////////////////
> /
> /////////////////////////////////////////////////////////////////////////////
> /
> 
. capture mkdir "$cd/temp"

. 
. use $raw_dta, clear

. keep if country==1
(3,091 observations deleted)

. 
. global xlist gender scoreN migrant bullying_union moodgeneral patienceN crtN 
> finN riskyN inequalityN honest

. 
. * Keep complete cases on matching covariates (balanced covariate matrix).
. egen miss_x = rowmiss($xlist)

. drop if miss_x>0
(2,550 observations deleted)

. drop miss_x

. 
. * Build duplicated panel as requested: te=1/2.
. preserve

. gen te = 1

. tempfile copy1 copy2

. save `copy1', replace
(file /var/folders/qh/5fzr2y912sx0qqljkw0hx5rr0000gn/T//St14930.000002 not
    found)
file /var/folders/qh/5fzr2y912sx0qqljkw0hx5rr0000gn/T//St14930.000002 saved
    as .dta format

. replace te = 2
(2,124 real changes made)

. save `copy2', replace
(file /var/folders/qh/5fzr2y912sx0qqljkw0hx5rr0000gn/T//St14930.000003 not
    found)
file /var/folders/qh/5fzr2y912sx0qqljkw0hx5rr0000gn/T//St14930.000003 saved
    as .dta format

. use `copy1', clear

. append using `copy2'
(label mood already defined)
(label moodalone already defined)
(label gender already defined)
(label female already defined)
(label male already defined)
(label schooltype already defined)
(label privacy already defined)
(label lefthand already defined)
(label nomigrant already defined)
(label migrante already defined)
(label NY already defined)
(label AB already defined)
(label ir already defined)
(label tener already defined)
(label absent already defined)
(label noninvolved already defined)
(label attendance already defined)
(label country already defined)
(label ciclo already defined)
(label schooltown already defined)
(label schoolprov already defined)
(label staff already defined)
(label goodat already defined)
(label like already defined)
(label fish already defined)
(label vegetal already defined)
(label device already defined)
(label multi already defined)
(label honest already defined)

. save "$cd/temp/synth_panel_base.dta", replace
file /Users/diegogonzalezgonzalez/Desktop/LOYOLA/PhD/2nd
    chapter/temp/synth_panel_base.dta saved

. restore

. 
. tempfile base keep_w

. save `base', replace
(file /var/folders/qh/5fzr2y912sx0qqljkw0hx5rr0000gn/T//St14930.000004 not
    found)
file /var/folders/qh/5fzr2y912sx0qqljkw0hx5rr0000gn/T//St14930.000004 saved
    as .dta format

. levelsof class_id, local(class_list)
`"10_1_1"' `"10_1_2"' `"10_1_3"' `"10_1_4"' `"10_2_1"' `"10_2_2"' `"10_2_3"' `"
> 10_2_4"' `"10_3_1"' `"10_3_2"' `"10_3_3"' `"10_3_4"' `"10_4_1"' `"10_4_2"' `"
> 10_4_3"' `"10_4_4"' `"1_1_1"' `"1_1_2"' `"1_1_3"' `"1_1_4"' `"1_1_5"' `"1_2_1
> "' `"1_2_2"' `"1_2_3"' `"1_2_4"' `"1_2_5"' `"2_1_1"' `"2_1_2"' `"2_1_3"' `"2_
> 1_4"' `"2_1_5"' `"2_1_6"' `"2_2_1"' `"2_2_2"' `"2_2_3"' `"2_2_4"' `"2_2_5"' `
> "2_2_6"' `"2_2_7"' `"2_3_1"' `"2_3_2"' `"2_3_3"' `"2_3_4"' `"2_3_5"' `"2_3_6"
> ' `"2_4_1"' `"2_4_2"' `"2_4_3"' `"2_4_4"' `"2_4_5"' `"2_4_6"' `"3_1_1"' `"3_1
> _2"' `"3_1_3"' `"3_2_1"' `"3_2_2"' `"3_2_3"' `"4_1_1"' `"4_2_1"' `"4_3_1"' `"
> 4_4_1"' `"5_2_1"' `"5_2_2"' `"5_3_1"' `"5_3_2"' `"5_4_1"' `"5_4_2"' `"6_1_1"'
>  `"6_1_4"' `"6_2_1"' `"6_2_2"' `"6_2_3"' `"6_2_4"' `"6_2_5"' `"6_3_1"' `"6_3_
> 2"' `"6_3_3"' `"6_4_1"' `"6_4_2"' `"6_4_4"' `"6_4_5"' `"9_2_1"' `"9_2_2"' `"9
> _2_3"' `"9_2_4"' `"9_2_5"' `"9_3_1"' `"9_3_2"' `"9_3_3"' `"9_3_4"' `"9_3_5"' 
> `"9_4_1"' `"9_4_2"' `"9_4_3"' `"9_4_4"'

. 
. tempname donorh vh

. postfile `donorh' double usuario_id double match_id double count_match using 
> "$cd/temp/matches_synth_long.dta", replace

. postfile `vh' double usuario_id str32 covariate double v_weight using "$cd/te
> mp/matches_synth_vweights.dta", replace

. 
. foreach c in `class_list' {
  2.         use `base', clear
  3.         keep if class_id=="`c'"
  4.         quietly count
  5.         if r(N)<2 continue
  6. 
.         levelsof usuario_id, local(treated_ids)
  7. 
.         foreach tu of local treated_ids {
  8.                 use `base', clear
  9.                 keep if class_id=="`c'"
 10.                 expand 2
 11.                 bys usuario_id: gen te = _n
 12.                 xtset usuario_id te
 13. 
.                 capture erase `keep_w'
 14.                 capture quietly synth scoreN gender migrant bullying_union
>  moodgeneral patienceN crtN finN riskyN inequalityN honest, ///
>                         trunit(`tu') trperiod(2) keep(`keep_w') replace maxit
> er(200)
 15.                 if _rc!=0 continue
 16. 
.                 * Store donor weights for treated unit.
.                 use `keep_w', clear
 17.                 keep _Co_Number _W_Weight
 18.                 rename _Co_Number match_id
 19.                 rename _W_Weight count_match
 20.                 drop if missing(count_match)
 21.                 quietly count
 22.                 if r(N)>0 {
 23.                         forvalues i = 1/`=_N' {
 24.                                 post `donorh' (`tu') (match_id[`i']) (coun
> t_match[`i'])
 25.                         }
 26.                 }
 27. 
.                 * Store covariate weights (diagonal of V matrix).
.                 matrix V = e(V_matrix)
 28.                 local p = rowsof(V)
 29.                 local j = 0
 30.                 foreach vname of global xlist {
 31.                         local ++j
 32.                         if `j'>`p' continue, break
 33.                         scalar wj = V[`j',`j']
 34.                         post `vh' (`tu') ("`vname'") (wj)
 35.                 }
 36.         }
 37. }
(2,097 observations deleted)
5143 5145 5146 5147 5148 5149 5150 5151 5152 5153 5154 5155 5156 5157 5158 5159
>  5160 5161 5162 5163 5164 5165 5167 5168 5169 5170 5171
(2,097 observations deleted)
(27 observations created)

Panel variable: usuario_id (strongly balanced)
 Time variable: te, 1 to 2
         Delta: 1 unit
(0 observations deleted)
(2,097 observations deleted)
(27 observations created)

Panel variable: usuario_id (strongly balanced)
 Time variable: te, 1 to 2
         Delta: 1 unit
(0 observations deleted)
(2,097 observations deleted)
(27 observations created)

Panel variable: usuario_id (strongly balanced)
 Time variable: te, 1 to 2
         Delta: 1 unit
(0 observations deleted)
(2,097 observations deleted)
(27 observations created)

Panel variable: usuario_id (strongly balanced)
 Time variable: te, 1 to 2
         Delta: 1 unit
(0 observations deleted)
(2,097 observations deleted)
(27 observations created)

Panel variable: usuario_id (strongly balanced)
 Time variable: te, 1 to 2
         Delta: 1 unit
(0 observations deleted)
(2,097 observations deleted)
(27 observations created)

Panel variable: usuario_id (strongly balanced)
 Time variable: te, 1 to 2
         Delta: 1 unit
(0 observations deleted)
(2,097 observations deleted)
(27 observations created)

Panel variable: usuario_id (strongly balanced)
 Time variable: te, 1 to 2
         Delta: 1 unit
(0 observations deleted)
(2,097 observations deleted)
(27 observations created)

Panel variable: usuario_id (strongly balanced)
 Time variable: te, 1 to 2
         Delta: 1 unit
(0 observations deleted)
(2,097 observations deleted)
(27 observations created)

Panel variable: usuario_id (strongly balanced)
 Time variable: te, 1 to 2
         Delta: 1 unit
(0 observations deleted)
(2,097 observations deleted)
(27 observations created)

Panel variable: usuario_id (strongly balanced)
 Time variable: te, 1 to 2
         Delta: 1 unit
(0 observations deleted)
(2,097 observations deleted)
(27 observations created)

Panel variable: usuario_id (strongly balanced)
 Time variable: te, 1 to 2
         Delta: 1 unit
(0 observations deleted)
(2,097 observations deleted)
(27 observations created)

Panel variable: usuario_id (strongly balanced)
 Time variable: te, 1 to 2
         Delta: 1 unit
(0 observations deleted)
(2,097 observations deleted)
(27 observations created)

Panel variable: usuario_id (strongly balanced)
 Time variable: te, 1 to 2
         Delta: 1 unit
(0 observations deleted)
(2,097 observations deleted)
(27 observations created)

Panel variable: usuario_id (strongly balanced)
 Time variable: te, 1 to 2
         Delta: 1 unit
(0 observations deleted)
(2,097 observations deleted)
(27 observations created)

Panel variable: usuario_id (strongly balanced)
 Time variable: te, 1 to 2
         Delta: 1 unit
(0 observations deleted)
(2,097 observations deleted)
(27 observations created)

Panel variable: usuario_id (strongly balanced)
 Time variable: te, 1 to 2
         Delta: 1 unit
(0 observations deleted)
(2,097 observations deleted)
(27 observations created)

Panel variable: usuario_id (strongly balanced)
 Time variable: te, 1 to 2
         Delta: 1 unit
(0 observations deleted)
(2,097 observations deleted)
(27 observations created)

Panel variable: usuario_id (strongly balanced)
 Time variable: te, 1 to 2
         Delta: 1 unit
(0 observations deleted)
(2,097 observations deleted)
(27 observations created)

Panel variable: usuario_id (strongly balanced)
 Time variable: te, 1 to 2
         Delta: 1 unit
(0 observations deleted)
(2,097 observations deleted)
(27 observations created)

Panel variable: usuario_id (strongly balanced)
 Time variable: te, 1 to 2
         Delta: 1 unit
(0 observations deleted)
(2,097 observations deleted)
(27 observations created)

Panel variable: usuario_id (strongly balanced)
 Time variable: te, 1 to 2
         Delta: 1 unit
(0 observations deleted)
(2,097 observations deleted)
(27 observations created)

Panel variable: usuario_id (strongly balanced)
 Time variable: te, 1 to 2
         Delta: 1 unit
(0 observations deleted)
(2,097 observations deleted)
(27 observations created)

Panel variable: usuario_id (strongly balanced)
 Time variable: te, 1 to 2
         Delta: 1 unit
(0 observations deleted)
(2,097 observations deleted)
(27 observations created)

Panel variable: usuario_id (strongly balanced)
 Time variable: te, 1 to 2
         Delta: 1 unit
(0 observations deleted)
(2,097 observations deleted)
(27 observations created)

Panel variable: usuario_id (strongly balanced)
 Time variable: te, 1 to 2
         Delta: 1 unit
(0 observations deleted)
(2,097 observations deleted)
(27 observations created)

Panel variable: usuario_id (strongly balanced)
 Time variable: te, 1 to 2
         Delta: 1 unit
(0 observations deleted)
(2,097 observations deleted)
(27 observations created)

Panel variable: usuario_id (strongly balanced)
 Time variable: te, 1 to 2
         Delta: 1 unit
(0 observations deleted)
(2,099 observations deleted)
5172 5173 5174 5175 5176 5177 5178 5179 5180 5181 5182 5184 5185 5187 5188 5189
>  5190 5191 5192 5193 5194 5195 5196 5198 5199
(2,099 observations deleted)
(25 observations created)

Panel variable: usuario_id (strongly balanced)
 Time variable: te, 1 to 2
         Delta: 1 unit
(0 observations deleted)
(2,099 observations deleted)
(25 observations created)

Panel variable: usuario_id (strongly balanced)
 Time variable: te, 1 to 2
         Delta: 1 unit
(0 observations deleted)
(2,099 observations deleted)
(25 observations created)

Panel variable: usuario_id (strongly balanced)
 Time variable: te, 1 to 2
         Delta: 1 unit
(0 observations deleted)
(2,099 observations deleted)
(25 observations created)

Panel variable: usuario_id (strongly balanced)
 Time variable: te, 1 to 2
         Delta: 1 unit
(0 observations deleted)
(2,099 observations deleted)
(25 observations created)

Panel variable: usuario_id (strongly balanced)
 Time variable: te, 1 to 2
         Delta: 1 unit
(0 observations deleted)
(2,099 observations deleted)
(25 observations created)

Panel variable: usuario_id (strongly balanced)
 Time variable: te, 1 to 2
         Delta: 1 unit
(0 observations deleted)
(2,099 observations deleted)
(25 observations created)

Panel variable: usuario_id (strongly balanced)
 Time variable: te, 1 to 2
         Delta: 1 unit
(0 observations deleted)
(2,099 observations deleted)
(25 observations created)

Panel variable: usuario_id (strongly balanced)
 Time variable: te, 1 to 2
         Delta: 1 unit
(0 observations deleted)
(2,099 observations deleted)
(25 observations created)

Panel variable: usuario_id (strongly balanced)
 Time variable: te, 1 to 2
         Delta: 1 unit
(0 observations deleted)
(2,099 observations deleted)
(25 observations created)

Panel variable: usuario_id (strongly balanced)
 Time variable: te, 1 to 2
         Delta: 1 unit
(0 observations deleted)
(2,099 observations deleted)
(25 observations created)

Panel variable: usuario_id (strongly balanced)
 Time variable: te, 1 to 2
         Delta: 1 unit
(0 observations deleted)
(2,099 observations deleted)
(25 observations created)

Panel variable: usuario_id (strongly balanced)
 Time variable: te, 1 to 2
         Delta: 1 unit
(0 observations deleted)
(2,099 observations deleted)
(25 observations created)

Panel variable: usuario_id (strongly balanced)
 Time variable: te, 1 to 2
         Delta: 1 unit
(0 observations deleted)
(2,099 observations deleted)
(25 observations created)

Panel variable: usuario_id (strongly balanced)
 Time variable: te, 1 to 2
         Delta: 1 unit
(0 observations deleted)
(2,099 observations deleted)
(25 observations created)

Panel variable: usuario_id (strongly balanced)
 Time variable: te, 1 to 2
         Delta: 1 unit
(0 observations deleted)
(2,099 observations deleted)
(25 observations created)

Panel variable: usuario_id (strongly balanced)
 Time variable: te, 1 to 2
         Delta: 1 unit
(0 observations deleted)
(2,099 observations deleted)
(25 observations created)

Panel variable: usuario_id (strongly balanced)
 Time variable: te, 1 to 2
         Delta: 1 unit
(0 observations deleted)
(2,099 observations deleted)
(25 observations created)

Panel variable: usuario_id (strongly balanced)
 Time variable: te, 1 to 2
         Delta: 1 unit
(0 observations deleted)
(2,099 observations deleted)
(25 observations created)

Panel variable: usuario_id (strongly balanced)
 Time variable: te, 1 to 2
         Delta: 1 unit
(0 observations deleted)
(2,099 observations deleted)
(25 observations created)

Panel variable: usuario_id (strongly balanced)
 Time variable: te, 1 to 2
         Delta: 1 unit
(0 observations deleted)
(2,099 observations deleted)
(25 observations created)

Panel variable: usuario_id (strongly balanced)
 Time variable: te, 1 to 2
         Delta: 1 unit
(0 observations deleted)
(2,099 observations deleted)
(25 observations created)

Panel variable: usuario_id (strongly balanced)
 Time variable: te, 1 to 2
         Delta: 1 unit
(0 observations deleted)
(2,099 observations deleted)
(25 observations created)

Panel variable: usuario_id (strongly balanced)
 Time variable: te, 1 to 2
         Delta: 1 unit
(0 observations deleted)
(2,099 observations deleted)
(25 observations created)

Panel variable: usuario_id (strongly balanced)
 Time variable: te, 1 to 2
         Delta: 1 unit
(0 observations deleted)
(2,099 observations deleted)
(25 observations created)

Panel variable: usuario_id (strongly balanced)
 Time variable: te, 1 to 2
         Delta: 1 unit
(0 observations deleted)
(2,100 observations deleted)
5200 5201 5202 5204 5206 5207 5208 5209 5210 5211 5213 5214 5215 5216 5217 5218
>  5219 5220 5221 5222 5223 5224 5225 5228
(2,100 observations deleted)
(24 observations created)

Panel variable: usuario_id (strongly balanced)
 Time variable: te, 1 to 2
         Delta: 1 unit
(0 observations deleted)
(2,100 observations deleted)
(24 observations created)

Panel variable: usuario_id (strongly balanced)
 Time variable: te, 1 to 2
         Delta: 1 unit
(0 observations deleted)
(2,100 observations deleted)
(24 observations created)

Panel variable: usuario_id (strongly balanced)
 Time variable: te, 1 to 2
         Delta: 1 unit
(0 observations deleted)
(2,100 observations deleted)
(24 observations created)

Panel variable: usuario_id (strongly balanced)
 Time variable: te, 1 to 2
         Delta: 1 unit
(0 observations deleted)
(2,100 observations deleted)
(24 observations created)

Panel variable: usuario_id (strongly balanced)
 Time variable: te, 1 to 2
         Delta: 1 unit
(0 observations deleted)
(2,100 observations deleted)
(24 observations created)

Panel variable: usuario_id (strongly balanced)
 Time variable: te, 1 to 2
         Delta: 1 unit
(0 observations deleted)
(2,100 observations deleted)
(24 observations created)

Panel variable: usuario_id (strongly balanced)
 Time variable: te, 1 to 2
         Delta: 1 unit
(0 observations deleted)
(2,100 observations deleted)
(24 observations created)

Panel variable: usuario_id (strongly balanced)
 Time variable: te, 1 to 2
         Delta: 1 unit
(0 observations deleted)
(2,100 observations deleted)
(24 observations created)

Panel variable: usuario_id (strongly balanced)
 Time variable: te, 1 to 2
         Delta: 1 unit
(0 observations deleted)
(2,100 observations deleted)
(24 observations created)

Panel variable: usuario_id (strongly balanced)
 Time variable: te, 1 to 2
         Delta: 1 unit
(0 observations deleted)
(2,100 observations deleted)
(24 observations created)

Panel variable: usuario_id (strongly balanced)
 Time variable: te, 1 to 2
         Delta: 1 unit
(0 observations deleted)
(2,100 observations deleted)
(24 observations created)

Panel variable: usuario_id (strongly balanced)
 Time variable: te, 1 to 2
         Delta: 1 unit
(0 observations deleted)
(2,100 observations deleted)
(24 observations created)

Panel variable: usuario_id (strongly balanced)
 Time variable: te, 1 to 2
         Delta: 1 unit
(0 observations deleted)
(2,100 observations deleted)
(24 observations created)

Panel variable: usuario_id (strongly balanced)
 Time variable: te, 1 to 2
         Delta: 1 unit
(0 observations deleted)
(2,100 observations deleted)
(24 observations created)

Panel variable: usuario_id (strongly balanced)
 Time variable: te, 1 to 2
         Delta: 1 unit
(0 observations deleted)
(2,100 observations deleted)
(24 observations created)

Panel variable: usuario_id (strongly balanced)
 Time variable: te, 1 to 2
         Delta: 1 unit
(0 observations deleted)
(2,100 observations deleted)
(24 observations created)

Panel variable: usuario_id (strongly balanced)
 Time variable: te, 1 to 2
         Delta: 1 unit
(0 observations deleted)
(2,100 observations deleted)
(24 observations created)

Panel variable: usuario_id (strongly balanced)
 Time variable: te, 1 to 2
         Delta: 1 unit
(0 observations deleted)
(2,100 observations deleted)
(24 observations created)

Panel variable: usuario_id (strongly balanced)
 Time variable: te, 1 to 2
         Delta: 1 unit
(0 observations deleted)
(2,100 observations deleted)
(24 observations created)

Panel variable: usuario_id (strongly balanced)
 Time variable: te, 1 to 2
         Delta: 1 unit
(0 observations deleted)
(2,100 observations deleted)
(24 observations created)

Panel variable: usuario_id (strongly balanced)
 Time variable: te, 1 to 2
         Delta: 1 unit
(0 observations deleted)
(2,100 observations deleted)
(24 observations created)

Panel variable: usuario_id (strongly balanced)
 Time variable: te, 1 to 2
         Delta: 1 unit
(0 observations deleted)
(2,100 observations deleted)
(24 observations created)

Panel variable: usuario_id (strongly balanced)
 Time variable: te, 1 to 2
         Delta: 1 unit
(0 observations deleted)
(2,100 observations deleted)
(24 observations created)

Panel variable: usuario_id (strongly balanced)
 Time variable: te, 1 to 2
         Delta: 1 unit
(0 observations deleted)
(2,099 observations deleted)
5229 5230 5231 5232 5233 5234 5235 5236 5238 5239 5240 5241 5242 5243 5245 5246
>  5248 5249 5250 5251 5252 5253 5254 5257 5258
(2,099 observations deleted)
(25 observations created)

Panel variable: usuario_id (strongly balanced)
 Time variable: te, 1 to 2
         Delta: 1 unit
(0 observations deleted)
(2,099 observations deleted)
(25 observations created)

Panel variable: usuario_id (strongly balanced)
 Time variable: te, 1 to 2
         Delta: 1 unit
(0 observations deleted)
(2,099 observations deleted)
(25 observations created)

Panel variable: usuario_id (strongly balanced)
 Time variable: te, 1 to 2
         Delta: 1 unit
(0 observations deleted)
(2,099 observations deleted)
(25 observations created)

Panel variable: usuario_id (strongly balanced)
 Time variable: te, 1 to 2
         Delta: 1 unit
(0 observations deleted)
(2,099 observations deleted)
(25 observations created)

Panel variable: usuario_id (strongly balanced)
 Time variable: te, 1 to 2
         Delta: 1 unit
(0 observations deleted)
(2,099 observations deleted)
(25 observations created)

Panel variable: usuario_id (strongly balanced)
 Time variable: te, 1 to 2
         Delta: 1 unit
(0 observations deleted)
(2,099 observations deleted)
(25 observations created)

Panel variable: usuario_id (strongly balanced)
 Time variable: te, 1 to 2
         Delta: 1 unit
(0 observations deleted)
(2,099 observations deleted)
(25 observations created)

Panel variable: usuario_id (strongly balanced)
 Time variable: te, 1 to 2
         Delta: 1 unit
(0 observations deleted)
(2,099 observations deleted)
(25 observations created)

Panel variable: usuario_id (strongly balanced)
 Time variable: te, 1 to 2
         Delta: 1 unit
(0 observations deleted)
(2,099 observations deleted)
(25 observations created)

Panel variable: usuario_id (strongly balanced)
 Time variable: te, 1 to 2
         Delta: 1 unit
(0 observations deleted)
(2,099 observations deleted)
(25 observations created)

Panel variable: usuario_id (strongly balanced)
 Time variable: te, 1 to 2
         Delta: 1 unit
(0 observations deleted)
(2,099 observations deleted)
(25 observations created)

Panel variable: usuario_id (strongly balanced)
 Time variable: te, 1 to 2
         Delta: 1 unit
(0 observations deleted)
(2,099 observations deleted)
(25 observations created)

Panel variable: usuario_id (strongly balanced)
 Time variable: te, 1 to 2
         Delta: 1 unit
(0 observations deleted)
(2,099 observations deleted)
(25 observations created)

Panel variable: usuario_id (strongly balanced)
 Time variable: te, 1 to 2
         Delta: 1 unit
(0 observations deleted)
(2,099 observations deleted)
(25 observations created)

Panel variable: usuario_id (strongly balanced)
 Time variable: te, 1 to 2
         Delta: 1 unit
(0 observations deleted)
(2,099 observations deleted)
(25 observations created)

Panel variable: usuario_id (strongly balanced)
 Time variable: te, 1 to 2
         Delta: 1 unit
(0 observations deleted)
(2,099 observations deleted)
(25 observations created)

Panel variable: usuario_id (strongly balanced)
 Time variable: te, 1 to 2
         Delta: 1 unit
(0 observations deleted)
(2,099 observations deleted)
(25 observations created)

Panel variable: usuario_id (strongly balanced)
 Time variable: te, 1 to 2
         Delta: 1 unit
(0 observations deleted)
(2,099 observations deleted)
(25 observations created)

Panel variable: usuario_id (strongly balanced)
 Time variable: te, 1 to 2
         Delta: 1 unit
(0 observations deleted)
(2,099 observations deleted)
(25 observations created)

Panel variable: usuario_id (strongly balanced)
 Time variable: te, 1 to 2
         Delta: 1 unit
(0 observations deleted)
(2,099 observations deleted)
(25 observations created)

Panel variable: usuario_id (strongly balanced)
 Time variable: te, 1 to 2
         Delta: 1 unit
(0 observations deleted)
(2,099 observations deleted)
(25 observations created)

Panel variable: usuario_id (strongly balanced)
 Time variable: te, 1 to 2
         Delta: 1 unit
(0 observations deleted)
(2,099 observations deleted)
(25 observations created)

Panel variable: usuario_id (strongly balanced)
 Time variable: te, 1 to 2
         Delta: 1 unit
(0 observations deleted)
(2,099 observations deleted)
(25 observations created)

Panel variable: usuario_id (strongly balanced)
 Time variable: te, 1 to 2
         Delta: 1 unit
(0 observations deleted)
(2,099 observations deleted)
(25 observations created)

Panel variable: usuario_id (strongly balanced)
 Time variable: te, 1 to 2
         Delta: 1 unit
(0 observations deleted)
(2,096 observations deleted)
5259 5260 5262 5263 5264 5265 5266 5267 5268 5269 5270 5271 5272 5273 5274 5275
>  5277 5278 5279 5280 5281 5282 5283 5284 5285 5286 5287 5288
(2,096 observations deleted)
(28 observations created)

Panel variable: usuario_id (strongly balanced)
 Time variable: te, 1 to 2
         Delta: 1 unit
(0 observations deleted)
(2,096 observations deleted)
(28 observations created)

Panel variable: usuario_id (strongly balanced)
 Time variable: te, 1 to 2
         Delta: 1 unit
(0 observations deleted)
(2,096 observations deleted)
(28 observations created)

Panel variable: usuario_id (strongly balanced)
 Time variable: te, 1 to 2
         Delta: 1 unit
(0 observations deleted)
(2,096 observations deleted)
(28 observations created)

Panel variable: usuario_id (strongly balanced)
 Time variable: te, 1 to 2
         Delta: 1 unit
(0 observations deleted)
(2,096 observations deleted)
(28 observations created)

Panel variable: usuario_id (strongly balanced)
 Time variable: te, 1 to 2
         Delta: 1 unit
(0 observations deleted)
(2,096 observations deleted)
(28 observations created)

Panel variable: usuario_id (strongly balanced)
 Time variable: te, 1 to 2
         Delta: 1 unit
(0 observations deleted)
(2,096 observations deleted)
(28 observations created)

Panel variable: usuario_id (strongly balanced)
 Time variable: te, 1 to 2
         Delta: 1 unit
(0 observations deleted)
(2,096 observations deleted)
(28 observations created)

Panel variable: usuario_id (strongly balanced)
 Time variable: te, 1 to 2
         Delta: 1 unit
(0 observations deleted)
(2,096 observations deleted)
(28 observations created)

Panel variable: usuario_id (strongly balanced)
 Time variable: te, 1 to 2
         Delta: 1 unit
(0 observations deleted)
(2,096 observations deleted)
(28 observations created)

Panel variable: usuario_id (strongly balanced)
 Time variable: te, 1 to 2
         Delta: 1 unit
(0 observations deleted)
(2,096 observations deleted)
(28 observations created)

Panel variable: usuario_id (strongly balanced)
 Time variable: te, 1 to 2
         Delta: 1 unit
(0 observations deleted)
(2,096 observations deleted)
(28 observations created)

Panel variable: usuario_id (strongly balanced)
 Time variable: te, 1 to 2
         Delta: 1 unit
(0 observations deleted)
(2,096 observations deleted)
(28 observations created)

Panel variable: usuario_id (strongly balanced)
 Time variable: te, 1 to 2
         Delta: 1 unit
(0 observations deleted)
(2,096 observations deleted)
(28 observations created)

Panel variable: usuario_id (strongly balanced)
 Time variable: te, 1 to 2
         Delta: 1 unit
(0 observations deleted)
(2,096 observations deleted)
(28 observations created)

Panel variable: usuario_id (strongly balanced)
 Time variable: te, 1 to 2
         Delta: 1 unit
(0 observations deleted)
(2,096 observations deleted)
(28 observations created)

Panel variable: usuario_id (strongly balanced)
 Time variable: te, 1 to 2
         Delta: 1 unit
(0 observations deleted)
(2,096 observations deleted)
(28 observations created)

Panel variable: usuario_id (strongly balanced)
 Time variable: te, 1 to 2
         Delta: 1 unit
(0 observations deleted)
(2,096 observations deleted)
(28 observations created)

Panel variable: usuario_id (strongly balanced)
 Time variable: te, 1 to 2
         Delta: 1 unit
(0 observations deleted)
(2,096 observations deleted)
(28 observations created)

Panel variable: usuario_id (strongly balanced)
 Time variable: te, 1 to 2
         Delta: 1 unit
(0 observations deleted)
(2,096 observations deleted)
(28 observations created)

Panel variable: usuario_id (strongly balanced)
 Time variable: te, 1 to 2
         Delta: 1 unit
(0 observations deleted)
(2,096 observations deleted)
(28 observations created)

Panel variable: usuario_id (strongly balanced)
 Time variable: te, 1 to 2
         Delta: 1 unit
(0 observations deleted)
(2,096 observations deleted)
(28 observations created)

Panel variable: usuario_id (strongly balanced)
 Time variable: te, 1 to 2
         Delta: 1 unit
(0 observations deleted)
(2,096 observations deleted)
(28 observations created)

Panel variable: usuario_id (strongly balanced)
 Time variable: te, 1 to 2
         Delta: 1 unit
(0 observations deleted)
(2,096 observations deleted)
(28 observations created)

Panel variable: usuario_id (strongly balanced)
 Time variable: te, 1 to 2
         Delta: 1 unit
(0 observations deleted)
(2,096 observations deleted)
(28 observations created)

Panel variable: usuario_id (strongly balanced)
 Time variable: te, 1 to 2
         Delta: 1 unit
(0 observations deleted)
(2,096 observations deleted)
(28 observations created)

Panel variable: usuario_id (strongly balanced)
 Time variable: te, 1 to 2
         Delta: 1 unit
(0 observations deleted)
(2,096 observations deleted)
(28 observations created)

Panel variable: usuario_id (strongly balanced)
 Time variable: te, 1 to 2
         Delta: 1 unit
(0 observations deleted)
(2,096 observations deleted)
(28 observations created)

Panel variable: usuario_id (strongly balanced)
 Time variable: te, 1 to 2
         Delta: 1 unit
(0 observations deleted)
(2,100 observations deleted)
5289 5290 5291 5292 5293 5294 5295 5296 5297 5298 5301 5302 5303 5304 5305 5306
>  5307 5308 5309 5310 5311 5313 5314 5315
(2,100 observations deleted)
(24 observations created)

Panel variable: usuario_id (strongly balanced)
 Time variable: te, 1 to 2
         Delta: 1 unit
(0 observations deleted)
(2,100 observations deleted)
(24 observations created)

Panel variable: usuario_id (strongly balanced)
 Time variable: te, 1 to 2
         Delta: 1 unit
(0 observations deleted)
(2,100 observations deleted)
(24 observations created)

Panel variable: usuario_id (strongly balanced)
 Time variable: te, 1 to 2
         Delta: 1 unit
(0 observations deleted)
(2,100 observations deleted)
(24 observations created)

Panel variable: usuario_id (strongly balanced)
 Time variable: te, 1 to 2
         Delta: 1 unit
(0 observations deleted)
(2,100 observations deleted)
(24 observations created)

Panel variable: usuario_id (strongly balanced)
 Time variable: te, 1 to 2
         Delta: 1 unit
(0 observations deleted)
(2,100 observations deleted)
(24 observations created)

Panel variable: usuario_id (strongly balanced)
 Time variable: te, 1 to 2
         Delta: 1 unit
(0 observations deleted)
(2,100 observations deleted)
(24 observations created)

Panel variable: usuario_id (strongly balanced)
 Time variable: te, 1 to 2
         Delta: 1 unit
(0 observations deleted)
(2,100 observations deleted)
(24 observations created)

Panel variable: usuario_id (strongly balanced)
 Time variable: te, 1 to 2
         Delta: 1 unit
(0 observations deleted)
(2,100 observations deleted)
(24 observations created)

Panel variable: usuario_id (strongly balanced)
 Time variable: te, 1 to 2
         Delta: 1 unit
(0 observations deleted)
(2,100 observations deleted)
(24 observations created)

Panel variable: usuario_id (strongly balanced)
 Time variable: te, 1 to 2
         Delta: 1 unit
(0 observations deleted)
(2,100 observations deleted)
(24 observations created)

Panel variable: usuario_id (strongly balanced)
 Time variable: te, 1 to 2
         Delta: 1 unit
(0 observations deleted)
(2,100 observations deleted)
(24 observations created)

Panel variable: usuario_id (strongly balanced)
 Time variable: te, 1 to 2
         Delta: 1 unit
(0 observations deleted)
(2,100 observations deleted)
(24 observations created)

Panel variable: usuario_id (strongly balanced)
 Time variable: te, 1 to 2
         Delta: 1 unit
(0 observations deleted)
(2,100 observations deleted)
(24 observations created)

Panel variable: usuario_id (strongly balanced)
 Time variable: te, 1 to 2
         Delta: 1 unit
(0 observations deleted)
(2,100 observations deleted)
(24 observations created)

Panel variable: usuario_id (strongly balanced)
 Time variable: te, 1 to 2
         Delta: 1 unit
(0 observations deleted)
(2,100 observations deleted)
(24 observations created)

Panel variable: usuario_id (strongly balanced)
 Time variable: te, 1 to 2
         Delta: 1 unit
(0 observations deleted)
(2,100 observations deleted)
(24 observations created)

Panel variable: usuario_id (strongly balanced)
 Time variable: te, 1 to 2
         Delta: 1 unit
(0 observations deleted)
(2,100 observations deleted)
(24 observations created)

Panel variable: usuario_id (strongly balanced)
 Time variable: te, 1 to 2
         Delta: 1 unit
(0 observations deleted)
(2,100 observations deleted)
(24 observations created)

Panel variable: usuario_id (strongly balanced)
 Time variable: te, 1 to 2
         Delta: 1 unit
(0 observations deleted)
(2,100 observations deleted)
(24 observations created)

Panel variable: usuario_id (strongly balanced)
 Time variable: te, 1 to 2
         Delta: 1 unit
(0 observations deleted)
(2,100 observations deleted)
(24 observations created)

Panel variable: usuario_id (strongly balanced)
 Time variable: te, 1 to 2
         Delta: 1 unit
(0 observations deleted)
(2,100 observations deleted)
(24 observations created)

Panel variable: usuario_id (strongly balanced)
 Time variable: te, 1 to 2
         Delta: 1 unit
(0 observations deleted)
(2,100 observations deleted)
(24 observations created)

Panel variable: usuario_id (strongly balanced)
 Time variable: te, 1 to 2
         Delta: 1 unit
(0 observations deleted)
(2,100 observations deleted)
(24 observations created)

Panel variable: usuario_id (strongly balanced)
 Time variable: te, 1 to 2
         Delta: 1 unit
(0 observations deleted)
(2,096 observations deleted)
5316 5317 5318 5320 5321 5322 5323 5324 5325 5326 5327 5328 5329 5330 5331 5332
>  5333 5334 5335 5336 5337 5338 5339 5340 5341 5342 5343 5344
(2,096 observations deleted)
(28 observations created)

Panel variable: usuario_id (strongly balanced)
 Time variable: te, 1 to 2
         Delta: 1 unit
(0 observations deleted)
(2,096 observations deleted)
(28 observations created)

Panel variable: usuario_id (strongly balanced)
 Time variable: te, 1 to 2
         Delta: 1 unit
(0 observations deleted)
(2,096 observations deleted)
(28 observations created)

Panel variable: usuario_id (strongly balanced)
 Time variable: te, 1 to 2
         Delta: 1 unit
(0 observations deleted)
(2,096 observations deleted)
(28 observations created)

Panel variable: usuario_id (strongly balanced)
 Time variable: te, 1 to 2
         Delta: 1 unit
(0 observations deleted)
(2,096 observations deleted)
(28 observations created)

Panel variable: usuario_id (strongly balanced)
 Time variable: te, 1 to 2
         Delta: 1 unit
(0 observations deleted)
(2,096 observations deleted)
(28 observations created)

Panel variable: usuario_id (strongly balanced)
 Time variable: te, 1 to 2
         Delta: 1 unit
(0 observations deleted)
(2,096 observations deleted)
(28 observations created)

Panel variable: usuario_id (strongly balanced)
 Time variable: te, 1 to 2
         Delta: 1 unit
(0 observations deleted)
(2,096 observations deleted)
(28 observations created)

Panel variable: usuario_id (strongly balanced)
 Time variable: te, 1 to 2
         Delta: 1 unit
(0 observations deleted)
(2,096 observations deleted)
(28 observations created)

Panel variable: usuario_id (strongly balanced)
 Time variable: te, 1 to 2
         Delta: 1 unit
(0 observations deleted)
(2,096 observations deleted)
(28 observations created)

Panel variable: usuario_id (strongly balanced)
 Time variable: te, 1 to 2
         Delta: 1 unit
(0 observations deleted)
(2,096 observations deleted)
(28 observations created)

Panel variable: usuario_id (strongly balanced)
 Time variable: te, 1 to 2
         Delta: 1 unit
(0 observations deleted)
(2,096 observations deleted)
(28 observations created)

Panel variable: usuario_id (strongly balanced)
 Time variable: te, 1 to 2
         Delta: 1 unit
(0 observations deleted)
(2,096 observations deleted)
(28 observations created)

Panel variable: usuario_id (strongly balanced)
 Time variable: te, 1 to 2
         Delta: 1 unit
(0 observations deleted)
(2,096 observations deleted)
(28 observations created)

Panel variable: usuario_id (strongly balanced)
 Time variable: te, 1 to 2
         Delta: 1 unit
(0 observations deleted)
(2,096 observations deleted)
(28 observations created)

Panel variable: usuario_id (strongly balanced)
 Time variable: te, 1 to 2
         Delta: 1 unit
(0 observations deleted)
(2,096 observations deleted)
(28 observations created)

Panel variable: usuario_id (strongly balanced)
 Time variable: te, 1 to 2
         Delta: 1 unit
(0 observations deleted)
(2,096 observations deleted)
(28 observations created)

Panel variable: usuario_id (strongly balanced)
 Time variable: te, 1 to 2
         Delta: 1 unit
(0 observations deleted)
(2,096 observations deleted)
(28 observations created)

Panel variable: usuario_id (strongly balanced)
 Time variable: te, 1 to 2
         Delta: 1 unit
(0 observations deleted)
(2,096 observations deleted)
(28 observations created)

Panel variable: usuario_id (strongly balanced)
 Time variable: te, 1 to 2
         Delta: 1 unit
(0 observations deleted)
(2,096 observations deleted)
(28 observations created)

Panel variable: usuario_id (strongly balanced)
 Time variable: te, 1 to 2
         Delta: 1 unit
(0 observations deleted)
(2,096 observations deleted)
(28 observations created)

Panel variable: usuario_id (strongly balanced)
 Time variable: te, 1 to 2
         Delta: 1 unit
(0 observations deleted)
(2,096 observations deleted)
(28 observations created)

Panel variable: usuario_id (strongly balanced)
 Time variable: te, 1 to 2
         Delta: 1 unit
(0 observations deleted)
(2,096 observations deleted)
(28 observations created)

Panel variable: usuario_id (strongly balanced)
 Time variable: te, 1 to 2
         Delta: 1 unit
(0 observations deleted)
(2,096 observations deleted)
(28 observations created)

Panel variable: usuario_id (strongly balanced)
 Time variable: te, 1 to 2
         Delta: 1 unit
(0 observations deleted)
(2,096 observations deleted)
(28 observations created)

Panel variable: usuario_id (strongly balanced)
 Time variable: te, 1 to 2
         Delta: 1 unit
(0 observations deleted)
(2,096 observations deleted)
(28 observations created)

Panel variable: usuario_id (strongly balanced)
 Time variable: te, 1 to 2
         Delta: 1 unit
(0 observations deleted)
(2,096 observations deleted)
(28 observations created)

Panel variable: usuario_id (strongly balanced)
 Time variable: te, 1 to 2
         Delta: 1 unit
(0 observations deleted)
(2,096 observations deleted)
(28 observations created)

Panel variable: usuario_id (strongly balanced)
 Time variable: te, 1 to 2
         Delta: 1 unit
(0 observations deleted)
(2,100 observations deleted)
5346 5347 5348 5349 5352 5353 5354 5355 5356 5357 5358 5359 5360 5361 5362 5363
>  5364 5365 5366 5367 5368 5369 5370 5371
(2,100 observations deleted)
(24 observations created)

Panel variable: usuario_id (strongly balanced)
 Time variable: te, 1 to 2
         Delta: 1 unit
(0 observations deleted)
(2,100 observations deleted)
(24 observations created)

Panel variable: usuario_id (strongly balanced)
 Time variable: te, 1 to 2
         Delta: 1 unit
(0 observations deleted)
(2,100 observations deleted)
(24 observations created)

Panel variable: usuario_id (strongly balanced)
 Time variable: te, 1 to 2
         Delta: 1 unit
(0 observations deleted)
(2,100 observations deleted)
(24 observations created)

Panel variable: usuario_id (strongly balanced)
 Time variable: te, 1 to 2
         Delta: 1 unit
(0 observations deleted)
(2,100 observations deleted)
(24 observations created)

Panel variable: usuario_id (strongly balanced)
 Time variable: te, 1 to 2
         Delta: 1 unit
(0 observations deleted)
(2,100 observations deleted)
(24 observations created)

Panel variable: usuario_id (strongly balanced)
 Time variable: te, 1 to 2
         Delta: 1 unit
(0 observations deleted)
(2,100 observations deleted)
(24 observations created)

Panel variable: usuario_id (strongly balanced)
 Time variable: te, 1 to 2
         Delta: 1 unit
(0 observations deleted)
(2,100 observations deleted)
(24 observations created)

Panel variable: usuario_id (strongly balanced)
 Time variable: te, 1 to 2
         Delta: 1 unit
(0 observations deleted)
(2,100 observations deleted)
(24 observations created)

Panel variable: usuario_id (strongly balanced)
 Time variable: te, 1 to 2
         Delta: 1 unit
(0 observations deleted)
(2,100 observations deleted)
(24 observations created)

Panel variable: usuario_id (strongly balanced)
 Time variable: te, 1 to 2
         Delta: 1 unit
(0 observations deleted)
(2,100 observations deleted)
(24 observations created)

Panel variable: usuario_id (strongly balanced)
 Time variable: te, 1 to 2
         Delta: 1 unit
(0 observations deleted)
(2,100 observations deleted)
(24 observations created)

Panel variable: usuario_id (strongly balanced)
 Time variable: te, 1 to 2
         Delta: 1 unit
(0 observations deleted)
(2,100 observations deleted)
(24 observations created)

Panel variable: usuario_id (strongly balanced)
 Time variable: te, 1 to 2
         Delta: 1 unit
(0 observations deleted)
(2,100 observations deleted)
(24 observations created)

Panel variable: usuario_id (strongly balanced)
 Time variable: te, 1 to 2
         Delta: 1 unit
(0 observations deleted)
(2,100 observations deleted)
(24 observations created)

Panel variable: usuario_id (strongly balanced)
 Time variable: te, 1 to 2
         Delta: 1 unit
(0 observations deleted)
(2,100 observations deleted)
(24 observations created)

Panel variable: usuario_id (strongly balanced)
 Time variable: te, 1 to 2
         Delta: 1 unit
(0 observations deleted)
(2,100 observations deleted)
(24 observations created)

Panel variable: usuario_id (strongly balanced)
 Time variable: te, 1 to 2
         Delta: 1 unit
(0 observations deleted)
(2,100 observations deleted)
(24 observations created)

Panel variable: usuario_id (strongly balanced)
 Time variable: te, 1 to 2
         Delta: 1 unit
(0 observations deleted)
(2,100 observations deleted)
(24 observations created)

Panel variable: usuario_id (strongly balanced)
 Time variable: te, 1 to 2
         Delta: 1 unit
(0 observations deleted)
(2,100 observations deleted)
(24 observations created)

Panel variable: usuario_id (strongly balanced)
 Time variable: te, 1 to 2
         Delta: 1 unit
(0 observations deleted)
(2,100 observations deleted)
(24 observations created)

Panel variable: usuario_id (strongly balanced)
 Time variable: te, 1 to 2
         Delta: 1 unit
(0 observations deleted)
(2,100 observations deleted)
(24 observations created)

Panel variable: usuario_id (strongly balanced)
 Time variable: te, 1 to 2
         Delta: 1 unit
(0 observations deleted)
(2,100 observations deleted)
(24 observations created)

Panel variable: usuario_id (strongly balanced)
 Time variable: te, 1 to 2
         Delta: 1 unit
(0 observations deleted)
(2,100 observations deleted)
(24 observations created)

Panel variable: usuario_id (strongly balanced)
 Time variable: te, 1 to 2
         Delta: 1 unit
(0 observations deleted)
(2,099 observations deleted)
5372 5373 5374 5376 5377 5378 5379 5380 5381 5382 5383 5385 5386 5387 5388 5389
>  5390 5391 5392 5393 5394 5395 5396 5397 5399
(2,099 observations deleted)
(25 observations created)

Panel variable: usuario_id (strongly balanced)
 Time variable: te, 1 to 2
         Delta: 1 unit
(0 observations deleted)
(2,099 observations deleted)
(25 observations created)

Panel variable: usuario_id (strongly balanced)
 Time variable: te, 1 to 2
         Delta: 1 unit
(0 observations deleted)
(2,099 observations deleted)
(25 observations created)

Panel variable: usuario_id (strongly balanced)
 Time variable: te, 1 to 2
         Delta: 1 unit
(0 observations deleted)
(2,099 observations deleted)
(25 observations created)

Panel variable: usuario_id (strongly balanced)
 Time variable: te, 1 to 2
         Delta: 1 unit
(0 observations deleted)
(2,099 observations deleted)
(25 observations created)

Panel variable: usuario_id (strongly balanced)
 Time variable: te, 1 to 2
         Delta: 1 unit
(0 observations deleted)
(2,099 observations deleted)
(25 observations created)

Panel variable: usuario_id (strongly balanced)
 Time variable: te, 1 to 2
         Delta: 1 unit
(0 observations deleted)
(2,099 observations deleted)
(25 observations created)

Panel variable: usuario_id (strongly balanced)
 Time variable: te, 1 to 2
         Delta: 1 unit
(0 observations deleted)
(2,099 observations deleted)
(25 observations created)

Panel variable: usuario_id (strongly balanced)
 Time variable: te, 1 to 2
         Delta: 1 unit
(0 observations deleted)
(2,099 observations deleted)
(25 observations created)

Panel variable: usuario_id (strongly balanced)
 Time variable: te, 1 to 2
         Delta: 1 unit
(0 observations deleted)
(2,099 observations deleted)
(25 observations created)

Panel variable: usuario_id (strongly balanced)
 Time variable: te, 1 to 2
         Delta: 1 unit
(0 observations deleted)
(2,099 observations deleted)
(25 observations created)

Panel variable: usuario_id (strongly balanced)
 Time variable: te, 1 to 2
         Delta: 1 unit
(0 observations deleted)
(2,099 observations deleted)
(25 observations created)

Panel variable: usuario_id (strongly balanced)
 Time variable: te, 1 to 2
         Delta: 1 unit
(0 observations deleted)
(2,099 observations deleted)
(25 observations created)

Panel variable: usuario_id (strongly balanced)
 Time variable: te, 1 to 2
         Delta: 1 unit
(0 observations deleted)
(2,099 observations deleted)
(25 observations created)

Panel variable: usuario_id (strongly balanced)
 Time variable: te, 1 to 2
         Delta: 1 unit
(0 observations deleted)
(2,099 observations deleted)
(25 observations created)

Panel variable: usuario_id (strongly balanced)
 Time variable: te, 1 to 2
         Delta: 1 unit
(0 observations deleted)
(2,099 observations deleted)
(25 observations created)

Panel variable: usuario_id (strongly balanced)
 Time variable: te, 1 to 2
         Delta: 1 unit
(0 observations deleted)
(2,099 observations deleted)
(25 observations created)

Panel variable: usuario_id (strongly balanced)
 Time variable: te, 1 to 2
         Delta: 1 unit
(0 observations deleted)
(2,099 observations deleted)
(25 observations created)

Panel variable: usuario_id (strongly balanced)
 Time variable: te, 1 to 2
         Delta: 1 unit
(0 observations deleted)
(2,099 observations deleted)
(25 observations created)

Panel variable: usuario_id (strongly balanced)
 Time variable: te, 1 to 2
         Delta: 1 unit
(0 observations deleted)
(2,099 observations deleted)
(25 observations created)

Panel variable: usuario_id (strongly balanced)
 Time variable: te, 1 to 2
         Delta: 1 unit
(0 observations deleted)
(2,099 observations deleted)
(25 observations created)

Panel variable: usuario_id (strongly balanced)
 Time variable: te, 1 to 2
         Delta: 1 unit
(0 observations deleted)
(2,099 observations deleted)
(25 observations created)

Panel variable: usuario_id (strongly balanced)
 Time variable: te, 1 to 2
         Delta: 1 unit
(0 observations deleted)
(2,099 observations deleted)
(25 observations created)

Panel variable: usuario_id (strongly balanced)
 Time variable: te, 1 to 2
         Delta: 1 unit
(0 observations deleted)
(2,099 observations deleted)
(25 observations created)

Panel variable: usuario_id (strongly balanced)
 Time variable: te, 1 to 2
         Delta: 1 unit
(0 observations deleted)
(2,099 observations deleted)
(25 observations created)

Panel variable: usuario_id (strongly balanced)
 Time variable: te, 1 to 2
         Delta: 1 unit
(0 observations deleted)
(2,099 observations deleted)
5401 5402 5403 5404 5405 5406 5407 5408 5409 5410 5411 5412 5413 5414 5415 5416
>  5417 5418 5419 5421 5422 5423 5426 5428 5429
(2,099 observations deleted)
(25 observations created)

Panel variable: usuario_id (strongly balanced)
 Time variable: te, 1 to 2
         Delta: 1 unit
(0 observations deleted)
(2,099 observations deleted)
(25 observations created)

Panel variable: usuario_id (strongly balanced)
 Time variable: te, 1 to 2
         Delta: 1 unit
(0 observations deleted)
(2,099 observations deleted)
(25 observations created)

Panel variable: usuario_id (strongly balanced)
 Time variable: te, 1 to 2
         Delta: 1 unit
(0 observations deleted)
(2,099 observations deleted)
(25 observations created)

Panel variable: usuario_id (strongly balanced)
 Time variable: te, 1 to 2
         Delta: 1 unit
(0 observations deleted)
(2,099 observations deleted)
(25 observations created)

Panel variable: usuario_id (strongly balanced)
 Time variable: te, 1 to 2
         Delta: 1 unit
(0 observations deleted)
(2,099 observations deleted)
(25 observations created)

Panel variable: usuario_id (strongly balanced)
 Time variable: te, 1 to 2
         Delta: 1 unit
(0 observations deleted)
(2,099 observations deleted)
(25 observations created)

Panel variable: usuario_id (strongly balanced)
 Time variable: te, 1 to 2
         Delta: 1 unit
(0 observations deleted)
(2,099 observations deleted)
(25 observations created)

Panel variable: usuario_id (strongly balanced)
 Time variable: te, 1 to 2
         Delta: 1 unit
(0 observations deleted)
(2,099 observations deleted)
(25 observations created)

Panel variable: usuario_id (strongly balanced)
 Time variable: te, 1 to 2
         Delta: 1 unit
(0 observations deleted)
(2,099 observations deleted)
(25 observations created)

Panel variable: usuario_id (strongly balanced)
 Time variable: te, 1 to 2
         Delta: 1 unit
(0 observations deleted)
(2,099 observations deleted)
(25 observations created)

Panel variable: usuario_id (strongly balanced)
 Time variable: te, 1 to 2
         Delta: 1 unit
(0 observations deleted)
(2,099 observations deleted)
(25 observations created)

Panel variable: usuario_id (strongly balanced)
 Time variable: te, 1 to 2
         Delta: 1 unit
(0 observations deleted)
(2,099 observations deleted)
(25 observations created)

Panel variable: usuario_id (strongly balanced)
 Time variable: te, 1 to 2
         Delta: 1 unit
(0 observations deleted)
(2,099 observations deleted)
(25 observations created)

Panel variable: usuario_id (strongly balanced)
 Time variable: te, 1 to 2
         Delta: 1 unit
(0 observations deleted)
(2,099 observations deleted)
(25 observations created)

Panel variable: usuario_id (strongly balanced)
 Time variable: te, 1 to 2
         Delta: 1 unit
(0 observations deleted)
(2,099 observations deleted)
(25 observations created)

Panel variable: usuario_id (strongly balanced)
 Time variable: te, 1 to 2
         Delta: 1 unit
(0 observations deleted)
(2,099 observations deleted)
(25 observations created)

Panel variable: usuario_id (strongly balanced)
 Time variable: te, 1 to 2
         Delta: 1 unit
(0 observations deleted)
(2,099 observations deleted)
(25 observations created)

Panel variable: usuario_id (strongly balanced)
 Time variable: te, 1 to 2
         Delta: 1 unit
(0 observations deleted)
(2,099 observations deleted)
(25 observations created)

Panel variable: usuario_id (strongly balanced)
 Time variable: te, 1 to 2
         Delta: 1 unit
(0 observations deleted)
(2,099 observations deleted)
(25 observations created)

Panel variable: usuario_id (strongly balanced)
 Time variable: te, 1 to 2
         Delta: 1 unit
(0 observations deleted)
(2,099 observations deleted)
(25 observations created)

Panel variable: usuario_id (strongly balanced)
 Time variable: te, 1 to 2
         Delta: 1 unit
(0 observations deleted)
(2,099 observations deleted)
(25 observations created)

Panel variable: usuario_id (strongly balanced)
 Time variable: te, 1 to 2
         Delta: 1 unit
(0 observations deleted)
(2,099 observations deleted)
(25 observations created)

Panel variable: usuario_id (strongly balanced)
 Time variable: te, 1 to 2
         Delta: 1 unit
(0 observations deleted)
(2,099 observations deleted)
(25 observations created)

Panel variable: usuario_id (strongly balanced)
 Time variable: te, 1 to 2
         Delta: 1 unit
(0 observations deleted)
(2,099 observations deleted)
(25 observations created)

Panel variable: usuario_id (strongly balanced)
 Time variable: te, 1 to 2
         Delta: 1 unit
(0 observations deleted)
(2,095 observations deleted)
5430 5431 5432 5434 5435 5436 5437 5438 5439 5440 5441 5442 5443 5444 5445 5446
>  5447 5448 5449 5450 5451 5452 5453 5454 5455 5456 5457 5458 5459
(2,095 observations deleted)
(29 observations created)

Panel variable: usuario_id (strongly balanced)
 Time variable: te, 1 to 2
         Delta: 1 unit
(0 observations deleted)
(2,095 observations deleted)
(29 observations created)

Panel variable: usuario_id (strongly balanced)
 Time variable: te, 1 to 2
         Delta: 1 unit
(0 observations deleted)
(2,095 observations deleted)
(29 observations created)

Panel variable: usuario_id (strongly balanced)
 Time variable: te, 1 to 2
         Delta: 1 unit
(0 observations deleted)
(2,095 observations deleted)
(29 observations created)

Panel variable: usuario_id (strongly balanced)
 Time variable: te, 1 to 2
         Delta: 1 unit
(0 observations deleted)
(2,095 observations deleted)
(29 observations created)

Panel variable: usuario_id (strongly balanced)
 Time variable: te, 1 to 2
         Delta: 1 unit
(0 observations deleted)
(2,095 observations deleted)
(29 observations created)

Panel variable: usuario_id (strongly balanced)
 Time variable: te, 1 to 2
         Delta: 1 unit
(0 observations deleted)
(2,095 observations deleted)
(29 observations created)

Panel variable: usuario_id (strongly balanced)
 Time variable: te, 1 to 2
         Delta: 1 unit
(0 observations deleted)
(2,095 observations deleted)
(29 observations created)

Panel variable: usuario_id (strongly balanced)
 Time variable: te, 1 to 2
         Delta: 1 unit
(0 observations deleted)
(2,095 observations deleted)
(29 observations created)

Panel variable: usuario_id (strongly balanced)
 Time variable: te, 1 to 2
         Delta: 1 unit
(0 observations deleted)
(2,095 observations deleted)
(29 observations created)

Panel variable: usuario_id (strongly balanced)
 Time variable: te, 1 to 2
         Delta: 1 unit
(0 observations deleted)
(2,095 observations deleted)
(29 observations created)

Panel variable: usuario_id (strongly balanced)
 Time variable: te, 1 to 2
         Delta: 1 unit
(0 observations deleted)
(2,095 observations deleted)
(29 observations created)

Panel variable: usuario_id (strongly balanced)
 Time variable: te, 1 to 2
         Delta: 1 unit
(0 observations deleted)
(2,095 observations deleted)
(29 observations created)

Panel variable: usuario_id (strongly balanced)
 Time variable: te, 1 to 2
         Delta: 1 unit
(0 observations deleted)
(2,095 observations deleted)
(29 observations created)

Panel variable: usuario_id (strongly balanced)
 Time variable: te, 1 to 2
         Delta: 1 unit
(0 observations deleted)
(2,095 observations deleted)
(29 observations created)

Panel variable: usuario_id (strongly balanced)
 Time variable: te, 1 to 2
         Delta: 1 unit
(0 observations deleted)
(2,095 observations deleted)
(29 observations created)

Panel variable: usuario_id (strongly balanced)
 Time variable: te, 1 to 2
         Delta: 1 unit
(0 observations deleted)
(2,095 observations deleted)
(29 observations created)

Panel variable: usuario_id (strongly balanced)
 Time variable: te, 1 to 2
         Delta: 1 unit
(0 observations deleted)
(2,095 observations deleted)
(29 observations created)

Panel variable: usuario_id (strongly balanced)
 Time variable: te, 1 to 2
         Delta: 1 unit
(0 observations deleted)
(2,095 observations deleted)
(29 observations created)

Panel variable: usuario_id (strongly balanced)
 Time variable: te, 1 to 2
         Delta: 1 unit
(0 observations deleted)
(2,095 observations deleted)
(29 observations created)

Panel variable: usuario_id (strongly balanced)
 Time variable: te, 1 to 2
         Delta: 1 unit
(0 observations deleted)
(2,095 observations deleted)
(29 observations created)

Panel variable: usuario_id (strongly balanced)
 Time variable: te, 1 to 2
         Delta: 1 unit
(0 observations deleted)
(2,095 observations deleted)
(29 observations created)

Panel variable: usuario_id (strongly balanced)
 Time variable: te, 1 to 2
         Delta: 1 unit
(0 observations deleted)
(2,095 observations deleted)
(29 observations created)

Panel variable: usuario_id (strongly balanced)
 Time variable: te, 1 to 2
         Delta: 1 unit
(0 observations deleted)
(2,095 observations deleted)
(29 observations created)

Panel variable: usuario_id (strongly balanced)
 Time variable: te, 1 to 2
         Delta: 1 unit
(0 observations deleted)
(2,095 observations deleted)
(29 observations created)

Panel variable: usuario_id (strongly balanced)
 Time variable: te, 1 to 2
         Delta: 1 unit
(0 observations deleted)
(2,095 observations deleted)
(29 observations created)

Panel variable: usuario_id (strongly balanced)
 Time variable: te, 1 to 2
         Delta: 1 unit
(0 observations deleted)
(2,095 observations deleted)
(29 observations created)

Panel variable: usuario_id (strongly balanced)
 Time variable: te, 1 to 2
         Delta: 1 unit
(0 observations deleted)
(2,095 observations deleted)
(29 observations created)

Panel variable: usuario_id (strongly balanced)
 Time variable: te, 1 to 2
         Delta: 1 unit
(0 observations deleted)
(2,095 observations deleted)
(29 observations created)

Panel variable: usuario_id (strongly balanced)
 Time variable: te, 1 to 2
         Delta: 1 unit
(0 observations deleted)
(2,096 observations deleted)
5460 5461 5462 5463 5464 5465 5466 5467 5468 5469 5470 5471 5472 5473 5474 5475
>  5476 5477 5478 5479 5480 5481 5482 5483 5484 5485 5486 5487
(2,096 observations deleted)
(28 observations created)

Panel variable: usuario_id (strongly balanced)
 Time variable: te, 1 to 2
         Delta: 1 unit
(0 observations deleted)
(2,096 observations deleted)
(28 observations created)

Panel variable: usuario_id (strongly balanced)
 Time variable: te, 1 to 2
         Delta: 1 unit
(0 observations deleted)
(2,096 observations deleted)
(28 observations created)

Panel variable: usuario_id (strongly balanced)
 Time variable: te, 1 to 2
         Delta: 1 unit
(0 observations deleted)
(2,096 observations deleted)
(28 observations created)

Panel variable: usuario_id (strongly balanced)
 Time variable: te, 1 to 2
         Delta: 1 unit
(0 observations deleted)
(2,096 observations deleted)
(28 observations created)

Panel variable: usuario_id (strongly balanced)
 Time variable: te, 1 to 2
         Delta: 1 unit
(0 observations deleted)
(2,096 observations deleted)
(28 observations created)

Panel variable: usuario_id (strongly balanced)
 Time variable: te, 1 to 2
         Delta: 1 unit
(0 observations deleted)
(2,096 observations deleted)
(28 observations created)

Panel variable: usuario_id (strongly balanced)
 Time variable: te, 1 to 2
         Delta: 1 unit
(0 observations deleted)
(2,096 observations deleted)
(28 observations created)

Panel variable: usuario_id (strongly balanced)
 Time variable: te, 1 to 2
         Delta: 1 unit
(0 observations deleted)
(2,096 observations deleted)
(28 observations created)

Panel variable: usuario_id (strongly balanced)
 Time variable: te, 1 to 2
         Delta: 1 unit
(0 observations deleted)
(2,096 observations deleted)
(28 observations created)

Panel variable: usuario_id (strongly balanced)
 Time variable: te, 1 to 2
         Delta: 1 unit
(0 observations deleted)
(2,096 observations deleted)
(28 observations created)

Panel variable: usuario_id (strongly balanced)
 Time variable: te, 1 to 2
         Delta: 1 unit
(0 observations deleted)
(2,096 observations deleted)
(28 observations created)

Panel variable: usuario_id (strongly balanced)
 Time variable: te, 1 to 2
         Delta: 1 unit
(0 observations deleted)
(2,096 observations deleted)
(28 observations created)

Panel variable: usuario_id (strongly balanced)
 Time variable: te, 1 to 2
         Delta: 1 unit
(0 observations deleted)
(2,096 observations deleted)
(28 observations created)

Panel variable: usuario_id (strongly balanced)
 Time variable: te, 1 to 2
         Delta: 1 unit
(0 observations deleted)
(2,096 observations deleted)
(28 observations created)

Panel variable: usuario_id (strongly balanced)
 Time variable: te, 1 to 2
         Delta: 1 unit
(0 observations deleted)
(2,096 observations deleted)
(28 observations created)

Panel variable: usuario_id (strongly balanced)
 Time variable: te, 1 to 2
         Delta: 1 unit
(0 observations deleted)
(2,096 observations deleted)
(28 observations created)

Panel variable: usuario_id (strongly balanced)
 Time variable: te, 1 to 2
         Delta: 1 unit
(0 observations deleted)
(2,096 observations deleted)
(28 observations created)

Panel variable: usuario_id (strongly balanced)
 Time variable: te, 1 to 2
         Delta: 1 unit
(0 observations deleted)
(2,096 observations deleted)
(28 observations created)

Panel variable: usuario_id (strongly balanced)
 Time variable: te, 1 to 2
         Delta: 1 unit
(0 observations deleted)
(2,096 observations deleted)
(28 observations created)

Panel variable: usuario_id (strongly balanced)
 Time variable: te, 1 to 2
         Delta: 1 unit
(0 observations deleted)
(2,096 observations deleted)
(28 observations created)

Panel variable: usuario_id (strongly balanced)
 Time variable: te, 1 to 2
         Delta: 1 unit
(0 observations deleted)
(2,096 observations deleted)
(28 observations created)

Panel variable: usuario_id (strongly balanced)
 Time variable: te, 1 to 2
         Delta: 1 unit
(0 observations deleted)
(2,096 observations deleted)
(28 observations created)

Panel variable: usuario_id (strongly balanced)
 Time variable: te, 1 to 2
         Delta: 1 unit
(0 observations deleted)
(2,096 observations deleted)
(28 observations created)

Panel variable: usuario_id (strongly balanced)
 Time variable: te, 1 to 2
         Delta: 1 unit
(0 observations deleted)
(2,096 observations deleted)
(28 observations created)

Panel variable: usuario_id (strongly balanced)
 Time variable: te, 1 to 2
         Delta: 1 unit
(0 observations deleted)
(2,096 observations deleted)
(28 observations created)

Panel variable: usuario_id (strongly balanced)
 Time variable: te, 1 to 2
         Delta: 1 unit
(0 observations deleted)
(2,096 observations deleted)
(28 observations created)

Panel variable: usuario_id (strongly balanced)
 Time variable: te, 1 to 2
         Delta: 1 unit
(0 observations deleted)
(2,096 observations deleted)
(28 observations created)

Panel variable: usuario_id (strongly balanced)
 Time variable: te, 1 to 2
         Delta: 1 unit
(0 observations deleted)
(2,100 observations deleted)
5488 5489 5490 5491 5492 5493 5494 5495 5496 5497 5498 5499 5500 5501 5503 5504
>  5505 5506 5509 5511 5512 5513 5514 5515
(2,100 observations deleted)
(24 observations created)

Panel variable: usuario_id (strongly balanced)
 Time variable: te, 1 to 2
         Delta: 1 unit
(0 observations deleted)
(2,100 observations deleted)
(24 observations created)

Panel variable: usuario_id (strongly balanced)
 Time variable: te, 1 to 2
         Delta: 1 unit
(0 observations deleted)
(2,100 observations deleted)
(24 observations created)

Panel variable: usuario_id (strongly balanced)
 Time variable: te, 1 to 2
         Delta: 1 unit
(0 observations deleted)
(2,100 observations deleted)
(24 observations created)

Panel variable: usuario_id (strongly balanced)
 Time variable: te, 1 to 2
         Delta: 1 unit
(0 observations deleted)
(2,100 observations deleted)
(24 observations created)

Panel variable: usuario_id (strongly balanced)
 Time variable: te, 1 to 2
         Delta: 1 unit
(0 observations deleted)
(2,100 observations deleted)
(24 observations created)

Panel variable: usuario_id (strongly balanced)
 Time variable: te, 1 to 2
         Delta: 1 unit
(0 observations deleted)
(2,100 observations deleted)
(24 observations created)

Panel variable: usuario_id (strongly balanced)
 Time variable: te, 1 to 2
         Delta: 1 unit
(0 observations deleted)
(2,100 observations deleted)
(24 observations created)

Panel variable: usuario_id (strongly balanced)
 Time variable: te, 1 to 2
         Delta: 1 unit
(0 observations deleted)
(2,100 observations deleted)
(24 observations created)

Panel variable: usuario_id (strongly balanced)
 Time variable: te, 1 to 2
         Delta: 1 unit
(0 observations deleted)
(2,100 observations deleted)
(24 observations created)

Panel variable: usuario_id (strongly balanced)
 Time variable: te, 1 to 2
         Delta: 1 unit
(0 observations deleted)
(2,100 observations deleted)
(24 observations created)

Panel variable: usuario_id (strongly balanced)
 Time variable: te, 1 to 2
         Delta: 1 unit
(0 observations deleted)
(2,100 observations deleted)
(24 observations created)

Panel variable: usuario_id (strongly balanced)
 Time variable: te, 1 to 2
         Delta: 1 unit
(0 observations deleted)
(2,100 observations deleted)
(24 observations created)

Panel variable: usuario_id (strongly balanced)
 Time variable: te, 1 to 2
         Delta: 1 unit
(0 observations deleted)
(2,100 observations deleted)
(24 observations created)

Panel variable: usuario_id (strongly balanced)
 Time variable: te, 1 to 2
         Delta: 1 unit
(0 observations deleted)
(2,100 observations deleted)
(24 observations created)

Panel variable: usuario_id (strongly balanced)
 Time variable: te, 1 to 2
         Delta: 1 unit
(0 observations deleted)
(2,100 observations deleted)
(24 observations created)

Panel variable: usuario_id (strongly balanced)
 Time variable: te, 1 to 2
         Delta: 1 unit
(0 observations deleted)
(2,100 observations deleted)
(24 observations created)

Panel variable: usuario_id (strongly balanced)
 Time variable: te, 1 to 2
         Delta: 1 unit
(0 observations deleted)
(2,100 observations deleted)
(24 observations created)

Panel variable: usuario_id (strongly balanced)
 Time variable: te, 1 to 2
         Delta: 1 unit
(0 observations deleted)
(2,100 observations deleted)
(24 observations created)

Panel variable: usuario_id (strongly balanced)
 Time variable: te, 1 to 2
         Delta: 1 unit
(0 observations deleted)
(2,100 observations deleted)
(24 observations created)

Panel variable: usuario_id (strongly balanced)
 Time variable: te, 1 to 2
         Delta: 1 unit
(0 observations deleted)
(2,100 observations deleted)
(24 observations created)

Panel variable: usuario_id (strongly balanced)
 Time variable: te, 1 to 2
         Delta: 1 unit
(0 observations deleted)
(2,100 observations deleted)
(24 observations created)

Panel variable: usuario_id (strongly balanced)
 Time variable: te, 1 to 2
         Delta: 1 unit
(0 observations deleted)
(2,100 observations deleted)
(24 observations created)

Panel variable: usuario_id (strongly balanced)
 Time variable: te, 1 to 2
         Delta: 1 unit
(0 observations deleted)
(2,100 observations deleted)
(24 observations created)

Panel variable: usuario_id (strongly balanced)
 Time variable: te, 1 to 2
         Delta: 1 unit
(0 observations deleted)
(2,100 observations deleted)
5516 5517 5518 5519 5520 5521 5523 5524 5526 5527 5529 5530 5531 5532 5533 5534
>  5535 5536 5537 5538 5539 5540 5541 5542
(2,100 observations deleted)
(24 observations created)

Panel variable: usuario_id (strongly balanced)
 Time variable: te, 1 to 2
         Delta: 1 unit
(23 observations deleted)
(2,100 observations deleted)
(24 observations created)

Panel variable: usuario_id (strongly balanced)
 Time variable: te, 1 to 2
         Delta: 1 unit
(23 observations deleted)
(2,100 observations deleted)
(24 observations created)

Panel variable: usuario_id (strongly balanced)
 Time variable: te, 1 to 2
         Delta: 1 unit
(23 observations deleted)
(2,100 observations deleted)
(24 observations created)

Panel variable: usuario_id (strongly balanced)
 Time variable: te, 1 to 2
         Delta: 1 unit
(23 observations deleted)
(2,100 observations deleted)
(24 observations created)

Panel variable: usuario_id (strongly balanced)
 Time variable: te, 1 to 2
         Delta: 1 unit
(23 observations deleted)
(2,100 observations deleted)
(24 observations created)

Panel variable: usuario_id (strongly balanced)
 Time variable: te, 1 to 2
         Delta: 1 unit
(23 observations deleted)
(2,100 observations deleted)
(24 observations created)

Panel variable: usuario_id (strongly balanced)
 Time variable: te, 1 to 2
         Delta: 1 unit
(23 observations deleted)
(2,100 observations deleted)
(24 observations created)

Panel variable: usuario_id (strongly balanced)
 Time variable: te, 1 to 2
         Delta: 1 unit
(23 observations deleted)
(2,100 observations deleted)
(24 observations created)

Panel variable: usuario_id (strongly balanced)
 Time variable: te, 1 to 2
         Delta: 1 unit
(23 observations deleted)
(2,100 observations deleted)
(24 observations created)

Panel variable: usuario_id (strongly balanced)
 Time variable: te, 1 to 2
         Delta: 1 unit
(23 observations deleted)
(2,100 observations deleted)
(24 observations created)

Panel variable: usuario_id (strongly balanced)
 Time variable: te, 1 to 2
         Delta: 1 unit
(23 observations deleted)
(2,100 observations deleted)
(24 observations created)

Panel variable: usuario_id (strongly balanced)
 Time variable: te, 1 to 2
         Delta: 1 unit
(23 observations deleted)
(2,100 observations deleted)
(24 observations created)

Panel variable: usuario_id (strongly balanced)
 Time variable: te, 1 to 2
         Delta: 1 unit
(23 observations deleted)
(2,100 observations deleted)
(24 observations created)

Panel variable: usuario_id (strongly balanced)
 Time variable: te, 1 to 2
         Delta: 1 unit
(23 observations deleted)
(2,100 observations deleted)
(24 observations created)

Panel variable: usuario_id (strongly balanced)
 Time variable: te, 1 to 2
         Delta: 1 unit
(23 observations deleted)
(2,100 observations deleted)
(24 observations created)

Panel variable: usuario_id (strongly balanced)
 Time variable: te, 1 to 2
         Delta: 1 unit
(23 observations deleted)
(2,100 observations deleted)
(24 observations created)

Panel variable: usuario_id (strongly balanced)
 Time variable: te, 1 to 2
         Delta: 1 unit
(23 observations deleted)
(2,100 observations deleted)
(24 observations created)

Panel variable: usuario_id (strongly balanced)
 Time variable: te, 1 to 2
         Delta: 1 unit
(23 observations deleted)
(2,100 observations deleted)
(24 observations created)

Panel variable: usuario_id (strongly balanced)
 Time variable: te, 1 to 2
         Delta: 1 unit
(23 observations deleted)
(2,100 observations deleted)
(24 observations created)

Panel variable: usuario_id (strongly balanced)
 Time variable: te, 1 to 2
         Delta: 1 unit
(23 observations deleted)
(2,100 observations deleted)
(24 observations created)

Panel variable: usuario_id (strongly balanced)
 Time variable: te, 1 to 2
         Delta: 1 unit
(23 observations deleted)
(2,100 observations deleted)
(24 observations created)

Panel variable: usuario_id (strongly balanced)
 Time variable: te, 1 to 2
         Delta: 1 unit
(23 observations deleted)
(2,100 observations deleted)
(24 observations created)

Panel variable: usuario_id (strongly balanced)
 Time variable: te, 1 to 2
         Delta: 1 unit
(23 observations deleted)
(2,100 observations deleted)
(24 observations created)

Panel variable: usuario_id (strongly balanced)
 Time variable: te, 1 to 2
         Delta: 1 unit
(23 observations deleted)
(2,102 observations deleted)
5543 5544 5545 5546 5548 5550 5551 5552 5553 5554 5555 5556 5557 5559 5560 5562
>  5563 5564 5566 5567 5568 5569
(2,102 observations deleted)
(22 observations created)

Panel variable: usuario_id (strongly balanced)
 Time variable: te, 1 to 2
         Delta: 1 unit
(0 observations deleted)
(2,102 observations deleted)
(22 observations created)

Panel variable: usuario_id (strongly balanced)
 Time variable: te, 1 to 2
         Delta: 1 unit
(0 observations deleted)
(2,102 observations deleted)
(22 observations created)

Panel variable: usuario_id (strongly balanced)
 Time variable: te, 1 to 2
         Delta: 1 unit
(0 observations deleted)
(2,102 observations deleted)
(22 observations created)

Panel variable: usuario_id (strongly balanced)
 Time variable: te, 1 to 2
         Delta: 1 unit
(0 observations deleted)
(2,102 observations deleted)
(22 observations created)

Panel variable: usuario_id (strongly balanced)
 Time variable: te, 1 to 2
         Delta: 1 unit
(0 observations deleted)
(2,102 observations deleted)
(22 observations created)

Panel variable: usuario_id (strongly balanced)
 Time variable: te, 1 to 2
         Delta: 1 unit
(0 observations deleted)
(2,102 observations deleted)
(22 observations created)

Panel variable: usuario_id (strongly balanced)
 Time variable: te, 1 to 2
         Delta: 1 unit
(0 observations deleted)
(2,102 observations deleted)
(22 observations created)

Panel variable: usuario_id (strongly balanced)
 Time variable: te, 1 to 2
         Delta: 1 unit
(0 observations deleted)
(2,102 observations deleted)
(22 observations created)

Panel variable: usuario_id (strongly balanced)
 Time variable: te, 1 to 2
         Delta: 1 unit
(0 observations deleted)
(2,102 observations deleted)
(22 observations created)

Panel variable: usuario_id (strongly balanced)
 Time variable: te, 1 to 2
         Delta: 1 unit
(0 observations deleted)
(2,102 observations deleted)
(22 observations created)

Panel variable: usuario_id (strongly balanced)
 Time variable: te, 1 to 2
         Delta: 1 unit
(0 observations deleted)
(2,102 observations deleted)
(22 observations created)

Panel variable: usuario_id (strongly balanced)
 Time variable: te, 1 to 2
         Delta: 1 unit
(0 observations deleted)
(2,102 observations deleted)
(22 observations created)

Panel variable: usuario_id (strongly balanced)
 Time variable: te, 1 to 2
         Delta: 1 unit
(0 observations deleted)
(2,102 observations deleted)
(22 observations created)

Panel variable: usuario_id (strongly balanced)
 Time variable: te, 1 to 2
         Delta: 1 unit
(0 observations deleted)
(2,102 observations deleted)
(22 observations created)

Panel variable: usuario_id (strongly balanced)
 Time variable: te, 1 to 2
         Delta: 1 unit
(0 observations deleted)
(2,102 observations deleted)
(22 observations created)

Panel variable: usuario_id (strongly balanced)
 Time variable: te, 1 to 2
         Delta: 1 unit
(0 observations deleted)
(2,102 observations deleted)
(22 observations created)

Panel variable: usuario_id (strongly balanced)
 Time variable: te, 1 to 2
         Delta: 1 unit
(0 observations deleted)
(2,102 observations deleted)
(22 observations created)

Panel variable: usuario_id (strongly balanced)
 Time variable: te, 1 to 2
         Delta: 1 unit
(0 observations deleted)
(2,102 observations deleted)
(22 observations created)

Panel variable: usuario_id (strongly balanced)
 Time variable: te, 1 to 2
         Delta: 1 unit
(0 observations deleted)
(2,102 observations deleted)
(22 observations created)

Panel variable: usuario_id (strongly balanced)
 Time variable: te, 1 to 2
         Delta: 1 unit
(0 observations deleted)
(2,102 observations deleted)
(22 observations created)

Panel variable: usuario_id (strongly balanced)
 Time variable: te, 1 to 2
         Delta: 1 unit
(0 observations deleted)
(2,102 observations deleted)
(22 observations created)

Panel variable: usuario_id (strongly balanced)
 Time variable: te, 1 to 2
         Delta: 1 unit
(0 observations deleted)
(2,096 observations deleted)
5570 5571 5572 5573 5574 5575 5576 5577 5578 5579 5581 5582 5583 5584 5585 5586
>  5587 5588 5589 5590 5591 5592 5593 5594 5595 5596 5597 5599
(2,096 observations deleted)
(28 observations created)

Panel variable: usuario_id (strongly balanced)
 Time variable: te, 1 to 2
         Delta: 1 unit
(0 observations deleted)
(2,096 observations deleted)
(28 observations created)

Panel variable: usuario_id (strongly balanced)
 Time variable: te, 1 to 2
         Delta: 1 unit
(0 observations deleted)
(2,096 observations deleted)
(28 observations created)

Panel variable: usuario_id (strongly balanced)
 Time variable: te, 1 to 2
         Delta: 1 unit
(0 observations deleted)
(2,096 observations deleted)
(28 observations created)

Panel variable: usuario_id (strongly balanced)
 Time variable: te, 1 to 2
         Delta: 1 unit
(0 observations deleted)
(2,096 observations deleted)
(28 observations created)

Panel variable: usuario_id (strongly balanced)
 Time variable: te, 1 to 2
         Delta: 1 unit
(0 observations deleted)
(2,096 observations deleted)
(28 observations created)

Panel variable: usuario_id (strongly balanced)
 Time variable: te, 1 to 2
         Delta: 1 unit
(0 observations deleted)
(2,096 observations deleted)
(28 observations created)

Panel variable: usuario_id (strongly balanced)
 Time variable: te, 1 to 2
         Delta: 1 unit
(0 observations deleted)
(2,096 observations deleted)
(28 observations created)

Panel variable: usuario_id (strongly balanced)
 Time variable: te, 1 to 2
         Delta: 1 unit
(0 observations deleted)
(2,096 observations deleted)
(28 observations created)

Panel variable: usuario_id (strongly balanced)
 Time variable: te, 1 to 2
         Delta: 1 unit
(0 observations deleted)
(2,096 observations deleted)
(28 observations created)

Panel variable: usuario_id (strongly balanced)
 Time variable: te, 1 to 2
         Delta: 1 unit
(0 observations deleted)
(2,096 observations deleted)
(28 observations created)

Panel variable: usuario_id (strongly balanced)
 Time variable: te, 1 to 2
         Delta: 1 unit
(0 observations deleted)
(2,096 observations deleted)
(28 observations created)

Panel variable: usuario_id (strongly balanced)
 Time variable: te, 1 to 2
         Delta: 1 unit
(0 observations deleted)
(2,096 observations deleted)
(28 observations created)

Panel variable: usuario_id (strongly balanced)
 Time variable: te, 1 to 2
         Delta: 1 unit
(0 observations deleted)
(2,096 observations deleted)
(28 observations created)

Panel variable: usuario_id (strongly balanced)
 Time variable: te, 1 to 2
         Delta: 1 unit
(0 observations deleted)
(2,096 observations deleted)
(28 observations created)

Panel variable: usuario_id (strongly balanced)
 Time variable: te, 1 to 2
         Delta: 1 unit
(0 observations deleted)
(2,096 observations deleted)
(28 observations created)

Panel variable: usuario_id (strongly balanced)
 Time variable: te, 1 to 2
         Delta: 1 unit
(0 observations deleted)
(2,096 observations deleted)
(28 observations created)

Panel variable: usuario_id (strongly balanced)
 Time variable: te, 1 to 2
         Delta: 1 unit
(0 observations deleted)
(2,096 observations deleted)
(28 observations created)

Panel variable: usuario_id (strongly balanced)
 Time variable: te, 1 to 2
         Delta: 1 unit
(0 observations deleted)
(2,096 observations deleted)
(28 observations created)

Panel variable: usuario_id (strongly balanced)
 Time variable: te, 1 to 2
         Delta: 1 unit
(0 observations deleted)
(2,096 observations deleted)
(28 observations created)

Panel variable: usuario_id (strongly balanced)
 Time variable: te, 1 to 2
         Delta: 1 unit
(0 observations deleted)
(2,096 observations deleted)
(28 observations created)

Panel variable: usuario_id (strongly balanced)
 Time variable: te, 1 to 2
         Delta: 1 unit
(0 observations deleted)
(2,096 observations deleted)
(28 observations created)

Panel variable: usuario_id (strongly balanced)
 Time variable: te, 1 to 2
         Delta: 1 unit
(0 observations deleted)
(2,096 observations deleted)
(28 observations created)

Panel variable: usuario_id (strongly balanced)
 Time variable: te, 1 to 2
         Delta: 1 unit
(0 observations deleted)
(2,096 observations deleted)
(28 observations created)

Panel variable: usuario_id (strongly balanced)
 Time variable: te, 1 to 2
         Delta: 1 unit
(0 observations deleted)
(2,096 observations deleted)
(28 observations created)

Panel variable: usuario_id (strongly balanced)
 Time variable: te, 1 to 2
         Delta: 1 unit
(0 observations deleted)
(2,096 observations deleted)
(28 observations created)

Panel variable: usuario_id (strongly balanced)
 Time variable: te, 1 to 2
         Delta: 1 unit
(0 observations deleted)
(2,096 observations deleted)
(28 observations created)

Panel variable: usuario_id (strongly balanced)
 Time variable: te, 1 to 2
         Delta: 1 unit
(0 observations deleted)
(2,096 observations deleted)
(28 observations created)

Panel variable: usuario_id (strongly balanced)
 Time variable: te, 1 to 2
         Delta: 1 unit
(0 observations deleted)
(2,099 observations deleted)
3501 3502 3503 3504 3505 3507 3508 3510 3511 3512 3513 3514 3515 3516 3517 3518
>  3519 3520 3521 3522 3523 3524 3525 3526 3527
(2,099 observations deleted)
(25 observations created)

Panel variable: usuario_id (strongly balanced)
 Time variable: te, 1 to 2
         Delta: 1 unit
(0 observations deleted)
(2,099 observations deleted)
(25 observations created)

Panel variable: usuario_id (strongly balanced)
 Time variable: te, 1 to 2
         Delta: 1 unit
(0 observations deleted)
(2,099 observations deleted)
(25 observations created)

Panel variable: usuario_id (strongly balanced)
 Time variable: te, 1 to 2
         Delta: 1 unit
(0 observations deleted)
(2,099 observations deleted)
(25 observations created)

Panel variable: usuario_id (strongly balanced)
 Time variable: te, 1 to 2
         Delta: 1 unit
(0 observations deleted)
(2,099 observations deleted)
(25 observations created)

Panel variable: usuario_id (strongly balanced)
 Time variable: te, 1 to 2
         Delta: 1 unit
(0 observations deleted)
(2,099 observations deleted)
(25 observations created)

Panel variable: usuario_id (strongly balanced)
 Time variable: te, 1 to 2
         Delta: 1 unit
(0 observations deleted)
(2,099 observations deleted)
(25 observations created)

Panel variable: usuario_id (strongly balanced)
 Time variable: te, 1 to 2
         Delta: 1 unit
(0 observations deleted)
(2,099 observations deleted)
(25 observations created)

Panel variable: usuario_id (strongly balanced)
 Time variable: te, 1 to 2
         Delta: 1 unit
(0 observations deleted)
(2,099 observations deleted)
(25 observations created)

Panel variable: usuario_id (strongly balanced)
 Time variable: te, 1 to 2
         Delta: 1 unit
(0 observations deleted)
(2,099 observations deleted)
(25 observations created)

Panel variable: usuario_id (strongly balanced)
 Time variable: te, 1 to 2
         Delta: 1 unit
(0 observations deleted)
(2,099 observations deleted)
(25 observations created)

Panel variable: usuario_id (strongly balanced)
 Time variable: te, 1 to 2
         Delta: 1 unit
(0 observations deleted)
(2,099 observations deleted)
(25 observations created)

Panel variable: usuario_id (strongly balanced)
 Time variable: te, 1 to 2
         Delta: 1 unit
(0 observations deleted)
(2,099 observations deleted)
(25 observations created)

Panel variable: usuario_id (strongly balanced)
 Time variable: te, 1 to 2
         Delta: 1 unit
(0 observations deleted)
(2,099 observations deleted)
(25 observations created)

Panel variable: usuario_id (strongly balanced)
 Time variable: te, 1 to 2
         Delta: 1 unit
(0 observations deleted)
(2,099 observations deleted)
(25 observations created)

Panel variable: usuario_id (strongly balanced)
 Time variable: te, 1 to 2
         Delta: 1 unit
(0 observations deleted)
(2,099 observations deleted)
(25 observations created)

Panel variable: usuario_id (strongly balanced)
 Time variable: te, 1 to 2
         Delta: 1 unit
(0 observations deleted)
(2,099 observations deleted)
(25 observations created)

Panel variable: usuario_id (strongly balanced)
 Time variable: te, 1 to 2
         Delta: 1 unit
(0 observations deleted)
(2,099 observations deleted)
(25 observations created)

Panel variable: usuario_id (strongly balanced)
 Time variable: te, 1 to 2
         Delta: 1 unit
(0 observations deleted)
(2,099 observations deleted)
(25 observations created)

Panel variable: usuario_id (strongly balanced)
 Time variable: te, 1 to 2
         Delta: 1 unit
(0 observations deleted)
(2,099 observations deleted)
(25 observations created)

Panel variable: usuario_id (strongly balanced)
 Time variable: te, 1 to 2
         Delta: 1 unit
(0 observations deleted)
(2,099 observations deleted)
(25 observations created)

Panel variable: usuario_id (strongly balanced)
 Time variable: te, 1 to 2
         Delta: 1 unit
(0 observations deleted)
(2,099 observations deleted)
(25 observations created)

Panel variable: usuario_id (strongly balanced)
 Time variable: te, 1 to 2
         Delta: 1 unit
(0 observations deleted)
(2,099 observations deleted)
(25 observations created)

Panel variable: usuario_id (strongly balanced)
 Time variable: te, 1 to 2
         Delta: 1 unit
(0 observations deleted)
(2,099 observations deleted)
(25 observations created)

Panel variable: usuario_id (strongly balanced)
 Time variable: te, 1 to 2
         Delta: 1 unit
(0 observations deleted)
(2,099 observations deleted)
(25 observations created)

Panel variable: usuario_id (strongly balanced)
 Time variable: te, 1 to 2
         Delta: 1 unit
(0 observations deleted)
(2,099 observations deleted)
3528 3529 3530 3531 3532 3533 3534 3535 3536 3537 3538 3539 3540 3541 3542 3543
>  3544 3545 3546 3547 3548 3551 3552 3553 3555
(2,099 observations deleted)
(25 observations created)

Panel variable: usuario_id (strongly balanced)
 Time variable: te, 1 to 2
         Delta: 1 unit
(0 observations deleted)
(2,099 observations deleted)
(25 observations created)

Panel variable: usuario_id (strongly balanced)
 Time variable: te, 1 to 2
         Delta: 1 unit
(0 observations deleted)
(2,099 observations deleted)
(25 observations created)

Panel variable: usuario_id (strongly balanced)
 Time variable: te, 1 to 2
         Delta: 1 unit
(0 observations deleted)
(2,099 observations deleted)
(25 observations created)

Panel variable: usuario_id (strongly balanced)
 Time variable: te, 1 to 2
         Delta: 1 unit
(0 observations deleted)
(2,099 observations deleted)
(25 observations created)

Panel variable: usuario_id (strongly balanced)
 Time variable: te, 1 to 2
         Delta: 1 unit
(0 observations deleted)
(2,099 observations deleted)
(25 observations created)

Panel variable: usuario_id (strongly balanced)
 Time variable: te, 1 to 2
         Delta: 1 unit
(0 observations deleted)
(2,099 observations deleted)
(25 observations created)

Panel variable: usuario_id (strongly balanced)
 Time variable: te, 1 to 2
         Delta: 1 unit
(0 observations deleted)
(2,099 observations deleted)
(25 observations created)

Panel variable: usuario_id (strongly balanced)
 Time variable: te, 1 to 2
         Delta: 1 unit
(0 observations deleted)
(2,099 observations deleted)
(25 observations created)

Panel variable: usuario_id (strongly balanced)
 Time variable: te, 1 to 2
         Delta: 1 unit
(0 observations deleted)
(2,099 observations deleted)
(25 observations created)

Panel variable: usuario_id (strongly balanced)
 Time variable: te, 1 to 2
         Delta: 1 unit
(0 observations deleted)
(2,099 observations deleted)
(25 observations created)

Panel variable: usuario_id (strongly balanced)
 Time variable: te, 1 to 2
         Delta: 1 unit
(0 observations deleted)
(2,099 observations deleted)
(25 observations created)

Panel variable: usuario_id (strongly balanced)
 Time variable: te, 1 to 2
         Delta: 1 unit
(0 observations deleted)
(2,099 observations deleted)
(25 observations created)

Panel variable: usuario_id (strongly balanced)
 Time variable: te, 1 to 2
         Delta: 1 unit
(0 observations deleted)
(2,099 observations deleted)
(25 observations created)

Panel variable: usuario_id (strongly balanced)
 Time variable: te, 1 to 2
         Delta: 1 unit
(0 observations deleted)
(2,099 observations deleted)
(25 observations created)

Panel variable: usuario_id (strongly balanced)
 Time variable: te, 1 to 2
         Delta: 1 unit
(0 observations deleted)
(2,099 observations deleted)
(25 observations created)

Panel variable: usuario_id (strongly balanced)
 Time variable: te, 1 to 2
         Delta: 1 unit
(0 observations deleted)
(2,099 observations deleted)
(25 observations created)

Panel variable: usuario_id (strongly balanced)
 Time variable: te, 1 to 2
         Delta: 1 unit
(0 observations deleted)
(2,099 observations deleted)
(25 observations created)

Panel variable: usuario_id (strongly balanced)
 Time variable: te, 1 to 2
         Delta: 1 unit
(0 observations deleted)
(2,099 observations deleted)
(25 observations created)

Panel variable: usuario_id (strongly balanced)
 Time variable: te, 1 to 2
         Delta: 1 unit
(0 observations deleted)
(2,099 observations deleted)
(25 observations created)

Panel variable: usuario_id (strongly balanced)
 Time variable: te, 1 to 2
         Delta: 1 unit
(0 observations deleted)
(2,099 observations deleted)
(25 observations created)

Panel variable: usuario_id (strongly balanced)
 Time variable: te, 1 to 2
         Delta: 1 unit
(0 observations deleted)
(2,099 observations deleted)
(25 observations created)

Panel variable: usuario_id (strongly balanced)
 Time variable: te, 1 to 2
         Delta: 1 unit
(0 observations deleted)
(2,099 observations deleted)
(25 observations created)

Panel variable: usuario_id (strongly balanced)
 Time variable: te, 1 to 2
         Delta: 1 unit
(0 observations deleted)
(2,099 observations deleted)
(25 observations created)

Panel variable: usuario_id (strongly balanced)
 Time variable: te, 1 to 2
         Delta: 1 unit
(0 observations deleted)
(2,099 observations deleted)
(25 observations created)

Panel variable: usuario_id (strongly balanced)
 Time variable: te, 1 to 2
         Delta: 1 unit
(0 observations deleted)
(2,099 observations deleted)
3556 3557 3558 3559 3560 3561 3562 3563 3565 3567 3568 3569 3570 3571 3573 3574
>  3575 3576 3577 3578 3579 3580 3582 3583 3584
(2,099 observations deleted)
(25 observations created)

Panel variable: usuario_id (strongly balanced)
 Time variable: te, 1 to 2
         Delta: 1 unit
(0 observations deleted)
(2,099 observations deleted)
(25 observations created)

Panel variable: usuario_id (strongly balanced)
 Time variable: te, 1 to 2
         Delta: 1 unit
(0 observations deleted)
(2,099 observations deleted)
(25 observations created)

Panel variable: usuario_id (strongly balanced)
 Time variable: te, 1 to 2
         Delta: 1 unit
(0 observations deleted)
(2,099 observations deleted)
(25 observations created)

Panel variable: usuario_id (strongly balanced)
 Time variable: te, 1 to 2
         Delta: 1 unit
(0 observations deleted)
(2,099 observations deleted)
(25 observations created)

Panel variable: usuario_id (strongly balanced)
 Time variable: te, 1 to 2
         Delta: 1 unit
(0 observations deleted)
(2,099 observations deleted)
(25 observations created)

Panel variable: usuario_id (strongly balanced)
 Time variable: te, 1 to 2
         Delta: 1 unit
(0 observations deleted)
(2,099 observations deleted)
(25 observations created)

Panel variable: usuario_id (strongly balanced)
 Time variable: te, 1 to 2
         Delta: 1 unit
(0 observations deleted)
(2,099 observations deleted)
(25 observations created)

Panel variable: usuario_id (strongly balanced)
 Time variable: te, 1 to 2
         Delta: 1 unit
(0 observations deleted)
(2,099 observations deleted)
(25 observations created)

Panel variable: usuario_id (strongly balanced)
 Time variable: te, 1 to 2
         Delta: 1 unit
(0 observations deleted)
(2,099 observations deleted)
(25 observations created)

Panel variable: usuario_id (strongly balanced)
 Time variable: te, 1 to 2
         Delta: 1 unit
(0 observations deleted)
(2,099 observations deleted)
(25 observations created)

Panel variable: usuario_id (strongly balanced)
 Time variable: te, 1 to 2
         Delta: 1 unit
(0 observations deleted)
(2,099 observations deleted)
(25 observations created)

Panel variable: usuario_id (strongly balanced)
 Time variable: te, 1 to 2
         Delta: 1 unit
(0 observations deleted)
(2,099 observations deleted)
(25 observations created)

Panel variable: usuario_id (strongly balanced)
 Time variable: te, 1 to 2
         Delta: 1 unit
(0 observations deleted)
(2,099 observations deleted)
(25 observations created)

Panel variable: usuario_id (strongly balanced)
 Time variable: te, 1 to 2
         Delta: 1 unit
(0 observations deleted)
(2,099 observations deleted)
(25 observations created)

Panel variable: usuario_id (strongly balanced)
 Time variable: te, 1 to 2
         Delta: 1 unit
(0 observations deleted)
(2,099 observations deleted)
(25 observations created)

Panel variable: usuario_id (strongly balanced)
 Time variable: te, 1 to 2
         Delta: 1 unit
(0 observations deleted)
(2,099 observations deleted)
(25 observations created)

Panel variable: usuario_id (strongly balanced)
 Time variable: te, 1 to 2
         Delta: 1 unit
(0 observations deleted)
(2,099 observations deleted)
(25 observations created)

Panel variable: usuario_id (strongly balanced)
 Time variable: te, 1 to 2
         Delta: 1 unit
(0 observations deleted)
(2,099 observations deleted)
(25 observations created)

Panel variable: usuario_id (strongly balanced)
 Time variable: te, 1 to 2
         Delta: 1 unit
(0 observations deleted)
(2,099 observations deleted)
(25 observations created)

Panel variable: usuario_id (strongly balanced)
 Time variable: te, 1 to 2
         Delta: 1 unit
(0 observations deleted)
(2,099 observations deleted)
(25 observations created)

Panel variable: usuario_id (strongly balanced)
 Time variable: te, 1 to 2
         Delta: 1 unit
(0 observations deleted)
(2,099 observations deleted)
(25 observations created)

Panel variable: usuario_id (strongly balanced)
 Time variable: te, 1 to 2
         Delta: 1 unit
(0 observations deleted)
(2,099 observations deleted)
(25 observations created)

Panel variable: usuario_id (strongly balanced)
 Time variable: te, 1 to 2
         Delta: 1 unit
(0 observations deleted)
(2,099 observations deleted)
(25 observations created)

Panel variable: usuario_id (strongly balanced)
 Time variable: te, 1 to 2
         Delta: 1 unit
(0 observations deleted)
(2,099 observations deleted)
(25 observations created)

Panel variable: usuario_id (strongly balanced)
 Time variable: te, 1 to 2
         Delta: 1 unit
(0 observations deleted)
(2,104 observations deleted)
3585 3586 3587 3588 3589 3590 3591 3592 3593 3594 3595 3596 3601 3602 3603 3605
>  3606 3607 3609 3611
(2,104 observations deleted)
(20 observations created)

Panel variable: usuario_id (strongly balanced)
 Time variable: te, 1 to 2
         Delta: 1 unit
(19 observations deleted)
(2,104 observations deleted)
(20 observations created)

Panel variable: usuario_id (strongly balanced)
 Time variable: te, 1 to 2
         Delta: 1 unit
(19 observations deleted)
(2,104 observations deleted)
(20 observations created)

Panel variable: usuario_id (strongly balanced)
 Time variable: te, 1 to 2
         Delta: 1 unit
(19 observations deleted)
(2,104 observations deleted)
(20 observations created)

Panel variable: usuario_id (strongly balanced)
 Time variable: te, 1 to 2
         Delta: 1 unit
(19 observations deleted)
(2,104 observations deleted)
(20 observations created)

Panel variable: usuario_id (strongly balanced)
 Time variable: te, 1 to 2
         Delta: 1 unit
(19 observations deleted)
(2,104 observations deleted)
(20 observations created)

Panel variable: usuario_id (strongly balanced)
 Time variable: te, 1 to 2
         Delta: 1 unit
(19 observations deleted)
(2,104 observations deleted)
(20 observations created)

Panel variable: usuario_id (strongly balanced)
 Time variable: te, 1 to 2
         Delta: 1 unit
(19 observations deleted)
(2,104 observations deleted)
(20 observations created)

Panel variable: usuario_id (strongly balanced)
 Time variable: te, 1 to 2
         Delta: 1 unit
(19 observations deleted)
(2,104 observations deleted)
(20 observations created)

Panel variable: usuario_id (strongly balanced)
 Time variable: te, 1 to 2
         Delta: 1 unit
(19 observations deleted)
(2,104 observations deleted)
(20 observations created)

Panel variable: usuario_id (strongly balanced)
 Time variable: te, 1 to 2
         Delta: 1 unit
(19 observations deleted)
(2,104 observations deleted)
(20 observations created)

Panel variable: usuario_id (strongly balanced)
 Time variable: te, 1 to 2
         Delta: 1 unit
(19 observations deleted)
(2,104 observations deleted)
(20 observations created)

Panel variable: usuario_id (strongly balanced)
 Time variable: te, 1 to 2
         Delta: 1 unit
(19 observations deleted)
(2,104 observations deleted)
(20 observations created)

Panel variable: usuario_id (strongly balanced)
 Time variable: te, 1 to 2
         Delta: 1 unit
(19 observations deleted)
(2,104 observations deleted)
(20 observations created)

Panel variable: usuario_id (strongly balanced)
 Time variable: te, 1 to 2
         Delta: 1 unit
(19 observations deleted)
(2,104 observations deleted)
(20 observations created)

Panel variable: usuario_id (strongly balanced)
 Time variable: te, 1 to 2
         Delta: 1 unit
(19 observations deleted)
(2,104 observations deleted)
(20 observations created)

Panel variable: usuario_id (strongly balanced)
 Time variable: te, 1 to 2
         Delta: 1 unit
(19 observations deleted)
(2,104 observations deleted)
(20 observations created)

Panel variable: usuario_id (strongly balanced)
 Time variable: te, 1 to 2
         Delta: 1 unit
(19 observations deleted)
(2,104 observations deleted)
(20 observations created)

Panel variable: usuario_id (strongly balanced)
 Time variable: te, 1 to 2
         Delta: 1 unit
(19 observations deleted)
(2,104 observations deleted)
(20 observations created)

Panel variable: usuario_id (strongly balanced)
 Time variable: te, 1 to 2
         Delta: 1 unit
(19 observations deleted)
(2,104 observations deleted)
(20 observations created)

Panel variable: usuario_id (strongly balanced)
 Time variable: te, 1 to 2
         Delta: 1 unit
(19 observations deleted)
(2,103 observations deleted)
3613 3614 3615 3617 3618 3621 3623 3624 3625 3626 3627 3629 3632 3634 3635 3636
>  3637 3638 3639 3640 3641
(2,103 observations deleted)
(21 observations created)

Panel variable: usuario_id (strongly balanced)
 Time variable: te, 1 to 2
         Delta: 1 unit
(20 observations deleted)
(2,103 observations deleted)
(21 observations created)

Panel variable: usuario_id (strongly balanced)
 Time variable: te, 1 to 2
         Delta: 1 unit
(20 observations deleted)
(2,103 observations deleted)
(21 observations created)

Panel variable: usuario_id (strongly balanced)
 Time variable: te, 1 to 2
         Delta: 1 unit
(20 observations deleted)
(2,103 observations deleted)
(21 observations created)

Panel variable: usuario_id (strongly balanced)
 Time variable: te, 1 to 2
         Delta: 1 unit
(20 observations deleted)
(2,103 observations deleted)
(21 observations created)

Panel variable: usuario_id (strongly balanced)
 Time variable: te, 1 to 2
         Delta: 1 unit
(20 observations deleted)
(2,103 observations deleted)
(21 observations created)

Panel variable: usuario_id (strongly balanced)
 Time variable: te, 1 to 2
         Delta: 1 unit
(20 observations deleted)
(2,103 observations deleted)
(21 observations created)

Panel variable: usuario_id (strongly balanced)
 Time variable: te, 1 to 2
         Delta: 1 unit
(20 observations deleted)
(2,103 observations deleted)
(21 observations created)

Panel variable: usuario_id (strongly balanced)
 Time variable: te, 1 to 2
         Delta: 1 unit
(20 observations deleted)
(2,103 observations deleted)
(21 observations created)

Panel variable: usuario_id (strongly balanced)
 Time variable: te, 1 to 2
         Delta: 1 unit
(20 observations deleted)
(2,103 observations deleted)
(21 observations created)

Panel variable: usuario_id (strongly balanced)
 Time variable: te, 1 to 2
         Delta: 1 unit
(20 observations deleted)
(2,103 observations deleted)
(21 observations created)

Panel variable: usuario_id (strongly balanced)
 Time variable: te, 1 to 2
         Delta: 1 unit
(20 observations deleted)
(2,103 observations deleted)
(21 observations created)

Panel variable: usuario_id (strongly balanced)
 Time variable: te, 1 to 2
         Delta: 1 unit
(20 observations deleted)
(2,103 observations deleted)
(21 observations created)

Panel variable: usuario_id (strongly balanced)
 Time variable: te, 1 to 2
         Delta: 1 unit
(20 observations deleted)
(2,103 observations deleted)
(21 observations created)

Panel variable: usuario_id (strongly balanced)
 Time variable: te, 1 to 2
         Delta: 1 unit
(20 observations deleted)
(2,103 observations deleted)
(21 observations created)

Panel variable: usuario_id (strongly balanced)
 Time variable: te, 1 to 2
         Delta: 1 unit
(20 observations deleted)
(2,103 observations deleted)
(21 observations created)

Panel variable: usuario_id (strongly balanced)
 Time variable: te, 1 to 2
         Delta: 1 unit
(20 observations deleted)
(2,103 observations deleted)
(21 observations created)

Panel variable: usuario_id (strongly balanced)
 Time variable: te, 1 to 2
         Delta: 1 unit
(20 observations deleted)
(2,103 observations deleted)
(21 observations created)

Panel variable: usuario_id (strongly balanced)
 Time variable: te, 1 to 2
         Delta: 1 unit
(20 observations deleted)
(2,103 observations deleted)
(21 observations created)

Panel variable: usuario_id (strongly balanced)
 Time variable: te, 1 to 2
         Delta: 1 unit
(20 observations deleted)
(2,103 observations deleted)
(21 observations created)

Panel variable: usuario_id (strongly balanced)
 Time variable: te, 1 to 2
         Delta: 1 unit
(20 observations deleted)
(2,103 observations deleted)
(21 observations created)

Panel variable: usuario_id (strongly balanced)
 Time variable: te, 1 to 2
         Delta: 1 unit
(20 observations deleted)
(2,102 observations deleted)
3643 3644 3645 3649 3650 3651 3652 3654 3655 3656 3657 3660 3661 3662 3663 3664
>  3665 3666 3668 3669 3670 3671
(2,102 observations deleted)
(22 observations created)

Panel variable: usuario_id (strongly balanced)
 Time variable: te, 1 to 2
         Delta: 1 unit
(21 observations deleted)
(2,102 observations deleted)
(22 observations created)

Panel variable: usuario_id (strongly balanced)
 Time variable: te, 1 to 2
         Delta: 1 unit
(21 observations deleted)
(2,102 observations deleted)
(22 observations created)

Panel variable: usuario_id (strongly balanced)
 Time variable: te, 1 to 2
         Delta: 1 unit
(21 observations deleted)
(2,102 observations deleted)
(22 observations created)

Panel variable: usuario_id (strongly balanced)
 Time variable: te, 1 to 2
         Delta: 1 unit
(21 observations deleted)
(2,102 observations deleted)
(22 observations created)

Panel variable: usuario_id (strongly balanced)
 Time variable: te, 1 to 2
         Delta: 1 unit
(21 observations deleted)
(2,102 observations deleted)
(22 observations created)

Panel variable: usuario_id (strongly balanced)
 Time variable: te, 1 to 2
         Delta: 1 unit
(21 observations deleted)
(2,102 observations deleted)
(22 observations created)

Panel variable: usuario_id (strongly balanced)
 Time variable: te, 1 to 2
         Delta: 1 unit
(21 observations deleted)
(2,102 observations deleted)
(22 observations created)

Panel variable: usuario_id (strongly balanced)
 Time variable: te, 1 to 2
         Delta: 1 unit
(21 observations deleted)
(2,102 observations deleted)
(22 observations created)

Panel variable: usuario_id (strongly balanced)
 Time variable: te, 1 to 2
         Delta: 1 unit
(21 observations deleted)
(2,102 observations deleted)
(22 observations created)

Panel variable: usuario_id (strongly balanced)
 Time variable: te, 1 to 2
         Delta: 1 unit
(21 observations deleted)
(2,102 observations deleted)
(22 observations created)

Panel variable: usuario_id (strongly balanced)
 Time variable: te, 1 to 2
         Delta: 1 unit
(21 observations deleted)
(2,102 observations deleted)
(22 observations created)

Panel variable: usuario_id (strongly balanced)
 Time variable: te, 1 to 2
         Delta: 1 unit
(21 observations deleted)
(2,102 observations deleted)
(22 observations created)

Panel variable: usuario_id (strongly balanced)
 Time variable: te, 1 to 2
         Delta: 1 unit
(21 observations deleted)
(2,102 observations deleted)
(22 observations created)

Panel variable: usuario_id (strongly balanced)
 Time variable: te, 1 to 2
         Delta: 1 unit
(21 observations deleted)
(2,102 observations deleted)
(22 observations created)

Panel variable: usuario_id (strongly balanced)
 Time variable: te, 1 to 2
         Delta: 1 unit
(21 observations deleted)
(2,102 observations deleted)
(22 observations created)

Panel variable: usuario_id (strongly balanced)
 Time variable: te, 1 to 2
         Delta: 1 unit
(21 observations deleted)
(2,102 observations deleted)
(22 observations created)

Panel variable: usuario_id (strongly balanced)
 Time variable: te, 1 to 2
         Delta: 1 unit
(21 observations deleted)
(2,102 observations deleted)
(22 observations created)

Panel variable: usuario_id (strongly balanced)
 Time variable: te, 1 to 2
         Delta: 1 unit
(21 observations deleted)
(2,102 observations deleted)
(22 observations created)

Panel variable: usuario_id (strongly balanced)
 Time variable: te, 1 to 2
         Delta: 1 unit
(21 observations deleted)
(2,102 observations deleted)
(22 observations created)

Panel variable: usuario_id (strongly balanced)
 Time variable: te, 1 to 2
         Delta: 1 unit
(21 observations deleted)
(2,102 observations deleted)
(22 observations created)

Panel variable: usuario_id (strongly balanced)
 Time variable: te, 1 to 2
         Delta: 1 unit
(21 observations deleted)
(2,102 observations deleted)
(22 observations created)

Panel variable: usuario_id (strongly balanced)
 Time variable: te, 1 to 2
         Delta: 1 unit
(21 observations deleted)
(2,100 observations deleted)
3672 3673 3674 3676 3677 3678 3679 3681 3682 3683 3684 3685 3686 3687 3688 3689
>  3690 3691 3692 3693 3696 3697 3698 3699
(2,100 observations deleted)
(24 observations created)

Panel variable: usuario_id (strongly balanced)
 Time variable: te, 1 to 2
         Delta: 1 unit
(0 observations deleted)
(2,100 observations deleted)
(24 observations created)

Panel variable: usuario_id (strongly balanced)
 Time variable: te, 1 to 2
         Delta: 1 unit
(0 observations deleted)
(2,100 observations deleted)
(24 observations created)

Panel variable: usuario_id (strongly balanced)
 Time variable: te, 1 to 2
         Delta: 1 unit
(0 observations deleted)
(2,100 observations deleted)
(24 observations created)

Panel variable: usuario_id (strongly balanced)
 Time variable: te, 1 to 2
         Delta: 1 unit
(0 observations deleted)
(2,100 observations deleted)
(24 observations created)

Panel variable: usuario_id (strongly balanced)
 Time variable: te, 1 to 2
         Delta: 1 unit
(0 observations deleted)
(2,100 observations deleted)
(24 observations created)

Panel variable: usuario_id (strongly balanced)
 Time variable: te, 1 to 2
         Delta: 1 unit
(0 observations deleted)
(2,100 observations deleted)
(24 observations created)

Panel variable: usuario_id (strongly balanced)
 Time variable: te, 1 to 2
         Delta: 1 unit
(0 observations deleted)
(2,100 observations deleted)
(24 observations created)

Panel variable: usuario_id (strongly balanced)
 Time variable: te, 1 to 2
         Delta: 1 unit
(0 observations deleted)
(2,100 observations deleted)
(24 observations created)

Panel variable: usuario_id (strongly balanced)
 Time variable: te, 1 to 2
         Delta: 1 unit
(0 observations deleted)
(2,100 observations deleted)
(24 observations created)

Panel variable: usuario_id (strongly balanced)
 Time variable: te, 1 to 2
         Delta: 1 unit
(0 observations deleted)
(2,100 observations deleted)
(24 observations created)

Panel variable: usuario_id (strongly balanced)
 Time variable: te, 1 to 2
         Delta: 1 unit
(0 observations deleted)
(2,100 observations deleted)
(24 observations created)

Panel variable: usuario_id (strongly balanced)
 Time variable: te, 1 to 2
         Delta: 1 unit
(0 observations deleted)
(2,100 observations deleted)
(24 observations created)

Panel variable: usuario_id (strongly balanced)
 Time variable: te, 1 to 2
         Delta: 1 unit
(0 observations deleted)
(2,100 observations deleted)
(24 observations created)

Panel variable: usuario_id (strongly balanced)
 Time variable: te, 1 to 2
         Delta: 1 unit
(0 observations deleted)
(2,100 observations deleted)
(24 observations created)

Panel variable: usuario_id (strongly balanced)
 Time variable: te, 1 to 2
         Delta: 1 unit
(0 observations deleted)
(2,100 observations deleted)
(24 observations created)

Panel variable: usuario_id (strongly balanced)
 Time variable: te, 1 to 2
         Delta: 1 unit
(0 observations deleted)
(2,100 observations deleted)
(24 observations created)

Panel variable: usuario_id (strongly balanced)
 Time variable: te, 1 to 2
         Delta: 1 unit
(0 observations deleted)
(2,100 observations deleted)
(24 observations created)

Panel variable: usuario_id (strongly balanced)
 Time variable: te, 1 to 2
         Delta: 1 unit
(0 observations deleted)
(2,100 observations deleted)
(24 observations created)

Panel variable: usuario_id (strongly balanced)
 Time variable: te, 1 to 2
         Delta: 1 unit
(0 observations deleted)
(2,100 observations deleted)
(24 observations created)

Panel variable: usuario_id (strongly balanced)
 Time variable: te, 1 to 2
         Delta: 1 unit
(0 observations deleted)
(2,100 observations deleted)
(24 observations created)

Panel variable: usuario_id (strongly balanced)
 Time variable: te, 1 to 2
         Delta: 1 unit
(0 observations deleted)
(2,100 observations deleted)
(24 observations created)

Panel variable: usuario_id (strongly balanced)
 Time variable: te, 1 to 2
         Delta: 1 unit
(0 observations deleted)
(2,100 observations deleted)
(24 observations created)

Panel variable: usuario_id (strongly balanced)
 Time variable: te, 1 to 2
         Delta: 1 unit
(0 observations deleted)
(2,100 observations deleted)
(24 observations created)

Panel variable: usuario_id (strongly balanced)
 Time variable: te, 1 to 2
         Delta: 1 unit
(0 observations deleted)
(2,094 observations deleted)
3700 3701 3702 3703 3704 3705 3706 3707 3708 3709 3710 3711 3712 3713 3714 3715
>  3716 3717 3718 3719 3720 3721 3722 3723 3724 3725 3726 3727 3728 3729
(2,094 observations deleted)
(30 observations created)

Panel variable: usuario_id (strongly balanced)
 Time variable: te, 1 to 2
         Delta: 1 unit
(0 observations deleted)
(2,094 observations deleted)
(30 observations created)

Panel variable: usuario_id (strongly balanced)
 Time variable: te, 1 to 2
         Delta: 1 unit
(0 observations deleted)
(2,094 observations deleted)
(30 observations created)

Panel variable: usuario_id (strongly balanced)
 Time variable: te, 1 to 2
         Delta: 1 unit
(0 observations deleted)
(2,094 observations deleted)
(30 observations created)

Panel variable: usuario_id (strongly balanced)
 Time variable: te, 1 to 2
         Delta: 1 unit
(0 observations deleted)
(2,094 observations deleted)
(30 observations created)

Panel variable: usuario_id (strongly balanced)
 Time variable: te, 1 to 2
         Delta: 1 unit
(0 observations deleted)
(2,094 observations deleted)
(30 observations created)

Panel variable: usuario_id (strongly balanced)
 Time variable: te, 1 to 2
         Delta: 1 unit
(0 observations deleted)
(2,094 observations deleted)
(30 observations created)

Panel variable: usuario_id (strongly balanced)
 Time variable: te, 1 to 2
         Delta: 1 unit
(0 observations deleted)
(2,094 observations deleted)
(30 observations created)

Panel variable: usuario_id (strongly balanced)
 Time variable: te, 1 to 2
         Delta: 1 unit
(0 observations deleted)
(2,094 observations deleted)
(30 observations created)

Panel variable: usuario_id (strongly balanced)
 Time variable: te, 1 to 2
         Delta: 1 unit
(0 observations deleted)
(2,094 observations deleted)
(30 observations created)

Panel variable: usuario_id (strongly balanced)
 Time variable: te, 1 to 2
         Delta: 1 unit
(0 observations deleted)
(2,094 observations deleted)
(30 observations created)

Panel variable: usuario_id (strongly balanced)
 Time variable: te, 1 to 2
         Delta: 1 unit
(0 observations deleted)
(2,094 observations deleted)
(30 observations created)

Panel variable: usuario_id (strongly balanced)
 Time variable: te, 1 to 2
         Delta: 1 unit
(0 observations deleted)
(2,094 observations deleted)
(30 observations created)

Panel variable: usuario_id (strongly balanced)
 Time variable: te, 1 to 2
         Delta: 1 unit
(0 observations deleted)
(2,094 observations deleted)
(30 observations created)

Panel variable: usuario_id (strongly balanced)
 Time variable: te, 1 to 2
         Delta: 1 unit
(0 observations deleted)
(2,094 observations deleted)
(30 observations created)

Panel variable: usuario_id (strongly balanced)
 Time variable: te, 1 to 2
         Delta: 1 unit
(0 observations deleted)
(2,094 observations deleted)
(30 observations created)

Panel variable: usuario_id (strongly balanced)
 Time variable: te, 1 to 2
         Delta: 1 unit
(0 observations deleted)
(2,094 observations deleted)
(30 observations created)

Panel variable: usuario_id (strongly balanced)
 Time variable: te, 1 to 2
         Delta: 1 unit
(0 observations deleted)
(2,094 observations deleted)
(30 observations created)

Panel variable: usuario_id (strongly balanced)
 Time variable: te, 1 to 2
         Delta: 1 unit
(0 observations deleted)
(2,094 observations deleted)
(30 observations created)

Panel variable: usuario_id (strongly balanced)
 Time variable: te, 1 to 2
         Delta: 1 unit
(0 observations deleted)
(2,094 observations deleted)
(30 observations created)

Panel variable: usuario_id (strongly balanced)
 Time variable: te, 1 to 2
         Delta: 1 unit
(0 observations deleted)
(2,094 observations deleted)
(30 observations created)

Panel variable: usuario_id (strongly balanced)
 Time variable: te, 1 to 2
         Delta: 1 unit
(0 observations deleted)
(2,094 observations deleted)
(30 observations created)

Panel variable: usuario_id (strongly balanced)
 Time variable: te, 1 to 2
         Delta: 1 unit
(0 observations deleted)
(2,094 observations deleted)
(30 observations created)

Panel variable: usuario_id (strongly balanced)
 Time variable: te, 1 to 2
         Delta: 1 unit
(0 observations deleted)
(2,094 observations deleted)
(30 observations created)

Panel variable: usuario_id (strongly balanced)
 Time variable: te, 1 to 2
         Delta: 1 unit
(0 observations deleted)
(2,094 observations deleted)
(30 observations created)

Panel variable: usuario_id (strongly balanced)
 Time variable: te, 1 to 2
         Delta: 1 unit
(0 observations deleted)
(2,094 observations deleted)
(30 observations created)

Panel variable: usuario_id (strongly balanced)
 Time variable: te, 1 to 2
         Delta: 1 unit
(0 observations deleted)
(2,094 observations deleted)
(30 observations created)

Panel variable: usuario_id (strongly balanced)
 Time variable: te, 1 to 2
         Delta: 1 unit
(0 observations deleted)
(2,094 observations deleted)
(30 observations created)

Panel variable: usuario_id (strongly balanced)
 Time variable: te, 1 to 2
         Delta: 1 unit
(0 observations deleted)
(2,094 observations deleted)
(30 observations created)

Panel variable: usuario_id (strongly balanced)
 Time variable: te, 1 to 2
         Delta: 1 unit
(0 observations deleted)
(2,094 observations deleted)
(30 observations created)

Panel variable: usuario_id (strongly balanced)
 Time variable: te, 1 to 2
         Delta: 1 unit
(0 observations deleted)
(2,096 observations deleted)
3730 3731 3732 3733 3734 3735 3736 3737 3738 3739 3740 3741 3742 3743 3744 3745
>  3746 3747 3748 3749 3750 3751 3752 3753 3754 3755 3757 3759
(2,096 observations deleted)
(28 observations created)

Panel variable: usuario_id (strongly balanced)
 Time variable: te, 1 to 2
         Delta: 1 unit
(27 observations deleted)
(2,096 observations deleted)
(28 observations created)

Panel variable: usuario_id (strongly balanced)
 Time variable: te, 1 to 2
         Delta: 1 unit
(27 observations deleted)
(2,096 observations deleted)
(28 observations created)

Panel variable: usuario_id (strongly balanced)
 Time variable: te, 1 to 2
         Delta: 1 unit
(27 observations deleted)
(2,096 observations deleted)
(28 observations created)

Panel variable: usuario_id (strongly balanced)
 Time variable: te, 1 to 2
         Delta: 1 unit
(27 observations deleted)
(2,096 observations deleted)
(28 observations created)

Panel variable: usuario_id (strongly balanced)
 Time variable: te, 1 to 2
         Delta: 1 unit
(27 observations deleted)
(2,096 observations deleted)
(28 observations created)

Panel variable: usuario_id (strongly balanced)
 Time variable: te, 1 to 2
         Delta: 1 unit
(27 observations deleted)
(2,096 observations deleted)
(28 observations created)

Panel variable: usuario_id (strongly balanced)
 Time variable: te, 1 to 2
         Delta: 1 unit
(27 observations deleted)
(2,096 observations deleted)
(28 observations created)

Panel variable: usuario_id (strongly balanced)
 Time variable: te, 1 to 2
         Delta: 1 unit
(27 observations deleted)
(2,096 observations deleted)
(28 observations created)

Panel variable: usuario_id (strongly balanced)
 Time variable: te, 1 to 2
         Delta: 1 unit
(27 observations deleted)
(2,096 observations deleted)
(28 observations created)

Panel variable: usuario_id (strongly balanced)
 Time variable: te, 1 to 2
         Delta: 1 unit
(27 observations deleted)
(2,096 observations deleted)
(28 observations created)

Panel variable: usuario_id (strongly balanced)
 Time variable: te, 1 to 2
         Delta: 1 unit
(27 observations deleted)
(2,096 observations deleted)
(28 observations created)

Panel variable: usuario_id (strongly balanced)
 Time variable: te, 1 to 2
         Delta: 1 unit
(27 observations deleted)
(2,096 observations deleted)
(28 observations created)

Panel variable: usuario_id (strongly balanced)
 Time variable: te, 1 to 2
         Delta: 1 unit
(27 observations deleted)
(2,096 observations deleted)
(28 observations created)

Panel variable: usuario_id (strongly balanced)
 Time variable: te, 1 to 2
         Delta: 1 unit
(27 observations deleted)
(2,096 observations deleted)
(28 observations created)

Panel variable: usuario_id (strongly balanced)
 Time variable: te, 1 to 2
         Delta: 1 unit
(27 observations deleted)
(2,096 observations deleted)
(28 observations created)

Panel variable: usuario_id (strongly balanced)
 Time variable: te, 1 to 2
         Delta: 1 unit
(27 observations deleted)
(2,096 observations deleted)
(28 observations created)

Panel variable: usuario_id (strongly balanced)
 Time variable: te, 1 to 2
         Delta: 1 unit
(27 observations deleted)
(2,096 observations deleted)
(28 observations created)

Panel variable: usuario_id (strongly balanced)
 Time variable: te, 1 to 2
         Delta: 1 unit
(27 observations deleted)
(2,096 observations deleted)
(28 observations created)

Panel variable: usuario_id (strongly balanced)
 Time variable: te, 1 to 2
         Delta: 1 unit
(27 observations deleted)
(2,096 observations deleted)
(28 observations created)

Panel variable: usuario_id (strongly balanced)
 Time variable: te, 1 to 2
         Delta: 1 unit
(27 observations deleted)
(2,096 observations deleted)
(28 observations created)

Panel variable: usuario_id (strongly balanced)
 Time variable: te, 1 to 2
         Delta: 1 unit
(27 observations deleted)
(2,096 observations deleted)
(28 observations created)

Panel variable: usuario_id (strongly balanced)
 Time variable: te, 1 to 2
         Delta: 1 unit
(27 observations deleted)
(2,096 observations deleted)
(28 observations created)

Panel variable: usuario_id (strongly balanced)
 Time variable: te, 1 to 2
         Delta: 1 unit
(27 observations deleted)
(2,096 observations deleted)
(28 observations created)

Panel variable: usuario_id (strongly balanced)
 Time variable: te, 1 to 2
         Delta: 1 unit
(27 observations deleted)
(2,096 observations deleted)
(28 observations created)

Panel variable: usuario_id (strongly balanced)
 Time variable: te, 1 to 2
         Delta: 1 unit
(27 observations deleted)
(2,096 observations deleted)
(28 observations created)

Panel variable: usuario_id (strongly balanced)
 Time variable: te, 1 to 2
         Delta: 1 unit
(27 observations deleted)
(2,096 observations deleted)
(28 observations created)

Panel variable: usuario_id (strongly balanced)
 Time variable: te, 1 to 2
         Delta: 1 unit
(27 observations deleted)
(2,096 observations deleted)
(28 observations created)

Panel variable: usuario_id (strongly balanced)
 Time variable: te, 1 to 2
         Delta: 1 unit
(27 observations deleted)
(2,099 observations deleted)
3761 3763 3764 3765 3766 3767 3768 3769 3772 3774 3775 3776 3777 3778 3779 3780
>  3781 3783 3784 3785 3786 3787 3788 3789 3790
(2,099 observations deleted)
(25 observations created)

Panel variable: usuario_id (strongly balanced)
 Time variable: te, 1 to 2
         Delta: 1 unit
(0 observations deleted)
(2,099 observations deleted)
(25 observations created)

Panel variable: usuario_id (strongly balanced)
 Time variable: te, 1 to 2
         Delta: 1 unit
(0 observations deleted)
(2,099 observations deleted)
(25 observations created)

Panel variable: usuario_id (strongly balanced)
 Time variable: te, 1 to 2
         Delta: 1 unit
(0 observations deleted)
(2,099 observations deleted)
(25 observations created)

Panel variable: usuario_id (strongly balanced)
 Time variable: te, 1 to 2
         Delta: 1 unit
(0 observations deleted)
(2,099 observations deleted)
(25 observations created)

Panel variable: usuario_id (strongly balanced)
 Time variable: te, 1 to 2
         Delta: 1 unit
(0 observations deleted)
(2,099 observations deleted)
(25 observations created)

Panel variable: usuario_id (strongly balanced)
 Time variable: te, 1 to 2
         Delta: 1 unit
(0 observations deleted)
(2,099 observations deleted)
(25 observations created)

Panel variable: usuario_id (strongly balanced)
 Time variable: te, 1 to 2
         Delta: 1 unit
(0 observations deleted)
(2,099 observations deleted)
(25 observations created)

Panel variable: usuario_id (strongly balanced)
 Time variable: te, 1 to 2
         Delta: 1 unit
(0 observations deleted)
(2,099 observations deleted)
(25 observations created)

Panel variable: usuario_id (strongly balanced)
 Time variable: te, 1 to 2
         Delta: 1 unit
(0 observations deleted)
(2,099 observations deleted)
(25 observations created)

Panel variable: usuario_id (strongly balanced)
 Time variable: te, 1 to 2
         Delta: 1 unit
(0 observations deleted)
(2,099 observations deleted)
(25 observations created)

Panel variable: usuario_id (strongly balanced)
 Time variable: te, 1 to 2
         Delta: 1 unit
(0 observations deleted)
(2,099 observations deleted)
(25 observations created)

Panel variable: usuario_id (strongly balanced)
 Time variable: te, 1 to 2
         Delta: 1 unit
(0 observations deleted)
(2,099 observations deleted)
(25 observations created)

Panel variable: usuario_id (strongly balanced)
 Time variable: te, 1 to 2
         Delta: 1 unit
(0 observations deleted)
(2,099 observations deleted)
(25 observations created)

Panel variable: usuario_id (strongly balanced)
 Time variable: te, 1 to 2
         Delta: 1 unit
(0 observations deleted)
(2,099 observations deleted)
(25 observations created)

Panel variable: usuario_id (strongly balanced)
 Time variable: te, 1 to 2
         Delta: 1 unit
(0 observations deleted)
(2,099 observations deleted)
(25 observations created)

Panel variable: usuario_id (strongly balanced)
 Time variable: te, 1 to 2
         Delta: 1 unit
(0 observations deleted)
(2,099 observations deleted)
(25 observations created)

Panel variable: usuario_id (strongly balanced)
 Time variable: te, 1 to 2
         Delta: 1 unit
(0 observations deleted)
(2,099 observations deleted)
(25 observations created)

Panel variable: usuario_id (strongly balanced)
 Time variable: te, 1 to 2
         Delta: 1 unit
(0 observations deleted)
(2,099 observations deleted)
(25 observations created)

Panel variable: usuario_id (strongly balanced)
 Time variable: te, 1 to 2
         Delta: 1 unit
(0 observations deleted)
(2,099 observations deleted)
(25 observations created)

Panel variable: usuario_id (strongly balanced)
 Time variable: te, 1 to 2
         Delta: 1 unit
(0 observations deleted)
(2,099 observations deleted)
(25 observations created)

Panel variable: usuario_id (strongly balanced)
 Time variable: te, 1 to 2
         Delta: 1 unit
(0 observations deleted)
(2,099 observations deleted)
(25 observations created)

Panel variable: usuario_id (strongly balanced)
 Time variable: te, 1 to 2
         Delta: 1 unit
(0 observations deleted)
(2,099 observations deleted)
(25 observations created)

Panel variable: usuario_id (strongly balanced)
 Time variable: te, 1 to 2
         Delta: 1 unit
(0 observations deleted)
(2,099 observations deleted)
(25 observations created)

Panel variable: usuario_id (strongly balanced)
 Time variable: te, 1 to 2
         Delta: 1 unit
(0 observations deleted)
(2,099 observations deleted)
(25 observations created)

Panel variable: usuario_id (strongly balanced)
 Time variable: te, 1 to 2
         Delta: 1 unit
(0 observations deleted)
(2,101 observations deleted)
4119 4121 4122 4124 4125 4126 4127 4128 4129 4131 4132 4134 4135 4136 4137 4138
>  4141 4142 4144 4145 4146 4147 4148
(2,101 observations deleted)
(23 observations created)

Panel variable: usuario_id (strongly balanced)
 Time variable: te, 1 to 2
         Delta: 1 unit
(0 observations deleted)
(2,101 observations deleted)
(23 observations created)

Panel variable: usuario_id (strongly balanced)
 Time variable: te, 1 to 2
         Delta: 1 unit
(0 observations deleted)
(2,101 observations deleted)
(23 observations created)

Panel variable: usuario_id (strongly balanced)
 Time variable: te, 1 to 2
         Delta: 1 unit
(0 observations deleted)
(2,101 observations deleted)
(23 observations created)

Panel variable: usuario_id (strongly balanced)
 Time variable: te, 1 to 2
         Delta: 1 unit
(0 observations deleted)
(2,101 observations deleted)
(23 observations created)

Panel variable: usuario_id (strongly balanced)
 Time variable: te, 1 to 2
         Delta: 1 unit
(0 observations deleted)
(2,101 observations deleted)
(23 observations created)

Panel variable: usuario_id (strongly balanced)
 Time variable: te, 1 to 2
         Delta: 1 unit
(0 observations deleted)
(2,101 observations deleted)
(23 observations created)

Panel variable: usuario_id (strongly balanced)
 Time variable: te, 1 to 2
         Delta: 1 unit
(0 observations deleted)
(2,101 observations deleted)
(23 observations created)

Panel variable: usuario_id (strongly balanced)
 Time variable: te, 1 to 2
         Delta: 1 unit
(0 observations deleted)
(2,101 observations deleted)
(23 observations created)

Panel variable: usuario_id (strongly balanced)
 Time variable: te, 1 to 2
         Delta: 1 unit
(0 observations deleted)
(2,101 observations deleted)
(23 observations created)

Panel variable: usuario_id (strongly balanced)
 Time variable: te, 1 to 2
         Delta: 1 unit
(0 observations deleted)
(2,101 observations deleted)
(23 observations created)

Panel variable: usuario_id (strongly balanced)
 Time variable: te, 1 to 2
         Delta: 1 unit
(0 observations deleted)
(2,101 observations deleted)
(23 observations created)

Panel variable: usuario_id (strongly balanced)
 Time variable: te, 1 to 2
         Delta: 1 unit
(0 observations deleted)
(2,101 observations deleted)
(23 observations created)

Panel variable: usuario_id (strongly balanced)
 Time variable: te, 1 to 2
         Delta: 1 unit
(0 observations deleted)
(2,101 observations deleted)
(23 observations created)

Panel variable: usuario_id (strongly balanced)
 Time variable: te, 1 to 2
         Delta: 1 unit
(0 observations deleted)
(2,101 observations deleted)
(23 observations created)

Panel variable: usuario_id (strongly balanced)
 Time variable: te, 1 to 2
         Delta: 1 unit
(0 observations deleted)
(2,101 observations deleted)
(23 observations created)

Panel variable: usuario_id (strongly balanced)
 Time variable: te, 1 to 2
         Delta: 1 unit
(0 observations deleted)
(2,101 observations deleted)
(23 observations created)

Panel variable: usuario_id (strongly balanced)
 Time variable: te, 1 to 2
         Delta: 1 unit
(0 observations deleted)
(2,101 observations deleted)
(23 observations created)

Panel variable: usuario_id (strongly balanced)
 Time variable: te, 1 to 2
         Delta: 1 unit
(0 observations deleted)
(2,101 observations deleted)
(23 observations created)

Panel variable: usuario_id (strongly balanced)
 Time variable: te, 1 to 2
         Delta: 1 unit
(0 observations deleted)
(2,101 observations deleted)
(23 observations created)

Panel variable: usuario_id (strongly balanced)
 Time variable: te, 1 to 2
         Delta: 1 unit
(0 observations deleted)
(2,101 observations deleted)
(23 observations created)

Panel variable: usuario_id (strongly balanced)
 Time variable: te, 1 to 2
         Delta: 1 unit
(0 observations deleted)
(2,101 observations deleted)
(23 observations created)

Panel variable: usuario_id (strongly balanced)
 Time variable: te, 1 to 2
         Delta: 1 unit
(0 observations deleted)
(2,101 observations deleted)
(23 observations created)

Panel variable: usuario_id (strongly balanced)
 Time variable: te, 1 to 2
         Delta: 1 unit
(0 observations deleted)
(2,100 observations deleted)
4149 4150 4151 4153 4154 4155 4156 4157 4158 4159 4160 4161 4162 4164 4165 4166
>  4168 4169 4170 4171 4172 4174 4175 4176
(2,100 observations deleted)
(24 observations created)

Panel variable: usuario_id (strongly balanced)
 Time variable: te, 1 to 2
         Delta: 1 unit
(0 observations deleted)
(2,100 observations deleted)
(24 observations created)

Panel variable: usuario_id (strongly balanced)
 Time variable: te, 1 to 2
         Delta: 1 unit
(0 observations deleted)
(2,100 observations deleted)
(24 observations created)

Panel variable: usuario_id (strongly balanced)
 Time variable: te, 1 to 2
         Delta: 1 unit
(0 observations deleted)
(2,100 observations deleted)
(24 observations created)

Panel variable: usuario_id (strongly balanced)
 Time variable: te, 1 to 2
         Delta: 1 unit
(0 observations deleted)
(2,100 observations deleted)
(24 observations created)

Panel variable: usuario_id (strongly balanced)
 Time variable: te, 1 to 2
         Delta: 1 unit
(0 observations deleted)
(2,100 observations deleted)
(24 observations created)

Panel variable: usuario_id (strongly balanced)
 Time variable: te, 1 to 2
         Delta: 1 unit
(0 observations deleted)
(2,100 observations deleted)
(24 observations created)

Panel variable: usuario_id (strongly balanced)
 Time variable: te, 1 to 2
         Delta: 1 unit
(0 observations deleted)
(2,100 observations deleted)
(24 observations created)

Panel variable: usuario_id (strongly balanced)
 Time variable: te, 1 to 2
         Delta: 1 unit
(0 observations deleted)
(2,100 observations deleted)
(24 observations created)

Panel variable: usuario_id (strongly balanced)
 Time variable: te, 1 to 2
         Delta: 1 unit
(0 observations deleted)
(2,100 observations deleted)
(24 observations created)

Panel variable: usuario_id (strongly balanced)
 Time variable: te, 1 to 2
         Delta: 1 unit
(0 observations deleted)
(2,100 observations deleted)
(24 observations created)

Panel variable: usuario_id (strongly balanced)
 Time variable: te, 1 to 2
         Delta: 1 unit
(0 observations deleted)
(2,100 observations deleted)
(24 observations created)

Panel variable: usuario_id (strongly balanced)
 Time variable: te, 1 to 2
         Delta: 1 unit
(0 observations deleted)
(2,100 observations deleted)
(24 observations created)

Panel variable: usuario_id (strongly balanced)
 Time variable: te, 1 to 2
         Delta: 1 unit
(0 observations deleted)
(2,100 observations deleted)
(24 observations created)

Panel variable: usuario_id (strongly balanced)
 Time variable: te, 1 to 2
         Delta: 1 unit
(0 observations deleted)
(2,100 observations deleted)
(24 observations created)

Panel variable: usuario_id (strongly balanced)
 Time variable: te, 1 to 2
         Delta: 1 unit
(0 observations deleted)
(2,100 observations deleted)
(24 observations created)

Panel variable: usuario_id (strongly balanced)
 Time variable: te, 1 to 2
         Delta: 1 unit
(0 observations deleted)
(2,100 observations deleted)
(24 observations created)

Panel variable: usuario_id (strongly balanced)
 Time variable: te, 1 to 2
         Delta: 1 unit
(0 observations deleted)
(2,100 observations deleted)
(24 observations created)

Panel variable: usuario_id (strongly balanced)
 Time variable: te, 1 to 2
         Delta: 1 unit
(0 observations deleted)
(2,100 observations deleted)
(24 observations created)

Panel variable: usuario_id (strongly balanced)
 Time variable: te, 1 to 2
         Delta: 1 unit
(0 observations deleted)
(2,100 observations deleted)
(24 observations created)

Panel variable: usuario_id (strongly balanced)
 Time variable: te, 1 to 2
         Delta: 1 unit
(0 observations deleted)
(2,100 observations deleted)
(24 observations created)

Panel variable: usuario_id (strongly balanced)
 Time variable: te, 1 to 2
         Delta: 1 unit
(0 observations deleted)
(2,100 observations deleted)
(24 observations created)

Panel variable: usuario_id (strongly balanced)
 Time variable: te, 1 to 2
         Delta: 1 unit
(0 observations deleted)
(2,100 observations deleted)
(24 observations created)

Panel variable: usuario_id (strongly balanced)
 Time variable: te, 1 to 2
         Delta: 1 unit
(0 observations deleted)
(2,100 observations deleted)
(24 observations created)

Panel variable: usuario_id (strongly balanced)
 Time variable: te, 1 to 2
         Delta: 1 unit
(0 observations deleted)
(2,108 observations deleted)
4177 4179 4180 4181 4182 4183 4184 4185 4187 4190 4192 4198 4199 4202 4203 4204
(2,108 observations deleted)
(16 observations created)

Panel variable: usuario_id (strongly balanced)
 Time variable: te, 1 to 2
         Delta: 1 unit
(0 observations deleted)
(2,108 observations deleted)
(16 observations created)

Panel variable: usuario_id (strongly balanced)
 Time variable: te, 1 to 2
         Delta: 1 unit
(0 observations deleted)
(2,108 observations deleted)
(16 observations created)

Panel variable: usuario_id (strongly balanced)
 Time variable: te, 1 to 2
         Delta: 1 unit
(0 observations deleted)
(2,108 observations deleted)
(16 observations created)

Panel variable: usuario_id (strongly balanced)
 Time variable: te, 1 to 2
         Delta: 1 unit
(0 observations deleted)
(2,108 observations deleted)
(16 observations created)

Panel variable: usuario_id (strongly balanced)
 Time variable: te, 1 to 2
         Delta: 1 unit
(0 observations deleted)
(2,108 observations deleted)
(16 observations created)

Panel variable: usuario_id (strongly balanced)
 Time variable: te, 1 to 2
         Delta: 1 unit
(0 observations deleted)
(2,108 observations deleted)
(16 observations created)

Panel variable: usuario_id (strongly balanced)
 Time variable: te, 1 to 2
         Delta: 1 unit
(0 observations deleted)
(2,108 observations deleted)
(16 observations created)

Panel variable: usuario_id (strongly balanced)
 Time variable: te, 1 to 2
         Delta: 1 unit
(0 observations deleted)
(2,108 observations deleted)
(16 observations created)

Panel variable: usuario_id (strongly balanced)
 Time variable: te, 1 to 2
         Delta: 1 unit
(0 observations deleted)
(2,108 observations deleted)
(16 observations created)

Panel variable: usuario_id (strongly balanced)
 Time variable: te, 1 to 2
         Delta: 1 unit
(0 observations deleted)
(2,108 observations deleted)
(16 observations created)

Panel variable: usuario_id (strongly balanced)
 Time variable: te, 1 to 2
         Delta: 1 unit
(0 observations deleted)
(2,108 observations deleted)
(16 observations created)

Panel variable: usuario_id (strongly balanced)
 Time variable: te, 1 to 2
         Delta: 1 unit
(0 observations deleted)
(2,108 observations deleted)
(16 observations created)

Panel variable: usuario_id (strongly balanced)
 Time variable: te, 1 to 2
         Delta: 1 unit
(0 observations deleted)
(2,108 observations deleted)
(16 observations created)

Panel variable: usuario_id (strongly balanced)
 Time variable: te, 1 to 2
         Delta: 1 unit
(0 observations deleted)
(2,108 observations deleted)
(16 observations created)

Panel variable: usuario_id (strongly balanced)
 Time variable: te, 1 to 2
         Delta: 1 unit
(0 observations deleted)
(2,108 observations deleted)
(16 observations created)

Panel variable: usuario_id (strongly balanced)
 Time variable: te, 1 to 2
         Delta: 1 unit
(0 observations deleted)
(2,107 observations deleted)
4206 4207 4209 4210 4211 4212 4214 4216 4220 4222 4223 4224 4227 4229 4230 4232
>  4234
(2,107 observations deleted)
(17 observations created)

Panel variable: usuario_id (strongly balanced)
 Time variable: te, 1 to 2
         Delta: 1 unit
(16 observations deleted)
(2,107 observations deleted)
(17 observations created)

Panel variable: usuario_id (strongly balanced)
 Time variable: te, 1 to 2
         Delta: 1 unit
(16 observations deleted)
(2,107 observations deleted)
(17 observations created)

Panel variable: usuario_id (strongly balanced)
 Time variable: te, 1 to 2
         Delta: 1 unit
(16 observations deleted)
(2,107 observations deleted)
(17 observations created)

Panel variable: usuario_id (strongly balanced)
 Time variable: te, 1 to 2
         Delta: 1 unit
(16 observations deleted)
(2,107 observations deleted)
(17 observations created)

Panel variable: usuario_id (strongly balanced)
 Time variable: te, 1 to 2
         Delta: 1 unit
(16 observations deleted)
(2,107 observations deleted)
(17 observations created)

Panel variable: usuario_id (strongly balanced)
 Time variable: te, 1 to 2
         Delta: 1 unit
(16 observations deleted)
(2,107 observations deleted)
(17 observations created)

Panel variable: usuario_id (strongly balanced)
 Time variable: te, 1 to 2
         Delta: 1 unit
(16 observations deleted)
(2,107 observations deleted)
(17 observations created)

Panel variable: usuario_id (strongly balanced)
 Time variable: te, 1 to 2
         Delta: 1 unit
(16 observations deleted)
(2,107 observations deleted)
(17 observations created)

Panel variable: usuario_id (strongly balanced)
 Time variable: te, 1 to 2
         Delta: 1 unit
(16 observations deleted)
(2,107 observations deleted)
(17 observations created)

Panel variable: usuario_id (strongly balanced)
 Time variable: te, 1 to 2
         Delta: 1 unit
(16 observations deleted)
(2,107 observations deleted)
(17 observations created)

Panel variable: usuario_id (strongly balanced)
 Time variable: te, 1 to 2
         Delta: 1 unit
(16 observations deleted)
(2,107 observations deleted)
(17 observations created)

Panel variable: usuario_id (strongly balanced)
 Time variable: te, 1 to 2
         Delta: 1 unit
(16 observations deleted)
(2,107 observations deleted)
(17 observations created)

Panel variable: usuario_id (strongly balanced)
 Time variable: te, 1 to 2
         Delta: 1 unit
(16 observations deleted)
(2,107 observations deleted)
(17 observations created)

Panel variable: usuario_id (strongly balanced)
 Time variable: te, 1 to 2
         Delta: 1 unit
(16 observations deleted)
(2,107 observations deleted)
(17 observations created)

Panel variable: usuario_id (strongly balanced)
 Time variable: te, 1 to 2
         Delta: 1 unit
(16 observations deleted)
(2,107 observations deleted)
(17 observations created)

Panel variable: usuario_id (strongly balanced)
 Time variable: te, 1 to 2
         Delta: 1 unit
(16 observations deleted)
(2,107 observations deleted)
(17 observations created)

Panel variable: usuario_id (strongly balanced)
 Time variable: te, 1 to 2
         Delta: 1 unit
(16 observations deleted)
(2,105 observations deleted)
4235 4241 4243 4244 4245 4246 4247 4249 4250 4251 4252 4253 4254 4256 4257 4259
>  4260 4261 4262
(2,105 observations deleted)
(19 observations created)

Panel variable: usuario_id (strongly balanced)
 Time variable: te, 1 to 2
         Delta: 1 unit
(0 observations deleted)
(2,105 observations deleted)
(19 observations created)

Panel variable: usuario_id (strongly balanced)
 Time variable: te, 1 to 2
         Delta: 1 unit
(0 observations deleted)
(2,105 observations deleted)
(19 observations created)

Panel variable: usuario_id (strongly balanced)
 Time variable: te, 1 to 2
         Delta: 1 unit
(0 observations deleted)
(2,105 observations deleted)
(19 observations created)

Panel variable: usuario_id (strongly balanced)
 Time variable: te, 1 to 2
         Delta: 1 unit
(0 observations deleted)
(2,105 observations deleted)
(19 observations created)

Panel variable: usuario_id (strongly balanced)
 Time variable: te, 1 to 2
         Delta: 1 unit
(0 observations deleted)
(2,105 observations deleted)
(19 observations created)

Panel variable: usuario_id (strongly balanced)
 Time variable: te, 1 to 2
         Delta: 1 unit
(0 observations deleted)
(2,105 observations deleted)
(19 observations created)

Panel variable: usuario_id (strongly balanced)
 Time variable: te, 1 to 2
         Delta: 1 unit
(0 observations deleted)
(2,105 observations deleted)
(19 observations created)

Panel variable: usuario_id (strongly balanced)
 Time variable: te, 1 to 2
         Delta: 1 unit
(0 observations deleted)
(2,105 observations deleted)
(19 observations created)

Panel variable: usuario_id (strongly balanced)
 Time variable: te, 1 to 2
         Delta: 1 unit
(0 observations deleted)
(2,105 observations deleted)
(19 observations created)

Panel variable: usuario_id (strongly balanced)
 Time variable: te, 1 to 2
         Delta: 1 unit
(0 observations deleted)
(2,105 observations deleted)
(19 observations created)

Panel variable: usuario_id (strongly balanced)
 Time variable: te, 1 to 2
         Delta: 1 unit
(0 observations deleted)
(2,105 observations deleted)
(19 observations created)

Panel variable: usuario_id (strongly balanced)
 Time variable: te, 1 to 2
         Delta: 1 unit
(0 observations deleted)
(2,105 observations deleted)
(19 observations created)

Panel variable: usuario_id (strongly balanced)
 Time variable: te, 1 to 2
         Delta: 1 unit
(0 observations deleted)
(2,105 observations deleted)
(19 observations created)

Panel variable: usuario_id (strongly balanced)
 Time variable: te, 1 to 2
         Delta: 1 unit
(0 observations deleted)
(2,105 observations deleted)
(19 observations created)

Panel variable: usuario_id (strongly balanced)
 Time variable: te, 1 to 2
         Delta: 1 unit
(0 observations deleted)
(2,105 observations deleted)
(19 observations created)

Panel variable: usuario_id (strongly balanced)
 Time variable: te, 1 to 2
         Delta: 1 unit
(0 observations deleted)
(2,105 observations deleted)
(19 observations created)

Panel variable: usuario_id (strongly balanced)
 Time variable: te, 1 to 2
         Delta: 1 unit
(0 observations deleted)
(2,105 observations deleted)
(19 observations created)

Panel variable: usuario_id (strongly balanced)
 Time variable: te, 1 to 2
         Delta: 1 unit
(0 observations deleted)
(2,105 observations deleted)
(19 observations created)

Panel variable: usuario_id (strongly balanced)
 Time variable: te, 1 to 2
         Delta: 1 unit
(0 observations deleted)
(2,103 observations deleted)
4263 4264 4266 4267 4268 4269 4270 4274 4275 4276 4277 4279 4280 4285 4287 4288
>  4289 4290 4292 4293 4294
(2,103 observations deleted)
(21 observations created)

Panel variable: usuario_id (strongly balanced)
 Time variable: te, 1 to 2
         Delta: 1 unit
(20 observations deleted)
(2,103 observations deleted)
(21 observations created)

Panel variable: usuario_id (strongly balanced)
 Time variable: te, 1 to 2
         Delta: 1 unit
(20 observations deleted)
(2,103 observations deleted)
(21 observations created)

Panel variable: usuario_id (strongly balanced)
 Time variable: te, 1 to 2
         Delta: 1 unit
(20 observations deleted)
(2,103 observations deleted)
(21 observations created)

Panel variable: usuario_id (strongly balanced)
 Time variable: te, 1 to 2
         Delta: 1 unit
(20 observations deleted)
(2,103 observations deleted)
(21 observations created)

Panel variable: usuario_id (strongly balanced)
 Time variable: te, 1 to 2
         Delta: 1 unit
(20 observations deleted)
(2,103 observations deleted)
(21 observations created)

Panel variable: usuario_id (strongly balanced)
 Time variable: te, 1 to 2
         Delta: 1 unit
(20 observations deleted)
(2,103 observations deleted)
(21 observations created)

Panel variable: usuario_id (strongly balanced)
 Time variable: te, 1 to 2
         Delta: 1 unit
(20 observations deleted)
(2,103 observations deleted)
(21 observations created)

Panel variable: usuario_id (strongly balanced)
 Time variable: te, 1 to 2
         Delta: 1 unit
(20 observations deleted)
(2,103 observations deleted)
(21 observations created)

Panel variable: usuario_id (strongly balanced)
 Time variable: te, 1 to 2
         Delta: 1 unit
(20 observations deleted)
(2,103 observations deleted)
(21 observations created)

Panel variable: usuario_id (strongly balanced)
 Time variable: te, 1 to 2
         Delta: 1 unit
(20 observations deleted)
(2,103 observations deleted)
(21 observations created)

Panel variable: usuario_id (strongly balanced)
 Time variable: te, 1 to 2
         Delta: 1 unit
(20 observations deleted)
(2,103 observations deleted)
(21 observations created)

Panel variable: usuario_id (strongly balanced)
 Time variable: te, 1 to 2
         Delta: 1 unit
(20 observations deleted)
(2,103 observations deleted)
(21 observations created)

Panel variable: usuario_id (strongly balanced)
 Time variable: te, 1 to 2
         Delta: 1 unit
(20 observations deleted)
(2,103 observations deleted)
(21 observations created)

Panel variable: usuario_id (strongly balanced)
 Time variable: te, 1 to 2
         Delta: 1 unit
(20 observations deleted)
(2,103 observations deleted)
(21 observations created)

Panel variable: usuario_id (strongly balanced)
 Time variable: te, 1 to 2
         Delta: 1 unit
(20 observations deleted)
(2,103 observations deleted)
(21 observations created)

Panel variable: usuario_id (strongly balanced)
 Time variable: te, 1 to 2
         Delta: 1 unit
(20 observations deleted)
(2,103 observations deleted)
(21 observations created)

Panel variable: usuario_id (strongly balanced)
 Time variable: te, 1 to 2
         Delta: 1 unit
(20 observations deleted)
(2,103 observations deleted)
(21 observations created)

Panel variable: usuario_id (strongly balanced)
 Time variable: te, 1 to 2
         Delta: 1 unit
(20 observations deleted)
(2,103 observations deleted)
(21 observations created)

Panel variable: usuario_id (strongly balanced)
 Time variable: te, 1 to 2
         Delta: 1 unit
(20 observations deleted)
(2,103 observations deleted)
(21 observations created)

Panel variable: usuario_id (strongly balanced)
 Time variable: te, 1 to 2
         Delta: 1 unit
(20 observations deleted)
(2,103 observations deleted)
(21 observations created)

Panel variable: usuario_id (strongly balanced)
 Time variable: te, 1 to 2
         Delta: 1 unit
(20 observations deleted)
(2,106 observations deleted)
4271 4298 4299 4300 4302 4303 4304 4307 4309 4310 4311 4313 4314 4315 4316 4317
>  4318 4320
(2,106 observations deleted)
(18 observations created)

Panel variable: usuario_id (strongly balanced)
 Time variable: te, 1 to 2
         Delta: 1 unit
(0 observations deleted)
(2,106 observations deleted)
(18 observations created)

Panel variable: usuario_id (strongly balanced)
 Time variable: te, 1 to 2
         Delta: 1 unit
(0 observations deleted)
(2,106 observations deleted)
(18 observations created)

Panel variable: usuario_id (strongly balanced)
 Time variable: te, 1 to 2
         Delta: 1 unit
(0 observations deleted)
(2,106 observations deleted)
(18 observations created)

Panel variable: usuario_id (strongly balanced)
 Time variable: te, 1 to 2
         Delta: 1 unit
(0 observations deleted)
(2,106 observations deleted)
(18 observations created)

Panel variable: usuario_id (strongly balanced)
 Time variable: te, 1 to 2
         Delta: 1 unit
(0 observations deleted)
(2,106 observations deleted)
(18 observations created)

Panel variable: usuario_id (strongly balanced)
 Time variable: te, 1 to 2
         Delta: 1 unit
(0 observations deleted)
(2,106 observations deleted)
(18 observations created)

Panel variable: usuario_id (strongly balanced)
 Time variable: te, 1 to 2
         Delta: 1 unit
(0 observations deleted)
(2,106 observations deleted)
(18 observations created)

Panel variable: usuario_id (strongly balanced)
 Time variable: te, 1 to 2
         Delta: 1 unit
(0 observations deleted)
(2,106 observations deleted)
(18 observations created)

Panel variable: usuario_id (strongly balanced)
 Time variable: te, 1 to 2
         Delta: 1 unit
(0 observations deleted)
(2,106 observations deleted)
(18 observations created)

Panel variable: usuario_id (strongly balanced)
 Time variable: te, 1 to 2
         Delta: 1 unit
(0 observations deleted)
(2,106 observations deleted)
(18 observations created)

Panel variable: usuario_id (strongly balanced)
 Time variable: te, 1 to 2
         Delta: 1 unit
(0 observations deleted)
(2,106 observations deleted)
(18 observations created)

Panel variable: usuario_id (strongly balanced)
 Time variable: te, 1 to 2
         Delta: 1 unit
(0 observations deleted)
(2,106 observations deleted)
(18 observations created)

Panel variable: usuario_id (strongly balanced)
 Time variable: te, 1 to 2
         Delta: 1 unit
(0 observations deleted)
(2,106 observations deleted)
(18 observations created)

Panel variable: usuario_id (strongly balanced)
 Time variable: te, 1 to 2
         Delta: 1 unit
(0 observations deleted)
(2,106 observations deleted)
(18 observations created)

Panel variable: usuario_id (strongly balanced)
 Time variable: te, 1 to 2
         Delta: 1 unit
(0 observations deleted)
(2,106 observations deleted)
(18 observations created)

Panel variable: usuario_id (strongly balanced)
 Time variable: te, 1 to 2
         Delta: 1 unit
(0 observations deleted)
(2,106 observations deleted)
(18 observations created)

Panel variable: usuario_id (strongly balanced)
 Time variable: te, 1 to 2
         Delta: 1 unit
(0 observations deleted)
(2,106 observations deleted)
(18 observations created)

Panel variable: usuario_id (strongly balanced)
 Time variable: te, 1 to 2
         Delta: 1 unit
(0 observations deleted)
(2,102 observations deleted)
4321 4322 4323 4325 4326 4327 4330 4331 4332 4333 4335 4336 4337 4338 4339 4340
>  4341 4342 4343 4344 4345 4346
(2,102 observations deleted)
(22 observations created)

Panel variable: usuario_id (strongly balanced)
 Time variable: te, 1 to 2
         Delta: 1 unit
(21 observations deleted)
(2,102 observations deleted)
(22 observations created)

Panel variable: usuario_id (strongly balanced)
 Time variable: te, 1 to 2
         Delta: 1 unit
(21 observations deleted)
(2,102 observations deleted)
(22 observations created)

Panel variable: usuario_id (strongly balanced)
 Time variable: te, 1 to 2
         Delta: 1 unit
(21 observations deleted)
(2,102 observations deleted)
(22 observations created)

Panel variable: usuario_id (strongly balanced)
 Time variable: te, 1 to 2
         Delta: 1 unit
(21 observations deleted)
(2,102 observations deleted)
(22 observations created)

Panel variable: usuario_id (strongly balanced)
 Time variable: te, 1 to 2
         Delta: 1 unit
(21 observations deleted)
(2,102 observations deleted)
(22 observations created)

Panel variable: usuario_id (strongly balanced)
 Time variable: te, 1 to 2
         Delta: 1 unit
(21 observations deleted)
(2,102 observations deleted)
(22 observations created)

Panel variable: usuario_id (strongly balanced)
 Time variable: te, 1 to 2
         Delta: 1 unit
(21 observations deleted)
(2,102 observations deleted)
(22 observations created)

Panel variable: usuario_id (strongly balanced)
 Time variable: te, 1 to 2
         Delta: 1 unit
(21 observations deleted)
(2,102 observations deleted)
(22 observations created)

Panel variable: usuario_id (strongly balanced)
 Time variable: te, 1 to 2
         Delta: 1 unit
(21 observations deleted)
(2,102 observations deleted)
(22 observations created)

Panel variable: usuario_id (strongly balanced)
 Time variable: te, 1 to 2
         Delta: 1 unit
(21 observations deleted)
(2,102 observations deleted)
(22 observations created)

Panel variable: usuario_id (strongly balanced)
 Time variable: te, 1 to 2
         Delta: 1 unit
(21 observations deleted)
(2,102 observations deleted)
(22 observations created)

Panel variable: usuario_id (strongly balanced)
 Time variable: te, 1 to 2
         Delta: 1 unit
(21 observations deleted)
(2,102 observations deleted)
(22 observations created)

Panel variable: usuario_id (strongly balanced)
 Time variable: te, 1 to 2
         Delta: 1 unit
(21 observations deleted)
(2,102 observations deleted)
(22 observations created)

Panel variable: usuario_id (strongly balanced)
 Time variable: te, 1 to 2
         Delta: 1 unit
(21 observations deleted)
(2,102 observations deleted)
(22 observations created)

Panel variable: usuario_id (strongly balanced)
 Time variable: te, 1 to 2
         Delta: 1 unit
(21 observations deleted)
(2,102 observations deleted)
(22 observations created)

Panel variable: usuario_id (strongly balanced)
 Time variable: te, 1 to 2
         Delta: 1 unit
(21 observations deleted)
(2,102 observations deleted)
(22 observations created)

Panel variable: usuario_id (strongly balanced)
 Time variable: te, 1 to 2
         Delta: 1 unit
(21 observations deleted)
(2,102 observations deleted)
(22 observations created)

Panel variable: usuario_id (strongly balanced)
 Time variable: te, 1 to 2
         Delta: 1 unit
(21 observations deleted)
(2,102 observations deleted)
(22 observations created)

Panel variable: usuario_id (strongly balanced)
 Time variable: te, 1 to 2
         Delta: 1 unit
(21 observations deleted)
(2,102 observations deleted)
(22 observations created)

Panel variable: usuario_id (strongly balanced)
 Time variable: te, 1 to 2
         Delta: 1 unit
(21 observations deleted)
(2,102 observations deleted)
(22 observations created)

Panel variable: usuario_id (strongly balanced)
 Time variable: te, 1 to 2
         Delta: 1 unit
(21 observations deleted)
(2,102 observations deleted)
(22 observations created)

Panel variable: usuario_id (strongly balanced)
 Time variable: te, 1 to 2
         Delta: 1 unit
(21 observations deleted)
(2,102 observations deleted)
4347 4348 4349 4350 4351 4352 4353 4354 4355 4356 4357 4358 4359 4360 4361 4362
>  4363 4364 4365 4366 4370 4371
(2,102 observations deleted)
(22 observations created)

Panel variable: usuario_id (strongly balanced)
 Time variable: te, 1 to 2
         Delta: 1 unit
(21 observations deleted)
(2,102 observations deleted)
(22 observations created)

Panel variable: usuario_id (strongly balanced)
 Time variable: te, 1 to 2
         Delta: 1 unit
(21 observations deleted)
(2,102 observations deleted)
(22 observations created)

Panel variable: usuario_id (strongly balanced)
 Time variable: te, 1 to 2
         Delta: 1 unit
(21 observations deleted)
(2,102 observations deleted)
(22 observations created)

Panel variable: usuario_id (strongly balanced)
 Time variable: te, 1 to 2
         Delta: 1 unit
(21 observations deleted)
(2,102 observations deleted)
(22 observations created)

Panel variable: usuario_id (strongly balanced)
 Time variable: te, 1 to 2
         Delta: 1 unit
(21 observations deleted)
(2,102 observations deleted)
(22 observations created)

Panel variable: usuario_id (strongly balanced)
 Time variable: te, 1 to 2
         Delta: 1 unit
(21 observations deleted)
(2,102 observations deleted)
(22 observations created)

Panel variable: usuario_id (strongly balanced)
 Time variable: te, 1 to 2
         Delta: 1 unit
(21 observations deleted)
(2,102 observations deleted)
(22 observations created)

Panel variable: usuario_id (strongly balanced)
 Time variable: te, 1 to 2
         Delta: 1 unit
(21 observations deleted)
(2,102 observations deleted)
(22 observations created)

Panel variable: usuario_id (strongly balanced)
 Time variable: te, 1 to 2
         Delta: 1 unit
(21 observations deleted)
(2,102 observations deleted)
(22 observations created)

Panel variable: usuario_id (strongly balanced)
 Time variable: te, 1 to 2
         Delta: 1 unit
(21 observations deleted)
(2,102 observations deleted)
(22 observations created)

Panel variable: usuario_id (strongly balanced)
 Time variable: te, 1 to 2
         Delta: 1 unit
(21 observations deleted)
(2,102 observations deleted)
(22 observations created)

Panel variable: usuario_id (strongly balanced)
 Time variable: te, 1 to 2
         Delta: 1 unit
(21 observations deleted)
(2,102 observations deleted)
(22 observations created)

Panel variable: usuario_id (strongly balanced)
 Time variable: te, 1 to 2
         Delta: 1 unit
(21 observations deleted)
(2,102 observations deleted)
(22 observations created)

Panel variable: usuario_id (strongly balanced)
 Time variable: te, 1 to 2
         Delta: 1 unit
(21 observations deleted)
(2,102 observations deleted)
(22 observations created)

Panel variable: usuario_id (strongly balanced)
 Time variable: te, 1 to 2
         Delta: 1 unit
(21 observations deleted)
(2,102 observations deleted)
(22 observations created)

Panel variable: usuario_id (strongly balanced)
 Time variable: te, 1 to 2
         Delta: 1 unit
(21 observations deleted)
(2,102 observations deleted)
(22 observations created)

Panel variable: usuario_id (strongly balanced)
 Time variable: te, 1 to 2
         Delta: 1 unit
(21 observations deleted)
(2,102 observations deleted)
(22 observations created)

Panel variable: usuario_id (strongly balanced)
 Time variable: te, 1 to 2
         Delta: 1 unit
(21 observations deleted)
(2,102 observations deleted)
(22 observations created)

Panel variable: usuario_id (strongly balanced)
 Time variable: te, 1 to 2
         Delta: 1 unit
(21 observations deleted)
(2,102 observations deleted)
(22 observations created)

Panel variable: usuario_id (strongly balanced)
 Time variable: te, 1 to 2
         Delta: 1 unit
(21 observations deleted)
(2,102 observations deleted)
(22 observations created)

Panel variable: usuario_id (strongly balanced)
 Time variable: te, 1 to 2
         Delta: 1 unit
(21 observations deleted)
(2,102 observations deleted)
(22 observations created)

Panel variable: usuario_id (strongly balanced)
 Time variable: te, 1 to 2
         Delta: 1 unit
(21 observations deleted)
(2,103 observations deleted)
4372 4373 4374 4375 4376 4377 4379 4380 4381 4382 4383 4384 4386 4387 4388 4390
>  4391 4394 4395 4396 4397
(2,103 observations deleted)
(21 observations created)

Panel variable: usuario_id (strongly balanced)
 Time variable: te, 1 to 2
         Delta: 1 unit
(0 observations deleted)
(2,103 observations deleted)
(21 observations created)

Panel variable: usuario_id (strongly balanced)
 Time variable: te, 1 to 2
         Delta: 1 unit
(0 observations deleted)
(2,103 observations deleted)
(21 observations created)

Panel variable: usuario_id (strongly balanced)
 Time variable: te, 1 to 2
         Delta: 1 unit
(0 observations deleted)
(2,103 observations deleted)
(21 observations created)

Panel variable: usuario_id (strongly balanced)
 Time variable: te, 1 to 2
         Delta: 1 unit
(0 observations deleted)
(2,103 observations deleted)
(21 observations created)

Panel variable: usuario_id (strongly balanced)
 Time variable: te, 1 to 2
         Delta: 1 unit
(0 observations deleted)
(2,103 observations deleted)
(21 observations created)

Panel variable: usuario_id (strongly balanced)
 Time variable: te, 1 to 2
         Delta: 1 unit
(0 observations deleted)
(2,103 observations deleted)
(21 observations created)

Panel variable: usuario_id (strongly balanced)
 Time variable: te, 1 to 2
         Delta: 1 unit
(0 observations deleted)
(2,103 observations deleted)
(21 observations created)

Panel variable: usuario_id (strongly balanced)
 Time variable: te, 1 to 2
         Delta: 1 unit
(0 observations deleted)
(2,103 observations deleted)
(21 observations created)

Panel variable: usuario_id (strongly balanced)
 Time variable: te, 1 to 2
         Delta: 1 unit
(0 observations deleted)
(2,103 observations deleted)
(21 observations created)

Panel variable: usuario_id (strongly balanced)
 Time variable: te, 1 to 2
         Delta: 1 unit
(0 observations deleted)
(2,103 observations deleted)
(21 observations created)

Panel variable: usuario_id (strongly balanced)
 Time variable: te, 1 to 2
         Delta: 1 unit
(0 observations deleted)
(2,103 observations deleted)
(21 observations created)

Panel variable: usuario_id (strongly balanced)
 Time variable: te, 1 to 2
         Delta: 1 unit
(0 observations deleted)
(2,103 observations deleted)
(21 observations created)

Panel variable: usuario_id (strongly balanced)
 Time variable: te, 1 to 2
         Delta: 1 unit
(0 observations deleted)
(2,103 observations deleted)
(21 observations created)

Panel variable: usuario_id (strongly balanced)
 Time variable: te, 1 to 2
         Delta: 1 unit
(0 observations deleted)
(2,103 observations deleted)
(21 observations created)

Panel variable: usuario_id (strongly balanced)
 Time variable: te, 1 to 2
         Delta: 1 unit
(0 observations deleted)
(2,103 observations deleted)
(21 observations created)

Panel variable: usuario_id (strongly balanced)
 Time variable: te, 1 to 2
         Delta: 1 unit
(0 observations deleted)
(2,103 observations deleted)
(21 observations created)

Panel variable: usuario_id (strongly balanced)
 Time variable: te, 1 to 2
         Delta: 1 unit
(0 observations deleted)
(2,103 observations deleted)
(21 observations created)

Panel variable: usuario_id (strongly balanced)
 Time variable: te, 1 to 2
         Delta: 1 unit
(0 observations deleted)
(2,103 observations deleted)
(21 observations created)

Panel variable: usuario_id (strongly balanced)
 Time variable: te, 1 to 2
         Delta: 1 unit
(0 observations deleted)
(2,103 observations deleted)
(21 observations created)

Panel variable: usuario_id (strongly balanced)
 Time variable: te, 1 to 2
         Delta: 1 unit
(0 observations deleted)
(2,103 observations deleted)
(21 observations created)

Panel variable: usuario_id (strongly balanced)
 Time variable: te, 1 to 2
         Delta: 1 unit
(0 observations deleted)
(2,099 observations deleted)
4398 4399 4401 4402 4403 4405 4406 4407 4408 4409 4410 4411 4413 4414 4415 4416
>  4417 4418 4419 4420 4421 4422 4423 4424 4425
(2,099 observations deleted)
(25 observations created)

Panel variable: usuario_id (strongly balanced)
 Time variable: te, 1 to 2
         Delta: 1 unit
(24 observations deleted)
(2,099 observations deleted)
(25 observations created)

Panel variable: usuario_id (strongly balanced)
 Time variable: te, 1 to 2
         Delta: 1 unit
(24 observations deleted)
(2,099 observations deleted)
(25 observations created)

Panel variable: usuario_id (strongly balanced)
 Time variable: te, 1 to 2
         Delta: 1 unit
(24 observations deleted)
(2,099 observations deleted)
(25 observations created)

Panel variable: usuario_id (strongly balanced)
 Time variable: te, 1 to 2
         Delta: 1 unit
(24 observations deleted)
(2,099 observations deleted)
(25 observations created)

Panel variable: usuario_id (strongly balanced)
 Time variable: te, 1 to 2
         Delta: 1 unit
(24 observations deleted)
(2,099 observations deleted)
(25 observations created)

Panel variable: usuario_id (strongly balanced)
 Time variable: te, 1 to 2
         Delta: 1 unit
(24 observations deleted)
(2,099 observations deleted)
(25 observations created)

Panel variable: usuario_id (strongly balanced)
 Time variable: te, 1 to 2
         Delta: 1 unit
(24 observations deleted)
(2,099 observations deleted)
(25 observations created)

Panel variable: usuario_id (strongly balanced)
 Time variable: te, 1 to 2
         Delta: 1 unit
(24 observations deleted)
(2,099 observations deleted)
(25 observations created)

Panel variable: usuario_id (strongly balanced)
 Time variable: te, 1 to 2
         Delta: 1 unit
(24 observations deleted)
(2,099 observations deleted)
(25 observations created)

Panel variable: usuario_id (strongly balanced)
 Time variable: te, 1 to 2
         Delta: 1 unit
(24 observations deleted)
(2,099 observations deleted)
(25 observations created)

Panel variable: usuario_id (strongly balanced)
 Time variable: te, 1 to 2
         Delta: 1 unit
(24 observations deleted)
(2,099 observations deleted)
(25 observations created)

Panel variable: usuario_id (strongly balanced)
 Time variable: te, 1 to 2
         Delta: 1 unit
(24 observations deleted)
(2,099 observations deleted)
(25 observations created)

Panel variable: usuario_id (strongly balanced)
 Time variable: te, 1 to 2
         Delta: 1 unit
(24 observations deleted)
(2,099 observations deleted)
(25 observations created)

Panel variable: usuario_id (strongly balanced)
 Time variable: te, 1 to 2
         Delta: 1 unit
(24 observations deleted)
(2,099 observations deleted)
(25 observations created)

Panel variable: usuario_id (strongly balanced)
 Time variable: te, 1 to 2
         Delta: 1 unit
(24 observations deleted)
(2,099 observations deleted)
(25 observations created)

Panel variable: usuario_id (strongly balanced)
 Time variable: te, 1 to 2
         Delta: 1 unit
(24 observations deleted)
(2,099 observations deleted)
(25 observations created)

Panel variable: usuario_id (strongly balanced)
 Time variable: te, 1 to 2
         Delta: 1 unit
(24 observations deleted)
(2,099 observations deleted)
(25 observations created)

Panel variable: usuario_id (strongly balanced)
 Time variable: te, 1 to 2
         Delta: 1 unit
(24 observations deleted)
(2,099 observations deleted)
(25 observations created)

Panel variable: usuario_id (strongly balanced)
 Time variable: te, 1 to 2
         Delta: 1 unit
(24 observations deleted)
(2,099 observations deleted)
(25 observations created)

Panel variable: usuario_id (strongly balanced)
 Time variable: te, 1 to 2
         Delta: 1 unit
(24 observations deleted)
(2,099 observations deleted)
(25 observations created)

Panel variable: usuario_id (strongly balanced)
 Time variable: te, 1 to 2
         Delta: 1 unit
(24 observations deleted)
(2,099 observations deleted)
(25 observations created)

Panel variable: usuario_id (strongly balanced)
 Time variable: te, 1 to 2
         Delta: 1 unit
(24 observations deleted)
(2,099 observations deleted)
(25 observations created)

Panel variable: usuario_id (strongly balanced)
 Time variable: te, 1 to 2
         Delta: 1 unit
(24 observations deleted)
(2,099 observations deleted)
(25 observations created)

Panel variable: usuario_id (strongly balanced)
 Time variable: te, 1 to 2
         Delta: 1 unit
(24 observations deleted)
(2,099 observations deleted)
(25 observations created)

Panel variable: usuario_id (strongly balanced)
 Time variable: te, 1 to 2
         Delta: 1 unit
(24 observations deleted)
(2,098 observations deleted)
4426 4427 4428 4429 4430 4431 4432 4433 4434 4435 4436 4437 4438 4439 4440 4441
>  4442 4443 4444 4445 4446 4447 4448 4449 4450 4451
(2,098 observations deleted)
(26 observations created)

Panel variable: usuario_id (strongly balanced)
 Time variable: te, 1 to 2
         Delta: 1 unit
(0 observations deleted)
(2,098 observations deleted)
(26 observations created)

Panel variable: usuario_id (strongly balanced)
 Time variable: te, 1 to 2
         Delta: 1 unit
(0 observations deleted)
(2,098 observations deleted)
(26 observations created)

Panel variable: usuario_id (strongly balanced)
 Time variable: te, 1 to 2
         Delta: 1 unit
(0 observations deleted)
(2,098 observations deleted)
(26 observations created)

Panel variable: usuario_id (strongly balanced)
 Time variable: te, 1 to 2
         Delta: 1 unit
(0 observations deleted)
(2,098 observations deleted)
(26 observations created)

Panel variable: usuario_id (strongly balanced)
 Time variable: te, 1 to 2
         Delta: 1 unit
(0 observations deleted)
(2,098 observations deleted)
(26 observations created)

Panel variable: usuario_id (strongly balanced)
 Time variable: te, 1 to 2
         Delta: 1 unit
(0 observations deleted)
(2,098 observations deleted)
(26 observations created)

Panel variable: usuario_id (strongly balanced)
 Time variable: te, 1 to 2
         Delta: 1 unit
(0 observations deleted)
(2,098 observations deleted)
(26 observations created)

Panel variable: usuario_id (strongly balanced)
 Time variable: te, 1 to 2
         Delta: 1 unit
(0 observations deleted)
(2,098 observations deleted)
(26 observations created)

Panel variable: usuario_id (strongly balanced)
 Time variable: te, 1 to 2
         Delta: 1 unit
(0 observations deleted)
(2,098 observations deleted)
(26 observations created)

Panel variable: usuario_id (strongly balanced)
 Time variable: te, 1 to 2
         Delta: 1 unit
(0 observations deleted)
(2,098 observations deleted)
(26 observations created)

Panel variable: usuario_id (strongly balanced)
 Time variable: te, 1 to 2
         Delta: 1 unit
(0 observations deleted)
(2,098 observations deleted)
(26 observations created)

Panel variable: usuario_id (strongly balanced)
 Time variable: te, 1 to 2
         Delta: 1 unit
(0 observations deleted)
(2,098 observations deleted)
(26 observations created)

Panel variable: usuario_id (strongly balanced)
 Time variable: te, 1 to 2
         Delta: 1 unit
(0 observations deleted)
(2,098 observations deleted)
(26 observations created)

Panel variable: usuario_id (strongly balanced)
 Time variable: te, 1 to 2
         Delta: 1 unit
(0 observations deleted)
(2,098 observations deleted)
(26 observations created)

Panel variable: usuario_id (strongly balanced)
 Time variable: te, 1 to 2
         Delta: 1 unit
(0 observations deleted)
(2,098 observations deleted)
(26 observations created)

Panel variable: usuario_id (strongly balanced)
 Time variable: te, 1 to 2
         Delta: 1 unit
(0 observations deleted)
(2,098 observations deleted)
(26 observations created)

Panel variable: usuario_id (strongly balanced)
 Time variable: te, 1 to 2
         Delta: 1 unit
(0 observations deleted)
(2,098 observations deleted)
(26 observations created)

Panel variable: usuario_id (strongly balanced)
 Time variable: te, 1 to 2
         Delta: 1 unit
(0 observations deleted)
(2,098 observations deleted)
(26 observations created)

Panel variable: usuario_id (strongly balanced)
 Time variable: te, 1 to 2
         Delta: 1 unit
(0 observations deleted)
(2,098 observations deleted)
(26 observations created)

Panel variable: usuario_id (strongly balanced)
 Time variable: te, 1 to 2
         Delta: 1 unit
(0 observations deleted)
(2,098 observations deleted)
(26 observations created)

Panel variable: usuario_id (strongly balanced)
 Time variable: te, 1 to 2
         Delta: 1 unit
(0 observations deleted)
(2,098 observations deleted)
(26 observations created)

Panel variable: usuario_id (strongly balanced)
 Time variable: te, 1 to 2
         Delta: 1 unit
(0 observations deleted)
(2,098 observations deleted)
(26 observations created)

Panel variable: usuario_id (strongly balanced)
 Time variable: te, 1 to 2
         Delta: 1 unit
(0 observations deleted)
(2,098 observations deleted)
(26 observations created)

Panel variable: usuario_id (strongly balanced)
 Time variable: te, 1 to 2
         Delta: 1 unit
(0 observations deleted)
(2,098 observations deleted)
(26 observations created)

Panel variable: usuario_id (strongly balanced)
 Time variable: te, 1 to 2
         Delta: 1 unit
(0 observations deleted)
(2,098 observations deleted)
(26 observations created)

Panel variable: usuario_id (strongly balanced)
 Time variable: te, 1 to 2
         Delta: 1 unit
(0 observations deleted)
(2,101 observations deleted)
4453 4454 4455 4456 4457 4458 4459 4460 4461 4463 4464 4465 4466 4467 4468 4469
>  4470 4471 4472 4473 4474 4475 4477
(2,101 observations deleted)
(23 observations created)

Panel variable: usuario_id (strongly balanced)
 Time variable: te, 1 to 2
         Delta: 1 unit
(0 observations deleted)
(2,101 observations deleted)
(23 observations created)

Panel variable: usuario_id (strongly balanced)
 Time variable: te, 1 to 2
         Delta: 1 unit
(0 observations deleted)
(2,101 observations deleted)
(23 observations created)

Panel variable: usuario_id (strongly balanced)
 Time variable: te, 1 to 2
         Delta: 1 unit
(0 observations deleted)
(2,101 observations deleted)
(23 observations created)

Panel variable: usuario_id (strongly balanced)
 Time variable: te, 1 to 2
         Delta: 1 unit
(0 observations deleted)
(2,101 observations deleted)
(23 observations created)

Panel variable: usuario_id (strongly balanced)
 Time variable: te, 1 to 2
         Delta: 1 unit
(0 observations deleted)
(2,101 observations deleted)
(23 observations created)

Panel variable: usuario_id (strongly balanced)
 Time variable: te, 1 to 2
         Delta: 1 unit
(0 observations deleted)
(2,101 observations deleted)
(23 observations created)

Panel variable: usuario_id (strongly balanced)
 Time variable: te, 1 to 2
         Delta: 1 unit
(0 observations deleted)
(2,101 observations deleted)
(23 observations created)

Panel variable: usuario_id (strongly balanced)
 Time variable: te, 1 to 2
         Delta: 1 unit
(0 observations deleted)
(2,101 observations deleted)
(23 observations created)

Panel variable: usuario_id (strongly balanced)
 Time variable: te, 1 to 2
         Delta: 1 unit
(0 observations deleted)
(2,101 observations deleted)
(23 observations created)

Panel variable: usuario_id (strongly balanced)
 Time variable: te, 1 to 2
         Delta: 1 unit
(0 observations deleted)
(2,101 observations deleted)
(23 observations created)

Panel variable: usuario_id (strongly balanced)
 Time variable: te, 1 to 2
         Delta: 1 unit
(0 observations deleted)
(2,101 observations deleted)
(23 observations created)

Panel variable: usuario_id (strongly balanced)
 Time variable: te, 1 to 2
         Delta: 1 unit
(0 observations deleted)
(2,101 observations deleted)
(23 observations created)

Panel variable: usuario_id (strongly balanced)
 Time variable: te, 1 to 2
         Delta: 1 unit
(0 observations deleted)
(2,101 observations deleted)
(23 observations created)

Panel variable: usuario_id (strongly balanced)
 Time variable: te, 1 to 2
         Delta: 1 unit
(0 observations deleted)
(2,101 observations deleted)
(23 observations created)

Panel variable: usuario_id (strongly balanced)
 Time variable: te, 1 to 2
         Delta: 1 unit
(0 observations deleted)
(2,101 observations deleted)
(23 observations created)

Panel variable: usuario_id (strongly balanced)
 Time variable: te, 1 to 2
         Delta: 1 unit
(0 observations deleted)
(2,101 observations deleted)
(23 observations created)

Panel variable: usuario_id (strongly balanced)
 Time variable: te, 1 to 2
         Delta: 1 unit
(0 observations deleted)
(2,101 observations deleted)
(23 observations created)

Panel variable: usuario_id (strongly balanced)
 Time variable: te, 1 to 2
         Delta: 1 unit
(0 observations deleted)
(2,101 observations deleted)
(23 observations created)

Panel variable: usuario_id (strongly balanced)
 Time variable: te, 1 to 2
         Delta: 1 unit
(0 observations deleted)
(2,101 observations deleted)
(23 observations created)

Panel variable: usuario_id (strongly balanced)
 Time variable: te, 1 to 2
         Delta: 1 unit
(0 observations deleted)
(2,101 observations deleted)
(23 observations created)

Panel variable: usuario_id (strongly balanced)
 Time variable: te, 1 to 2
         Delta: 1 unit
(0 observations deleted)
(2,101 observations deleted)
(23 observations created)

Panel variable: usuario_id (strongly balanced)
 Time variable: te, 1 to 2
         Delta: 1 unit
(0 observations deleted)
(2,101 observations deleted)
(23 observations created)

Panel variable: usuario_id (strongly balanced)
 Time variable: te, 1 to 2
         Delta: 1 unit
(0 observations deleted)
(2,109 observations deleted)
4329 4334 4478 4479 4480 4482 4483 4484 4487 4489 4490 4492 4495 4498 4499
(2,109 observations deleted)
(15 observations created)

Panel variable: usuario_id (strongly balanced)
 Time variable: te, 1 to 2
         Delta: 1 unit
(14 observations deleted)
(2,109 observations deleted)
(15 observations created)

Panel variable: usuario_id (strongly balanced)
 Time variable: te, 1 to 2
         Delta: 1 unit
(14 observations deleted)
(2,109 observations deleted)
(15 observations created)

Panel variable: usuario_id (strongly balanced)
 Time variable: te, 1 to 2
         Delta: 1 unit
(14 observations deleted)
(2,109 observations deleted)
(15 observations created)

Panel variable: usuario_id (strongly balanced)
 Time variable: te, 1 to 2
         Delta: 1 unit
(14 observations deleted)
(2,109 observations deleted)
(15 observations created)

Panel variable: usuario_id (strongly balanced)
 Time variable: te, 1 to 2
         Delta: 1 unit
(14 observations deleted)
(2,109 observations deleted)
(15 observations created)

Panel variable: usuario_id (strongly balanced)
 Time variable: te, 1 to 2
         Delta: 1 unit
(14 observations deleted)
(2,109 observations deleted)
(15 observations created)

Panel variable: usuario_id (strongly balanced)
 Time variable: te, 1 to 2
         Delta: 1 unit
(14 observations deleted)
(2,109 observations deleted)
(15 observations created)

Panel variable: usuario_id (strongly balanced)
 Time variable: te, 1 to 2
         Delta: 1 unit
(14 observations deleted)
(2,109 observations deleted)
(15 observations created)

Panel variable: usuario_id (strongly balanced)
 Time variable: te, 1 to 2
         Delta: 1 unit
(14 observations deleted)
(2,109 observations deleted)
(15 observations created)

Panel variable: usuario_id (strongly balanced)
 Time variable: te, 1 to 2
         Delta: 1 unit
(14 observations deleted)
(2,109 observations deleted)
(15 observations created)

Panel variable: usuario_id (strongly balanced)
 Time variable: te, 1 to 2
         Delta: 1 unit
(14 observations deleted)
(2,109 observations deleted)
(15 observations created)

Panel variable: usuario_id (strongly balanced)
 Time variable: te, 1 to 2
         Delta: 1 unit
(14 observations deleted)
(2,109 observations deleted)
(15 observations created)

Panel variable: usuario_id (strongly balanced)
 Time variable: te, 1 to 2
         Delta: 1 unit
(14 observations deleted)
(2,109 observations deleted)
(15 observations created)

Panel variable: usuario_id (strongly balanced)
 Time variable: te, 1 to 2
         Delta: 1 unit
(14 observations deleted)
(2,109 observations deleted)
(15 observations created)

Panel variable: usuario_id (strongly balanced)
 Time variable: te, 1 to 2
         Delta: 1 unit
(14 observations deleted)
(2,110 observations deleted)
4503 4504 4506 4509 4510 4513 4516 4522 4523 4524 4525 4526 4528 4529
(2,110 observations deleted)
(14 observations created)

Panel variable: usuario_id (strongly balanced)
 Time variable: te, 1 to 2
         Delta: 1 unit
(13 observations deleted)
(2,110 observations deleted)
(14 observations created)

Panel variable: usuario_id (strongly balanced)
 Time variable: te, 1 to 2
         Delta: 1 unit
(13 observations deleted)
(2,110 observations deleted)
(14 observations created)

Panel variable: usuario_id (strongly balanced)
 Time variable: te, 1 to 2
         Delta: 1 unit
(13 observations deleted)
(2,110 observations deleted)
(14 observations created)

Panel variable: usuario_id (strongly balanced)
 Time variable: te, 1 to 2
         Delta: 1 unit
(13 observations deleted)
(2,110 observations deleted)
(14 observations created)

Panel variable: usuario_id (strongly balanced)
 Time variable: te, 1 to 2
         Delta: 1 unit
(13 observations deleted)
(2,110 observations deleted)
(14 observations created)

Panel variable: usuario_id (strongly balanced)
 Time variable: te, 1 to 2
         Delta: 1 unit
(13 observations deleted)
(2,110 observations deleted)
(14 observations created)

Panel variable: usuario_id (strongly balanced)
 Time variable: te, 1 to 2
         Delta: 1 unit
(13 observations deleted)
(2,110 observations deleted)
(14 observations created)

Panel variable: usuario_id (strongly balanced)
 Time variable: te, 1 to 2
         Delta: 1 unit
(13 observations deleted)
(2,110 observations deleted)
(14 observations created)

Panel variable: usuario_id (strongly balanced)
 Time variable: te, 1 to 2
         Delta: 1 unit
(13 observations deleted)
(2,110 observations deleted)
(14 observations created)

Panel variable: usuario_id (strongly balanced)
 Time variable: te, 1 to 2
         Delta: 1 unit
(13 observations deleted)
(2,110 observations deleted)
(14 observations created)

Panel variable: usuario_id (strongly balanced)
 Time variable: te, 1 to 2
         Delta: 1 unit
(13 observations deleted)
(2,110 observations deleted)
(14 observations created)

Panel variable: usuario_id (strongly balanced)
 Time variable: te, 1 to 2
         Delta: 1 unit
(13 observations deleted)
(2,110 observations deleted)
(14 observations created)

Panel variable: usuario_id (strongly balanced)
 Time variable: te, 1 to 2
         Delta: 1 unit
(13 observations deleted)
(2,110 observations deleted)
(14 observations created)

Panel variable: usuario_id (strongly balanced)
 Time variable: te, 1 to 2
         Delta: 1 unit
(13 observations deleted)
(2,110 observations deleted)
4531 4533 4536 4540 4541 4543 4544 4547 4548 4551 4552 4555 4557 4558
(2,110 observations deleted)
(14 observations created)

Panel variable: usuario_id (strongly balanced)
 Time variable: te, 1 to 2
         Delta: 1 unit
(13 observations deleted)
(2,110 observations deleted)
(14 observations created)

Panel variable: usuario_id (strongly balanced)
 Time variable: te, 1 to 2
         Delta: 1 unit
(13 observations deleted)
(2,110 observations deleted)
(14 observations created)

Panel variable: usuario_id (strongly balanced)
 Time variable: te, 1 to 2
         Delta: 1 unit
(13 observations deleted)
(2,110 observations deleted)
(14 observations created)

Panel variable: usuario_id (strongly balanced)
 Time variable: te, 1 to 2
         Delta: 1 unit
(13 observations deleted)
(2,110 observations deleted)
(14 observations created)

Panel variable: usuario_id (strongly balanced)
 Time variable: te, 1 to 2
         Delta: 1 unit
(13 observations deleted)
(2,110 observations deleted)
(14 observations created)

Panel variable: usuario_id (strongly balanced)
 Time variable: te, 1 to 2
         Delta: 1 unit
(13 observations deleted)
(2,110 observations deleted)
(14 observations created)

Panel variable: usuario_id (strongly balanced)
 Time variable: te, 1 to 2
         Delta: 1 unit
(13 observations deleted)
(2,110 observations deleted)
(14 observations created)

Panel variable: usuario_id (strongly balanced)
 Time variable: te, 1 to 2
         Delta: 1 unit
(13 observations deleted)
(2,110 observations deleted)
(14 observations created)

Panel variable: usuario_id (strongly balanced)
 Time variable: te, 1 to 2
         Delta: 1 unit
(13 observations deleted)
(2,110 observations deleted)
(14 observations created)

Panel variable: usuario_id (strongly balanced)
 Time variable: te, 1 to 2
         Delta: 1 unit
(13 observations deleted)
(2,110 observations deleted)
(14 observations created)

Panel variable: usuario_id (strongly balanced)
 Time variable: te, 1 to 2
         Delta: 1 unit
(13 observations deleted)
(2,110 observations deleted)
(14 observations created)

Panel variable: usuario_id (strongly balanced)
 Time variable: te, 1 to 2
         Delta: 1 unit
(13 observations deleted)
(2,110 observations deleted)
(14 observations created)

Panel variable: usuario_id (strongly balanced)
 Time variable: te, 1 to 2
         Delta: 1 unit
(13 observations deleted)
(2,110 observations deleted)
(14 observations created)

Panel variable: usuario_id (strongly balanced)
 Time variable: te, 1 to 2
         Delta: 1 unit
(13 observations deleted)
(2,097 observations deleted)
4559 4560 4561 4562 4564 4565 4566 4567 4569 4570 4571 4572 4573 4574 4575 4576
>  4577 4578 4580 4581 4582 4583 4584 4585 4586 4587 4588
(2,097 observations deleted)
(27 observations created)

Panel variable: usuario_id (strongly balanced)
 Time variable: te, 1 to 2
         Delta: 1 unit
(26 observations deleted)
(2,097 observations deleted)
(27 observations created)

Panel variable: usuario_id (strongly balanced)
 Time variable: te, 1 to 2
         Delta: 1 unit
(26 observations deleted)
(2,097 observations deleted)
(27 observations created)

Panel variable: usuario_id (strongly balanced)
 Time variable: te, 1 to 2
         Delta: 1 unit
(26 observations deleted)
(2,097 observations deleted)
(27 observations created)

Panel variable: usuario_id (strongly balanced)
 Time variable: te, 1 to 2
         Delta: 1 unit
(26 observations deleted)
(2,097 observations deleted)
(27 observations created)

Panel variable: usuario_id (strongly balanced)
 Time variable: te, 1 to 2
         Delta: 1 unit
(26 observations deleted)
(2,097 observations deleted)
(27 observations created)

Panel variable: usuario_id (strongly balanced)
 Time variable: te, 1 to 2
         Delta: 1 unit
(26 observations deleted)
(2,097 observations deleted)
(27 observations created)

Panel variable: usuario_id (strongly balanced)
 Time variable: te, 1 to 2
         Delta: 1 unit
(26 observations deleted)
(2,097 observations deleted)
(27 observations created)

Panel variable: usuario_id (strongly balanced)
 Time variable: te, 1 to 2
         Delta: 1 unit
(26 observations deleted)
(2,097 observations deleted)
(27 observations created)

Panel variable: usuario_id (strongly balanced)
 Time variable: te, 1 to 2
         Delta: 1 unit
(26 observations deleted)
(2,097 observations deleted)
(27 observations created)

Panel variable: usuario_id (strongly balanced)
 Time variable: te, 1 to 2
         Delta: 1 unit
(26 observations deleted)
(2,097 observations deleted)
(27 observations created)

Panel variable: usuario_id (strongly balanced)
 Time variable: te, 1 to 2
         Delta: 1 unit
(26 observations deleted)
(2,097 observations deleted)
(27 observations created)

Panel variable: usuario_id (strongly balanced)
 Time variable: te, 1 to 2
         Delta: 1 unit
(26 observations deleted)
(2,097 observations deleted)
(27 observations created)

Panel variable: usuario_id (strongly balanced)
 Time variable: te, 1 to 2
         Delta: 1 unit
(26 observations deleted)
(2,097 observations deleted)
(27 observations created)

Panel variable: usuario_id (strongly balanced)
 Time variable: te, 1 to 2
         Delta: 1 unit
(26 observations deleted)
(2,097 observations deleted)
(27 observations created)

Panel variable: usuario_id (strongly balanced)
 Time variable: te, 1 to 2
         Delta: 1 unit
(26 observations deleted)
(2,097 observations deleted)
(27 observations created)

Panel variable: usuario_id (strongly balanced)
 Time variable: te, 1 to 2
         Delta: 1 unit
(26 observations deleted)
(2,097 observations deleted)
(27 observations created)

Panel variable: usuario_id (strongly balanced)
 Time variable: te, 1 to 2
         Delta: 1 unit
(26 observations deleted)
(2,097 observations deleted)
(27 observations created)

Panel variable: usuario_id (strongly balanced)
 Time variable: te, 1 to 2
         Delta: 1 unit
(26 observations deleted)
(2,097 observations deleted)
(27 observations created)

Panel variable: usuario_id (strongly balanced)
 Time variable: te, 1 to 2
         Delta: 1 unit
(26 observations deleted)
(2,097 observations deleted)
(27 observations created)

Panel variable: usuario_id (strongly balanced)
 Time variable: te, 1 to 2
         Delta: 1 unit
(26 observations deleted)
(2,097 observations deleted)
(27 observations created)

Panel variable: usuario_id (strongly balanced)
 Time variable: te, 1 to 2
         Delta: 1 unit
(26 observations deleted)
(2,097 observations deleted)
(27 observations created)

Panel variable: usuario_id (strongly balanced)
 Time variable: te, 1 to 2
         Delta: 1 unit
(26 observations deleted)
(2,097 observations deleted)
(27 observations created)

Panel variable: usuario_id (strongly balanced)
 Time variable: te, 1 to 2
         Delta: 1 unit
(26 observations deleted)
(2,097 observations deleted)
(27 observations created)

Panel variable: usuario_id (strongly balanced)
 Time variable: te, 1 to 2
         Delta: 1 unit
(26 observations deleted)
(2,097 observations deleted)
(27 observations created)

Panel variable: usuario_id (strongly balanced)
 Time variable: te, 1 to 2
         Delta: 1 unit
(26 observations deleted)
(2,097 observations deleted)
(27 observations created)

Panel variable: usuario_id (strongly balanced)
 Time variable: te, 1 to 2
         Delta: 1 unit
(26 observations deleted)
(2,097 observations deleted)
(27 observations created)

Panel variable: usuario_id (strongly balanced)
 Time variable: te, 1 to 2
         Delta: 1 unit
(26 observations deleted)
(2,098 observations deleted)
4589 4590 4591 4592 4593 4594 4595 4597 4598 4599 4601 4602 4604 4605 4606 4607
>  4608 4609 4610 4611 4612 4613 4615 4616 4618 4619
(2,098 observations deleted)
(26 observations created)

Panel variable: usuario_id (strongly balanced)
 Time variable: te, 1 to 2
         Delta: 1 unit
(25 observations deleted)
(2,098 observations deleted)
(26 observations created)

Panel variable: usuario_id (strongly balanced)
 Time variable: te, 1 to 2
         Delta: 1 unit
(25 observations deleted)
(2,098 observations deleted)
(26 observations created)

Panel variable: usuario_id (strongly balanced)
 Time variable: te, 1 to 2
         Delta: 1 unit
(25 observations deleted)
(2,098 observations deleted)
(26 observations created)

Panel variable: usuario_id (strongly balanced)
 Time variable: te, 1 to 2
         Delta: 1 unit
(25 observations deleted)
(2,098 observations deleted)
(26 observations created)

Panel variable: usuario_id (strongly balanced)
 Time variable: te, 1 to 2
         Delta: 1 unit
(25 observations deleted)
(2,098 observations deleted)
(26 observations created)

Panel variable: usuario_id (strongly balanced)
 Time variable: te, 1 to 2
         Delta: 1 unit
(25 observations deleted)
(2,098 observations deleted)
(26 observations created)

Panel variable: usuario_id (strongly balanced)
 Time variable: te, 1 to 2
         Delta: 1 unit
(25 observations deleted)
(2,098 observations deleted)
(26 observations created)

Panel variable: usuario_id (strongly balanced)
 Time variable: te, 1 to 2
         Delta: 1 unit
(25 observations deleted)
(2,098 observations deleted)
(26 observations created)

Panel variable: usuario_id (strongly balanced)
 Time variable: te, 1 to 2
         Delta: 1 unit
(25 observations deleted)
(2,098 observations deleted)
(26 observations created)

Panel variable: usuario_id (strongly balanced)
 Time variable: te, 1 to 2
         Delta: 1 unit
(25 observations deleted)
(2,098 observations deleted)
(26 observations created)

Panel variable: usuario_id (strongly balanced)
 Time variable: te, 1 to 2
         Delta: 1 unit
(25 observations deleted)
(2,098 observations deleted)
(26 observations created)

Panel variable: usuario_id (strongly balanced)
 Time variable: te, 1 to 2
         Delta: 1 unit
(25 observations deleted)
(2,098 observations deleted)
(26 observations created)

Panel variable: usuario_id (strongly balanced)
 Time variable: te, 1 to 2
         Delta: 1 unit
(25 observations deleted)
(2,098 observations deleted)
(26 observations created)

Panel variable: usuario_id (strongly balanced)
 Time variable: te, 1 to 2
         Delta: 1 unit
(25 observations deleted)
(2,098 observations deleted)
(26 observations created)

Panel variable: usuario_id (strongly balanced)
 Time variable: te, 1 to 2
         Delta: 1 unit
(25 observations deleted)
(2,098 observations deleted)
(26 observations created)

Panel variable: usuario_id (strongly balanced)
 Time variable: te, 1 to 2
         Delta: 1 unit
(25 observations deleted)
(2,098 observations deleted)
(26 observations created)

Panel variable: usuario_id (strongly balanced)
 Time variable: te, 1 to 2
         Delta: 1 unit
(25 observations deleted)
(2,098 observations deleted)
(26 observations created)

Panel variable: usuario_id (strongly balanced)
 Time variable: te, 1 to 2
         Delta: 1 unit
(25 observations deleted)
(2,098 observations deleted)
(26 observations created)

Panel variable: usuario_id (strongly balanced)
 Time variable: te, 1 to 2
         Delta: 1 unit
(25 observations deleted)
(2,098 observations deleted)
(26 observations created)

Panel variable: usuario_id (strongly balanced)
 Time variable: te, 1 to 2
         Delta: 1 unit
(25 observations deleted)
(2,098 observations deleted)
(26 observations created)

Panel variable: usuario_id (strongly balanced)
 Time variable: te, 1 to 2
         Delta: 1 unit
(25 observations deleted)
(2,098 observations deleted)
(26 observations created)

Panel variable: usuario_id (strongly balanced)
 Time variable: te, 1 to 2
         Delta: 1 unit
(25 observations deleted)
(2,098 observations deleted)
(26 observations created)

Panel variable: usuario_id (strongly balanced)
 Time variable: te, 1 to 2
         Delta: 1 unit
(25 observations deleted)
(2,098 observations deleted)
(26 observations created)

Panel variable: usuario_id (strongly balanced)
 Time variable: te, 1 to 2
         Delta: 1 unit
(25 observations deleted)
(2,098 observations deleted)
(26 observations created)

Panel variable: usuario_id (strongly balanced)
 Time variable: te, 1 to 2
         Delta: 1 unit
(25 observations deleted)
(2,098 observations deleted)
(26 observations created)

Panel variable: usuario_id (strongly balanced)
 Time variable: te, 1 to 2
         Delta: 1 unit
(25 observations deleted)
(2,096 observations deleted)
4620 4621 4622 4623 4624 4626 4627 4628 4629 4630 4631 4632 4633 4634 4635 4636
>  4637 4638 4639 4640 4641 4642 4644 4645 4646 4647 4648 4649
(2,096 observations deleted)
(28 observations created)

Panel variable: usuario_id (strongly balanced)
 Time variable: te, 1 to 2
         Delta: 1 unit
(0 observations deleted)
(2,096 observations deleted)
(28 observations created)

Panel variable: usuario_id (strongly balanced)
 Time variable: te, 1 to 2
         Delta: 1 unit
(0 observations deleted)
(2,096 observations deleted)
(28 observations created)

Panel variable: usuario_id (strongly balanced)
 Time variable: te, 1 to 2
         Delta: 1 unit
(0 observations deleted)
(2,096 observations deleted)
(28 observations created)

Panel variable: usuario_id (strongly balanced)
 Time variable: te, 1 to 2
         Delta: 1 unit
(0 observations deleted)
(2,096 observations deleted)
(28 observations created)

Panel variable: usuario_id (strongly balanced)
 Time variable: te, 1 to 2
         Delta: 1 unit
(0 observations deleted)
(2,096 observations deleted)
(28 observations created)

Panel variable: usuario_id (strongly balanced)
 Time variable: te, 1 to 2
         Delta: 1 unit
(0 observations deleted)
(2,096 observations deleted)
(28 observations created)

Panel variable: usuario_id (strongly balanced)
 Time variable: te, 1 to 2
         Delta: 1 unit
(0 observations deleted)
(2,096 observations deleted)
(28 observations created)

Panel variable: usuario_id (strongly balanced)
 Time variable: te, 1 to 2
         Delta: 1 unit
(0 observations deleted)
(2,096 observations deleted)
(28 observations created)

Panel variable: usuario_id (strongly balanced)
 Time variable: te, 1 to 2
         Delta: 1 unit
(0 observations deleted)
(2,096 observations deleted)
(28 observations created)

Panel variable: usuario_id (strongly balanced)
 Time variable: te, 1 to 2
         Delta: 1 unit
(0 observations deleted)
(2,096 observations deleted)
(28 observations created)

Panel variable: usuario_id (strongly balanced)
 Time variable: te, 1 to 2
         Delta: 1 unit
(0 observations deleted)
(2,096 observations deleted)
(28 observations created)

Panel variable: usuario_id (strongly balanced)
 Time variable: te, 1 to 2
         Delta: 1 unit
(0 observations deleted)
(2,096 observations deleted)
(28 observations created)

Panel variable: usuario_id (strongly balanced)
 Time variable: te, 1 to 2
         Delta: 1 unit
(0 observations deleted)
(2,096 observations deleted)
(28 observations created)

Panel variable: usuario_id (strongly balanced)
 Time variable: te, 1 to 2
         Delta: 1 unit
(0 observations deleted)
(2,096 observations deleted)
(28 observations created)

Panel variable: usuario_id (strongly balanced)
 Time variable: te, 1 to 2
         Delta: 1 unit
(0 observations deleted)
(2,096 observations deleted)
(28 observations created)

Panel variable: usuario_id (strongly balanced)
 Time variable: te, 1 to 2
         Delta: 1 unit
(0 observations deleted)
(2,096 observations deleted)
(28 observations created)

Panel variable: usuario_id (strongly balanced)
 Time variable: te, 1 to 2
         Delta: 1 unit
(0 observations deleted)
(2,096 observations deleted)
(28 observations created)

Panel variable: usuario_id (strongly balanced)
 Time variable: te, 1 to 2
         Delta: 1 unit
(0 observations deleted)
(2,096 observations deleted)
(28 observations created)

Panel variable: usuario_id (strongly balanced)
 Time variable: te, 1 to 2
         Delta: 1 unit
(0 observations deleted)
(2,096 observations deleted)
(28 observations created)

Panel variable: usuario_id (strongly balanced)
 Time variable: te, 1 to 2
         Delta: 1 unit
(0 observations deleted)
(2,096 observations deleted)
(28 observations created)

Panel variable: usuario_id (strongly balanced)
 Time variable: te, 1 to 2
         Delta: 1 unit
(0 observations deleted)
(2,096 observations deleted)
(28 observations created)

Panel variable: usuario_id (strongly balanced)
 Time variable: te, 1 to 2
         Delta: 1 unit
(0 observations deleted)
(2,096 observations deleted)
(28 observations created)

Panel variable: usuario_id (strongly balanced)
 Time variable: te, 1 to 2
         Delta: 1 unit
(0 observations deleted)
(2,096 observations deleted)
(28 observations created)

Panel variable: usuario_id (strongly balanced)
 Time variable: te, 1 to 2
         Delta: 1 unit
(0 observations deleted)
(2,096 observations deleted)
(28 observations created)

Panel variable: usuario_id (strongly balanced)
 Time variable: te, 1 to 2
         Delta: 1 unit
(0 observations deleted)
(2,096 observations deleted)
(28 observations created)

Panel variable: usuario_id (strongly balanced)
 Time variable: te, 1 to 2
         Delta: 1 unit
(0 observations deleted)
(2,096 observations deleted)
(28 observations created)

Panel variable: usuario_id (strongly balanced)
 Time variable: te, 1 to 2
         Delta: 1 unit
(0 observations deleted)
(2,096 observations deleted)
(28 observations created)

Panel variable: usuario_id (strongly balanced)
 Time variable: te, 1 to 2
         Delta: 1 unit
(0 observations deleted)
(2,105 observations deleted)
4650 4654 4656 4658 4659 4660 4661 4663 4664 4665 4666 4668 4669 4670 4671 4672
>  4673 4674 4675
(2,105 observations deleted)
(19 observations created)

Panel variable: usuario_id (strongly balanced)
 Time variable: te, 1 to 2
         Delta: 1 unit
(0 observations deleted)
(2,105 observations deleted)
(19 observations created)

Panel variable: usuario_id (strongly balanced)
 Time variable: te, 1 to 2
         Delta: 1 unit
(0 observations deleted)
(2,105 observations deleted)
(19 observations created)

Panel variable: usuario_id (strongly balanced)
 Time variable: te, 1 to 2
         Delta: 1 unit
(0 observations deleted)
(2,105 observations deleted)
(19 observations created)

Panel variable: usuario_id (strongly balanced)
 Time variable: te, 1 to 2
         Delta: 1 unit
(0 observations deleted)
(2,105 observations deleted)
(19 observations created)

Panel variable: usuario_id (strongly balanced)
 Time variable: te, 1 to 2
         Delta: 1 unit
(0 observations deleted)
(2,105 observations deleted)
(19 observations created)

Panel variable: usuario_id (strongly balanced)
 Time variable: te, 1 to 2
         Delta: 1 unit
(0 observations deleted)
(2,105 observations deleted)
(19 observations created)

Panel variable: usuario_id (strongly balanced)
 Time variable: te, 1 to 2
         Delta: 1 unit
(0 observations deleted)
(2,105 observations deleted)
(19 observations created)

Panel variable: usuario_id (strongly balanced)
 Time variable: te, 1 to 2
         Delta: 1 unit
(0 observations deleted)
(2,105 observations deleted)
(19 observations created)

Panel variable: usuario_id (strongly balanced)
 Time variable: te, 1 to 2
         Delta: 1 unit
(0 observations deleted)
(2,105 observations deleted)
(19 observations created)

Panel variable: usuario_id (strongly balanced)
 Time variable: te, 1 to 2
         Delta: 1 unit
(0 observations deleted)
(2,105 observations deleted)
(19 observations created)

Panel variable: usuario_id (strongly balanced)
 Time variable: te, 1 to 2
         Delta: 1 unit
(0 observations deleted)
(2,105 observations deleted)
(19 observations created)

Panel variable: usuario_id (strongly balanced)
 Time variable: te, 1 to 2
         Delta: 1 unit
(0 observations deleted)
(2,105 observations deleted)
(19 observations created)

Panel variable: usuario_id (strongly balanced)
 Time variable: te, 1 to 2
         Delta: 1 unit
(0 observations deleted)
(2,105 observations deleted)
(19 observations created)

Panel variable: usuario_id (strongly balanced)
 Time variable: te, 1 to 2
         Delta: 1 unit
(0 observations deleted)
(2,105 observations deleted)
(19 observations created)

Panel variable: usuario_id (strongly balanced)
 Time variable: te, 1 to 2
         Delta: 1 unit
(0 observations deleted)
(2,105 observations deleted)
(19 observations created)

Panel variable: usuario_id (strongly balanced)
 Time variable: te, 1 to 2
         Delta: 1 unit
(0 observations deleted)
(2,105 observations deleted)
(19 observations created)

Panel variable: usuario_id (strongly balanced)
 Time variable: te, 1 to 2
         Delta: 1 unit
(0 observations deleted)
(2,105 observations deleted)
(19 observations created)

Panel variable: usuario_id (strongly balanced)
 Time variable: te, 1 to 2
         Delta: 1 unit
(0 observations deleted)
(2,105 observations deleted)
(19 observations created)

Panel variable: usuario_id (strongly balanced)
 Time variable: te, 1 to 2
         Delta: 1 unit
(0 observations deleted)
(2,106 observations deleted)
4677 4678 4679 4680 4681 4684 4685 4686 4690 4692 4693 4695 4696 4697 4698 4699
>  4700 4701
(2,106 observations deleted)
(18 observations created)

Panel variable: usuario_id (strongly balanced)
 Time variable: te, 1 to 2
         Delta: 1 unit
(0 observations deleted)
(2,106 observations deleted)
(18 observations created)

Panel variable: usuario_id (strongly balanced)
 Time variable: te, 1 to 2
         Delta: 1 unit
(0 observations deleted)
(2,106 observations deleted)
(18 observations created)

Panel variable: usuario_id (strongly balanced)
 Time variable: te, 1 to 2
         Delta: 1 unit
(0 observations deleted)
(2,106 observations deleted)
(18 observations created)

Panel variable: usuario_id (strongly balanced)
 Time variable: te, 1 to 2
         Delta: 1 unit
(0 observations deleted)
(2,106 observations deleted)
(18 observations created)

Panel variable: usuario_id (strongly balanced)
 Time variable: te, 1 to 2
         Delta: 1 unit
(0 observations deleted)
(2,106 observations deleted)
(18 observations created)

Panel variable: usuario_id (strongly balanced)
 Time variable: te, 1 to 2
         Delta: 1 unit
(0 observations deleted)
(2,106 observations deleted)
(18 observations created)

Panel variable: usuario_id (strongly balanced)
 Time variable: te, 1 to 2
         Delta: 1 unit
(0 observations deleted)
(2,106 observations deleted)
(18 observations created)

Panel variable: usuario_id (strongly balanced)
 Time variable: te, 1 to 2
         Delta: 1 unit
(0 observations deleted)
(2,106 observations deleted)
(18 observations created)

Panel variable: usuario_id (strongly balanced)
 Time variable: te, 1 to 2
         Delta: 1 unit
(0 observations deleted)
(2,106 observations deleted)
(18 observations created)

Panel variable: usuario_id (strongly balanced)
 Time variable: te, 1 to 2
         Delta: 1 unit
(0 observations deleted)
(2,106 observations deleted)
(18 observations created)

Panel variable: usuario_id (strongly balanced)
 Time variable: te, 1 to 2
         Delta: 1 unit
(0 observations deleted)
(2,106 observations deleted)
(18 observations created)

Panel variable: usuario_id (strongly balanced)
 Time variable: te, 1 to 2
         Delta: 1 unit
(0 observations deleted)
(2,106 observations deleted)
(18 observations created)

Panel variable: usuario_id (strongly balanced)
 Time variable: te, 1 to 2
         Delta: 1 unit
(0 observations deleted)
(2,106 observations deleted)
(18 observations created)

Panel variable: usuario_id (strongly balanced)
 Time variable: te, 1 to 2
         Delta: 1 unit
(0 observations deleted)
(2,106 observations deleted)
(18 observations created)

Panel variable: usuario_id (strongly balanced)
 Time variable: te, 1 to 2
         Delta: 1 unit
(0 observations deleted)
(2,106 observations deleted)
(18 observations created)

Panel variable: usuario_id (strongly balanced)
 Time variable: te, 1 to 2
         Delta: 1 unit
(0 observations deleted)
(2,106 observations deleted)
(18 observations created)

Panel variable: usuario_id (strongly balanced)
 Time variable: te, 1 to 2
         Delta: 1 unit
(0 observations deleted)
(2,106 observations deleted)
(18 observations created)

Panel variable: usuario_id (strongly balanced)
 Time variable: te, 1 to 2
         Delta: 1 unit
(0 observations deleted)
(2,101 observations deleted)
4704 4705 4708 4709 4710 4711 4712 4713 4714 4716 4717 4718 4719 4720 4721 4722
>  4724 4727 4728 4729 4731 4732 4733
(2,101 observations deleted)
(23 observations created)

Panel variable: usuario_id (strongly balanced)
 Time variable: te, 1 to 2
         Delta: 1 unit
(0 observations deleted)
(2,101 observations deleted)
(23 observations created)

Panel variable: usuario_id (strongly balanced)
 Time variable: te, 1 to 2
         Delta: 1 unit
(0 observations deleted)
(2,101 observations deleted)
(23 observations created)

Panel variable: usuario_id (strongly balanced)
 Time variable: te, 1 to 2
         Delta: 1 unit
(0 observations deleted)
(2,101 observations deleted)
(23 observations created)

Panel variable: usuario_id (strongly balanced)
 Time variable: te, 1 to 2
         Delta: 1 unit
(0 observations deleted)
(2,101 observations deleted)
(23 observations created)

Panel variable: usuario_id (strongly balanced)
 Time variable: te, 1 to 2
         Delta: 1 unit
(0 observations deleted)
(2,101 observations deleted)
(23 observations created)

Panel variable: usuario_id (strongly balanced)
 Time variable: te, 1 to 2
         Delta: 1 unit
(0 observations deleted)
(2,101 observations deleted)
(23 observations created)

Panel variable: usuario_id (strongly balanced)
 Time variable: te, 1 to 2
         Delta: 1 unit
(0 observations deleted)
(2,101 observations deleted)
(23 observations created)

Panel variable: usuario_id (strongly balanced)
 Time variable: te, 1 to 2
         Delta: 1 unit
(0 observations deleted)
(2,101 observations deleted)
(23 observations created)

Panel variable: usuario_id (strongly balanced)
 Time variable: te, 1 to 2
         Delta: 1 unit
(0 observations deleted)
(2,101 observations deleted)
(23 observations created)

Panel variable: usuario_id (strongly balanced)
 Time variable: te, 1 to 2
         Delta: 1 unit
(0 observations deleted)
(2,101 observations deleted)
(23 observations created)

Panel variable: usuario_id (strongly balanced)
 Time variable: te, 1 to 2
         Delta: 1 unit
(0 observations deleted)
(2,101 observations deleted)
(23 observations created)

Panel variable: usuario_id (strongly balanced)
 Time variable: te, 1 to 2
         Delta: 1 unit
(0 observations deleted)
(2,101 observations deleted)
(23 observations created)

Panel variable: usuario_id (strongly balanced)
 Time variable: te, 1 to 2
         Delta: 1 unit
(0 observations deleted)
(2,101 observations deleted)
(23 observations created)

Panel variable: usuario_id (strongly balanced)
 Time variable: te, 1 to 2
         Delta: 1 unit
(0 observations deleted)
(2,101 observations deleted)
(23 observations created)

Panel variable: usuario_id (strongly balanced)
 Time variable: te, 1 to 2
         Delta: 1 unit
(0 observations deleted)
(2,101 observations deleted)
(23 observations created)

Panel variable: usuario_id (strongly balanced)
 Time variable: te, 1 to 2
         Delta: 1 unit
(0 observations deleted)
(2,101 observations deleted)
(23 observations created)

Panel variable: usuario_id (strongly balanced)
 Time variable: te, 1 to 2
         Delta: 1 unit
(0 observations deleted)
(2,101 observations deleted)
(23 observations created)

Panel variable: usuario_id (strongly balanced)
 Time variable: te, 1 to 2
         Delta: 1 unit
(0 observations deleted)
(2,101 observations deleted)
(23 observations created)

Panel variable: usuario_id (strongly balanced)
 Time variable: te, 1 to 2
         Delta: 1 unit
(0 observations deleted)
(2,101 observations deleted)
(23 observations created)

Panel variable: usuario_id (strongly balanced)
 Time variable: te, 1 to 2
         Delta: 1 unit
(0 observations deleted)
(2,101 observations deleted)
(23 observations created)

Panel variable: usuario_id (strongly balanced)
 Time variable: te, 1 to 2
         Delta: 1 unit
(0 observations deleted)
(2,101 observations deleted)
(23 observations created)

Panel variable: usuario_id (strongly balanced)
 Time variable: te, 1 to 2
         Delta: 1 unit
(0 observations deleted)
(2,101 observations deleted)
(23 observations created)

Panel variable: usuario_id (strongly balanced)
 Time variable: te, 1 to 2
         Delta: 1 unit
(0 observations deleted)
(2,104 observations deleted)
4734 4736 4737 4738 4739 4740 4742 4744 4746 4748 4749 4750 4753 4754 4756 4758
>  4759 4761 4762 4763
(2,104 observations deleted)
(20 observations created)

Panel variable: usuario_id (strongly balanced)
 Time variable: te, 1 to 2
         Delta: 1 unit
(0 observations deleted)
(2,104 observations deleted)
(20 observations created)

Panel variable: usuario_id (strongly balanced)
 Time variable: te, 1 to 2
         Delta: 1 unit
(0 observations deleted)
(2,104 observations deleted)
(20 observations created)

Panel variable: usuario_id (strongly balanced)
 Time variable: te, 1 to 2
         Delta: 1 unit
(0 observations deleted)
(2,104 observations deleted)
(20 observations created)

Panel variable: usuario_id (strongly balanced)
 Time variable: te, 1 to 2
         Delta: 1 unit
(0 observations deleted)
(2,104 observations deleted)
(20 observations created)

Panel variable: usuario_id (strongly balanced)
 Time variable: te, 1 to 2
         Delta: 1 unit
(0 observations deleted)
(2,104 observations deleted)
(20 observations created)

Panel variable: usuario_id (strongly balanced)
 Time variable: te, 1 to 2
         Delta: 1 unit
(0 observations deleted)
(2,104 observations deleted)
(20 observations created)

Panel variable: usuario_id (strongly balanced)
 Time variable: te, 1 to 2
         Delta: 1 unit
(0 observations deleted)
(2,104 observations deleted)
(20 observations created)

Panel variable: usuario_id (strongly balanced)
 Time variable: te, 1 to 2
         Delta: 1 unit
(0 observations deleted)
(2,104 observations deleted)
(20 observations created)

Panel variable: usuario_id (strongly balanced)
 Time variable: te, 1 to 2
         Delta: 1 unit
(0 observations deleted)
(2,104 observations deleted)
(20 observations created)

Panel variable: usuario_id (strongly balanced)
 Time variable: te, 1 to 2
         Delta: 1 unit
(0 observations deleted)
(2,104 observations deleted)
(20 observations created)

Panel variable: usuario_id (strongly balanced)
 Time variable: te, 1 to 2
         Delta: 1 unit
(0 observations deleted)
(2,104 observations deleted)
(20 observations created)

Panel variable: usuario_id (strongly balanced)
 Time variable: te, 1 to 2
         Delta: 1 unit
(0 observations deleted)
(2,104 observations deleted)
(20 observations created)

Panel variable: usuario_id (strongly balanced)
 Time variable: te, 1 to 2
         Delta: 1 unit
(0 observations deleted)
(2,104 observations deleted)
(20 observations created)

Panel variable: usuario_id (strongly balanced)
 Time variable: te, 1 to 2
         Delta: 1 unit
(0 observations deleted)
(2,104 observations deleted)
(20 observations created)

Panel variable: usuario_id (strongly balanced)
 Time variable: te, 1 to 2
         Delta: 1 unit
(0 observations deleted)
(2,104 observations deleted)
(20 observations created)

Panel variable: usuario_id (strongly balanced)
 Time variable: te, 1 to 2
         Delta: 1 unit
(0 observations deleted)
(2,104 observations deleted)
(20 observations created)

Panel variable: usuario_id (strongly balanced)
 Time variable: te, 1 to 2
         Delta: 1 unit
(0 observations deleted)
(2,104 observations deleted)
(20 observations created)

Panel variable: usuario_id (strongly balanced)
 Time variable: te, 1 to 2
         Delta: 1 unit
(0 observations deleted)
(2,104 observations deleted)
(20 observations created)

Panel variable: usuario_id (strongly balanced)
 Time variable: te, 1 to 2
         Delta: 1 unit
(0 observations deleted)
(2,104 observations deleted)
(20 observations created)

Panel variable: usuario_id (strongly balanced)
 Time variable: te, 1 to 2
         Delta: 1 unit
(0 observations deleted)
(2,099 observations deleted)
4764 4765 4766 4767 4768 4769 4770 4771 4772 4773 4774 4775 4776 4777 4778 4780
>  4781 4782 4783 4785 4786 4788 4789 4790 4792
(2,099 observations deleted)
(25 observations created)

Panel variable: usuario_id (strongly balanced)
 Time variable: te, 1 to 2
         Delta: 1 unit
(24 observations deleted)
(2,099 observations deleted)
(25 observations created)

Panel variable: usuario_id (strongly balanced)
 Time variable: te, 1 to 2
         Delta: 1 unit
(24 observations deleted)
(2,099 observations deleted)
(25 observations created)

Panel variable: usuario_id (strongly balanced)
 Time variable: te, 1 to 2
         Delta: 1 unit
(24 observations deleted)
(2,099 observations deleted)
(25 observations created)

Panel variable: usuario_id (strongly balanced)
 Time variable: te, 1 to 2
         Delta: 1 unit
(24 observations deleted)
(2,099 observations deleted)
(25 observations created)

Panel variable: usuario_id (strongly balanced)
 Time variable: te, 1 to 2
         Delta: 1 unit
(24 observations deleted)
(2,099 observations deleted)
(25 observations created)

Panel variable: usuario_id (strongly balanced)
 Time variable: te, 1 to 2
         Delta: 1 unit
(24 observations deleted)
(2,099 observations deleted)
(25 observations created)

Panel variable: usuario_id (strongly balanced)
 Time variable: te, 1 to 2
         Delta: 1 unit
(24 observations deleted)
(2,099 observations deleted)
(25 observations created)

Panel variable: usuario_id (strongly balanced)
 Time variable: te, 1 to 2
         Delta: 1 unit
(24 observations deleted)
(2,099 observations deleted)
(25 observations created)

Panel variable: usuario_id (strongly balanced)
 Time variable: te, 1 to 2
         Delta: 1 unit
(24 observations deleted)
(2,099 observations deleted)
(25 observations created)

Panel variable: usuario_id (strongly balanced)
 Time variable: te, 1 to 2
         Delta: 1 unit
(24 observations deleted)
(2,099 observations deleted)
(25 observations created)

Panel variable: usuario_id (strongly balanced)
 Time variable: te, 1 to 2
         Delta: 1 unit
(24 observations deleted)
(2,099 observations deleted)
(25 observations created)

Panel variable: usuario_id (strongly balanced)
 Time variable: te, 1 to 2
         Delta: 1 unit
(24 observations deleted)
(2,099 observations deleted)
(25 observations created)

Panel variable: usuario_id (strongly balanced)
 Time variable: te, 1 to 2
         Delta: 1 unit
(24 observations deleted)
(2,099 observations deleted)
(25 observations created)

Panel variable: usuario_id (strongly balanced)
 Time variable: te, 1 to 2
         Delta: 1 unit
(24 observations deleted)
(2,099 observations deleted)
(25 observations created)

Panel variable: usuario_id (strongly balanced)
 Time variable: te, 1 to 2
         Delta: 1 unit
(24 observations deleted)
(2,099 observations deleted)
(25 observations created)

Panel variable: usuario_id (strongly balanced)
 Time variable: te, 1 to 2
         Delta: 1 unit
(24 observations deleted)
(2,099 observations deleted)
(25 observations created)

Panel variable: usuario_id (strongly balanced)
 Time variable: te, 1 to 2
         Delta: 1 unit
(24 observations deleted)
(2,099 observations deleted)
(25 observations created)

Panel variable: usuario_id (strongly balanced)
 Time variable: te, 1 to 2
         Delta: 1 unit
(24 observations deleted)
(2,099 observations deleted)
(25 observations created)

Panel variable: usuario_id (strongly balanced)
 Time variable: te, 1 to 2
         Delta: 1 unit
(24 observations deleted)
(2,099 observations deleted)
(25 observations created)

Panel variable: usuario_id (strongly balanced)
 Time variable: te, 1 to 2
         Delta: 1 unit
(24 observations deleted)
(2,099 observations deleted)
(25 observations created)

Panel variable: usuario_id (strongly balanced)
 Time variable: te, 1 to 2
         Delta: 1 unit
(24 observations deleted)
(2,099 observations deleted)
(25 observations created)

Panel variable: usuario_id (strongly balanced)
 Time variable: te, 1 to 2
         Delta: 1 unit
(24 observations deleted)
(2,099 observations deleted)
(25 observations created)

Panel variable: usuario_id (strongly balanced)
 Time variable: te, 1 to 2
         Delta: 1 unit
(24 observations deleted)
(2,099 observations deleted)
(25 observations created)

Panel variable: usuario_id (strongly balanced)
 Time variable: te, 1 to 2
         Delta: 1 unit
(24 observations deleted)
(2,099 observations deleted)
(25 observations created)

Panel variable: usuario_id (strongly balanced)
 Time variable: te, 1 to 2
         Delta: 1 unit
(24 observations deleted)
(2,102 observations deleted)
4794 4795 4796 4797 4798 4799 4802 4803 4804 4805 4807 4808 4809 4810 4811 4813
>  4814 4816 4817 4819 4820 4821
(2,102 observations deleted)
(22 observations created)

Panel variable: usuario_id (strongly balanced)
 Time variable: te, 1 to 2
         Delta: 1 unit
(0 observations deleted)
(2,102 observations deleted)
(22 observations created)

Panel variable: usuario_id (strongly balanced)
 Time variable: te, 1 to 2
         Delta: 1 unit
(0 observations deleted)
(2,102 observations deleted)
(22 observations created)

Panel variable: usuario_id (strongly balanced)
 Time variable: te, 1 to 2
         Delta: 1 unit
(0 observations deleted)
(2,102 observations deleted)
(22 observations created)

Panel variable: usuario_id (strongly balanced)
 Time variable: te, 1 to 2
         Delta: 1 unit
(0 observations deleted)
(2,102 observations deleted)
(22 observations created)

Panel variable: usuario_id (strongly balanced)
 Time variable: te, 1 to 2
         Delta: 1 unit
(0 observations deleted)
(2,102 observations deleted)
(22 observations created)

Panel variable: usuario_id (strongly balanced)
 Time variable: te, 1 to 2
         Delta: 1 unit
(0 observations deleted)
(2,102 observations deleted)
(22 observations created)

Panel variable: usuario_id (strongly balanced)
 Time variable: te, 1 to 2
         Delta: 1 unit
(0 observations deleted)
(2,102 observations deleted)
(22 observations created)

Panel variable: usuario_id (strongly balanced)
 Time variable: te, 1 to 2
         Delta: 1 unit
(0 observations deleted)
(2,102 observations deleted)
(22 observations created)

Panel variable: usuario_id (strongly balanced)
 Time variable: te, 1 to 2
         Delta: 1 unit
(0 observations deleted)
(2,102 observations deleted)
(22 observations created)

Panel variable: usuario_id (strongly balanced)
 Time variable: te, 1 to 2
         Delta: 1 unit
(0 observations deleted)
(2,102 observations deleted)
(22 observations created)

Panel variable: usuario_id (strongly balanced)
 Time variable: te, 1 to 2
         Delta: 1 unit
(0 observations deleted)
(2,102 observations deleted)
(22 observations created)

Panel variable: usuario_id (strongly balanced)
 Time variable: te, 1 to 2
         Delta: 1 unit
(0 observations deleted)
(2,102 observations deleted)
(22 observations created)

Panel variable: usuario_id (strongly balanced)
 Time variable: te, 1 to 2
         Delta: 1 unit
(0 observations deleted)
(2,102 observations deleted)
(22 observations created)

Panel variable: usuario_id (strongly balanced)
 Time variable: te, 1 to 2
         Delta: 1 unit
(0 observations deleted)
(2,102 observations deleted)
(22 observations created)

Panel variable: usuario_id (strongly balanced)
 Time variable: te, 1 to 2
         Delta: 1 unit
(0 observations deleted)
(2,102 observations deleted)
(22 observations created)

Panel variable: usuario_id (strongly balanced)
 Time variable: te, 1 to 2
         Delta: 1 unit
(0 observations deleted)
(2,102 observations deleted)
(22 observations created)

Panel variable: usuario_id (strongly balanced)
 Time variable: te, 1 to 2
         Delta: 1 unit
(0 observations deleted)
(2,102 observations deleted)
(22 observations created)

Panel variable: usuario_id (strongly balanced)
 Time variable: te, 1 to 2
         Delta: 1 unit
(0 observations deleted)
(2,102 observations deleted)
(22 observations created)

Panel variable: usuario_id (strongly balanced)
 Time variable: te, 1 to 2
         Delta: 1 unit
(0 observations deleted)
(2,102 observations deleted)
(22 observations created)

Panel variable: usuario_id (strongly balanced)
 Time variable: te, 1 to 2
         Delta: 1 unit
(0 observations deleted)
(2,102 observations deleted)
(22 observations created)

Panel variable: usuario_id (strongly balanced)
 Time variable: te, 1 to 2
         Delta: 1 unit
(0 observations deleted)
(2,102 observations deleted)
(22 observations created)

Panel variable: usuario_id (strongly balanced)
 Time variable: te, 1 to 2
         Delta: 1 unit
(0 observations deleted)
(2,097 observations deleted)
4825 4826 4827 4828 4829 4830 4831 4832 4833 4834 4835 4836 4837 4838 4839 4840
>  4841 4842 4843 4844 4845 4846 4847 4848 4849 4852 4854
(2,097 observations deleted)
(27 observations created)

Panel variable: usuario_id (strongly balanced)
 Time variable: te, 1 to 2
         Delta: 1 unit
(26 observations deleted)
(2,097 observations deleted)
(27 observations created)

Panel variable: usuario_id (strongly balanced)
 Time variable: te, 1 to 2
         Delta: 1 unit
(26 observations deleted)
(2,097 observations deleted)
(27 observations created)

Panel variable: usuario_id (strongly balanced)
 Time variable: te, 1 to 2
         Delta: 1 unit
(26 observations deleted)
(2,097 observations deleted)
(27 observations created)

Panel variable: usuario_id (strongly balanced)
 Time variable: te, 1 to 2
         Delta: 1 unit
(26 observations deleted)
(2,097 observations deleted)
(27 observations created)

Panel variable: usuario_id (strongly balanced)
 Time variable: te, 1 to 2
         Delta: 1 unit
(26 observations deleted)
(2,097 observations deleted)
(27 observations created)

Panel variable: usuario_id (strongly balanced)
 Time variable: te, 1 to 2
         Delta: 1 unit
(26 observations deleted)
(2,097 observations deleted)
(27 observations created)

Panel variable: usuario_id (strongly balanced)
 Time variable: te, 1 to 2
         Delta: 1 unit
(26 observations deleted)
(2,097 observations deleted)
(27 observations created)

Panel variable: usuario_id (strongly balanced)
 Time variable: te, 1 to 2
         Delta: 1 unit
(26 observations deleted)
(2,097 observations deleted)
(27 observations created)

Panel variable: usuario_id (strongly balanced)
 Time variable: te, 1 to 2
         Delta: 1 unit
(26 observations deleted)
(2,097 observations deleted)
(27 observations created)

Panel variable: usuario_id (strongly balanced)
 Time variable: te, 1 to 2
         Delta: 1 unit
(26 observations deleted)
(2,097 observations deleted)
(27 observations created)

Panel variable: usuario_id (strongly balanced)
 Time variable: te, 1 to 2
         Delta: 1 unit
(26 observations deleted)
(2,097 observations deleted)
(27 observations created)

Panel variable: usuario_id (strongly balanced)
 Time variable: te, 1 to 2
         Delta: 1 unit
(26 observations deleted)
(2,097 observations deleted)
(27 observations created)

Panel variable: usuario_id (strongly balanced)
 Time variable: te, 1 to 2
         Delta: 1 unit
(26 observations deleted)
(2,097 observations deleted)
(27 observations created)

Panel variable: usuario_id (strongly balanced)
 Time variable: te, 1 to 2
         Delta: 1 unit
(26 observations deleted)
(2,097 observations deleted)
(27 observations created)

Panel variable: usuario_id (strongly balanced)
 Time variable: te, 1 to 2
         Delta: 1 unit
(26 observations deleted)
(2,097 observations deleted)
(27 observations created)

Panel variable: usuario_id (strongly balanced)
 Time variable: te, 1 to 2
         Delta: 1 unit
(26 observations deleted)
(2,097 observations deleted)
(27 observations created)

Panel variable: usuario_id (strongly balanced)
 Time variable: te, 1 to 2
         Delta: 1 unit
(26 observations deleted)
(2,097 observations deleted)
(27 observations created)

Panel variable: usuario_id (strongly balanced)
 Time variable: te, 1 to 2
         Delta: 1 unit
(26 observations deleted)
(2,097 observations deleted)
(27 observations created)

Panel variable: usuario_id (strongly balanced)
 Time variable: te, 1 to 2
         Delta: 1 unit
(26 observations deleted)
(2,097 observations deleted)
(27 observations created)

Panel variable: usuario_id (strongly balanced)
 Time variable: te, 1 to 2
         Delta: 1 unit
(26 observations deleted)
(2,097 observations deleted)
(27 observations created)

Panel variable: usuario_id (strongly balanced)
 Time variable: te, 1 to 2
         Delta: 1 unit
(26 observations deleted)
(2,097 observations deleted)
(27 observations created)

Panel variable: usuario_id (strongly balanced)
 Time variable: te, 1 to 2
         Delta: 1 unit
(26 observations deleted)
(2,097 observations deleted)
(27 observations created)

Panel variable: usuario_id (strongly balanced)
 Time variable: te, 1 to 2
         Delta: 1 unit
(26 observations deleted)
(2,097 observations deleted)
(27 observations created)

Panel variable: usuario_id (strongly balanced)
 Time variable: te, 1 to 2
         Delta: 1 unit
(26 observations deleted)
(2,097 observations deleted)
(27 observations created)

Panel variable: usuario_id (strongly balanced)
 Time variable: te, 1 to 2
         Delta: 1 unit
(26 observations deleted)
(2,097 observations deleted)
(27 observations created)

Panel variable: usuario_id (strongly balanced)
 Time variable: te, 1 to 2
         Delta: 1 unit
(26 observations deleted)
(2,097 observations deleted)
(27 observations created)

Panel variable: usuario_id (strongly balanced)
 Time variable: te, 1 to 2
         Delta: 1 unit
(26 observations deleted)
(2,097 observations deleted)
4857 4858 4860 4861 4862 4863 4864 4865 4866 4867 4869 4870 4871 4872 4874 4875
>  4877 4878 4879 4880 4881 4882 4883 4884 4885 4886 4887
(2,097 observations deleted)
(27 observations created)

Panel variable: usuario_id (strongly balanced)
 Time variable: te, 1 to 2
         Delta: 1 unit
(26 observations deleted)
(2,097 observations deleted)
(27 observations created)

Panel variable: usuario_id (strongly balanced)
 Time variable: te, 1 to 2
         Delta: 1 unit
(26 observations deleted)
(2,097 observations deleted)
(27 observations created)

Panel variable: usuario_id (strongly balanced)
 Time variable: te, 1 to 2
         Delta: 1 unit
(26 observations deleted)
(2,097 observations deleted)
(27 observations created)

Panel variable: usuario_id (strongly balanced)
 Time variable: te, 1 to 2
         Delta: 1 unit
(26 observations deleted)
(2,097 observations deleted)
(27 observations created)

Panel variable: usuario_id (strongly balanced)
 Time variable: te, 1 to 2
         Delta: 1 unit
(26 observations deleted)
(2,097 observations deleted)
(27 observations created)

Panel variable: usuario_id (strongly balanced)
 Time variable: te, 1 to 2
         Delta: 1 unit
(26 observations deleted)
(2,097 observations deleted)
(27 observations created)

Panel variable: usuario_id (strongly balanced)
 Time variable: te, 1 to 2
         Delta: 1 unit
(26 observations deleted)
(2,097 observations deleted)
(27 observations created)

Panel variable: usuario_id (strongly balanced)
 Time variable: te, 1 to 2
         Delta: 1 unit
(26 observations deleted)
(2,097 observations deleted)
(27 observations created)

Panel variable: usuario_id (strongly balanced)
 Time variable: te, 1 to 2
         Delta: 1 unit
(26 observations deleted)
(2,097 observations deleted)
(27 observations created)

Panel variable: usuario_id (strongly balanced)
 Time variable: te, 1 to 2
         Delta: 1 unit
(26 observations deleted)
(2,097 observations deleted)
(27 observations created)

Panel variable: usuario_id (strongly balanced)
 Time variable: te, 1 to 2
         Delta: 1 unit
(26 observations deleted)
(2,097 observations deleted)
(27 observations created)

Panel variable: usuario_id (strongly balanced)
 Time variable: te, 1 to 2
         Delta: 1 unit
(26 observations deleted)
(2,097 observations deleted)
(27 observations created)

Panel variable: usuario_id (strongly balanced)
 Time variable: te, 1 to 2
         Delta: 1 unit
(26 observations deleted)
(2,097 observations deleted)
(27 observations created)

Panel variable: usuario_id (strongly balanced)
 Time variable: te, 1 to 2
         Delta: 1 unit
(26 observations deleted)
(2,097 observations deleted)
(27 observations created)

Panel variable: usuario_id (strongly balanced)
 Time variable: te, 1 to 2
         Delta: 1 unit
(26 observations deleted)
(2,097 observations deleted)
(27 observations created)

Panel variable: usuario_id (strongly balanced)
 Time variable: te, 1 to 2
         Delta: 1 unit
(26 observations deleted)
(2,097 observations deleted)
(27 observations created)

Panel variable: usuario_id (strongly balanced)
 Time variable: te, 1 to 2
         Delta: 1 unit
(26 observations deleted)
(2,097 observations deleted)
(27 observations created)

Panel variable: usuario_id (strongly balanced)
 Time variable: te, 1 to 2
         Delta: 1 unit
(26 observations deleted)
(2,097 observations deleted)
(27 observations created)

Panel variable: usuario_id (strongly balanced)
 Time variable: te, 1 to 2
         Delta: 1 unit
(26 observations deleted)
(2,097 observations deleted)
(27 observations created)

Panel variable: usuario_id (strongly balanced)
 Time variable: te, 1 to 2
         Delta: 1 unit
(26 observations deleted)
(2,097 observations deleted)
(27 observations created)

Panel variable: usuario_id (strongly balanced)
 Time variable: te, 1 to 2
         Delta: 1 unit
(26 observations deleted)
(2,097 observations deleted)
(27 observations created)

Panel variable: usuario_id (strongly balanced)
 Time variable: te, 1 to 2
         Delta: 1 unit
(26 observations deleted)
(2,097 observations deleted)
(27 observations created)

Panel variable: usuario_id (strongly balanced)
 Time variable: te, 1 to 2
         Delta: 1 unit
(26 observations deleted)
(2,097 observations deleted)
(27 observations created)

Panel variable: usuario_id (strongly balanced)
 Time variable: te, 1 to 2
         Delta: 1 unit
(26 observations deleted)
(2,097 observations deleted)
(27 observations created)

Panel variable: usuario_id (strongly balanced)
 Time variable: te, 1 to 2
         Delta: 1 unit
(26 observations deleted)
(2,097 observations deleted)
(27 observations created)

Panel variable: usuario_id (strongly balanced)
 Time variable: te, 1 to 2
         Delta: 1 unit
(26 observations deleted)
(2,097 observations deleted)
(27 observations created)

Panel variable: usuario_id (strongly balanced)
 Time variable: te, 1 to 2
         Delta: 1 unit
(26 observations deleted)
(2,104 observations deleted)
4890 4891 4892 4893 4895 4896 4897 4898 4899 4900 4901 4902 4905 4907 4908 4910
>  4911 4915 4916 4919
(2,104 observations deleted)
(20 observations created)

Panel variable: usuario_id (strongly balanced)
 Time variable: te, 1 to 2
         Delta: 1 unit
(19 observations deleted)
(2,104 observations deleted)
(20 observations created)

Panel variable: usuario_id (strongly balanced)
 Time variable: te, 1 to 2
         Delta: 1 unit
(19 observations deleted)
(2,104 observations deleted)
(20 observations created)

Panel variable: usuario_id (strongly balanced)
 Time variable: te, 1 to 2
         Delta: 1 unit
(19 observations deleted)
(2,104 observations deleted)
(20 observations created)

Panel variable: usuario_id (strongly balanced)
 Time variable: te, 1 to 2
         Delta: 1 unit
(19 observations deleted)
(2,104 observations deleted)
(20 observations created)

Panel variable: usuario_id (strongly balanced)
 Time variable: te, 1 to 2
         Delta: 1 unit
(19 observations deleted)
(2,104 observations deleted)
(20 observations created)

Panel variable: usuario_id (strongly balanced)
 Time variable: te, 1 to 2
         Delta: 1 unit
(19 observations deleted)
(2,104 observations deleted)
(20 observations created)

Panel variable: usuario_id (strongly balanced)
 Time variable: te, 1 to 2
         Delta: 1 unit
(19 observations deleted)
(2,104 observations deleted)
(20 observations created)

Panel variable: usuario_id (strongly balanced)
 Time variable: te, 1 to 2
         Delta: 1 unit
(19 observations deleted)
(2,104 observations deleted)
(20 observations created)

Panel variable: usuario_id (strongly balanced)
 Time variable: te, 1 to 2
         Delta: 1 unit
(19 observations deleted)
(2,104 observations deleted)
(20 observations created)

Panel variable: usuario_id (strongly balanced)
 Time variable: te, 1 to 2
         Delta: 1 unit
(19 observations deleted)
(2,104 observations deleted)
(20 observations created)

Panel variable: usuario_id (strongly balanced)
 Time variable: te, 1 to 2
         Delta: 1 unit
(19 observations deleted)
(2,104 observations deleted)
(20 observations created)

Panel variable: usuario_id (strongly balanced)
 Time variable: te, 1 to 2
         Delta: 1 unit
(19 observations deleted)
(2,104 observations deleted)
(20 observations created)

Panel variable: usuario_id (strongly balanced)
 Time variable: te, 1 to 2
         Delta: 1 unit
(19 observations deleted)
(2,104 observations deleted)
(20 observations created)

Panel variable: usuario_id (strongly balanced)
 Time variable: te, 1 to 2
         Delta: 1 unit
(19 observations deleted)
(2,104 observations deleted)
(20 observations created)

Panel variable: usuario_id (strongly balanced)
 Time variable: te, 1 to 2
         Delta: 1 unit
(19 observations deleted)
(2,104 observations deleted)
(20 observations created)

Panel variable: usuario_id (strongly balanced)
 Time variable: te, 1 to 2
         Delta: 1 unit
(19 observations deleted)
(2,104 observations deleted)
(20 observations created)

Panel variable: usuario_id (strongly balanced)
 Time variable: te, 1 to 2
         Delta: 1 unit
(19 observations deleted)
(2,104 observations deleted)
(20 observations created)

Panel variable: usuario_id (strongly balanced)
 Time variable: te, 1 to 2
         Delta: 1 unit
(19 observations deleted)
(2,104 observations deleted)
(20 observations created)

Panel variable: usuario_id (strongly balanced)
 Time variable: te, 1 to 2
         Delta: 1 unit
(19 observations deleted)
(2,104 observations deleted)
(20 observations created)

Panel variable: usuario_id (strongly balanced)
 Time variable: te, 1 to 2
         Delta: 1 unit
(19 observations deleted)
(2,095 observations deleted)
5044 5045 5046 5047 5049 5050 5051 5052 5053 5054 5055 5056 5058 5059 5060 5061
>  5062 5063 5064 5065 5066 5067 5068 5069 5070 5071 5072 5073 5074
(2,095 observations deleted)
(29 observations created)

Panel variable: usuario_id (strongly balanced)
 Time variable: te, 1 to 2
         Delta: 1 unit
(0 observations deleted)
(2,095 observations deleted)
(29 observations created)

Panel variable: usuario_id (strongly balanced)
 Time variable: te, 1 to 2
         Delta: 1 unit
(0 observations deleted)
(2,095 observations deleted)
(29 observations created)

Panel variable: usuario_id (strongly balanced)
 Time variable: te, 1 to 2
         Delta: 1 unit
(0 observations deleted)
(2,095 observations deleted)
(29 observations created)

Panel variable: usuario_id (strongly balanced)
 Time variable: te, 1 to 2
         Delta: 1 unit
(0 observations deleted)
(2,095 observations deleted)
(29 observations created)

Panel variable: usuario_id (strongly balanced)
 Time variable: te, 1 to 2
         Delta: 1 unit
(0 observations deleted)
(2,095 observations deleted)
(29 observations created)

Panel variable: usuario_id (strongly balanced)
 Time variable: te, 1 to 2
         Delta: 1 unit
(0 observations deleted)
(2,095 observations deleted)
(29 observations created)

Panel variable: usuario_id (strongly balanced)
 Time variable: te, 1 to 2
         Delta: 1 unit
(0 observations deleted)
(2,095 observations deleted)
(29 observations created)

Panel variable: usuario_id (strongly balanced)
 Time variable: te, 1 to 2
         Delta: 1 unit
(0 observations deleted)
(2,095 observations deleted)
(29 observations created)

Panel variable: usuario_id (strongly balanced)
 Time variable: te, 1 to 2
         Delta: 1 unit
(0 observations deleted)
(2,095 observations deleted)
(29 observations created)

Panel variable: usuario_id (strongly balanced)
 Time variable: te, 1 to 2
         Delta: 1 unit
(0 observations deleted)
(2,095 observations deleted)
(29 observations created)

Panel variable: usuario_id (strongly balanced)
 Time variable: te, 1 to 2
         Delta: 1 unit
(0 observations deleted)
(2,095 observations deleted)
(29 observations created)

Panel variable: usuario_id (strongly balanced)
 Time variable: te, 1 to 2
         Delta: 1 unit
(0 observations deleted)
(2,095 observations deleted)
(29 observations created)

Panel variable: usuario_id (strongly balanced)
 Time variable: te, 1 to 2
         Delta: 1 unit
(0 observations deleted)
(2,095 observations deleted)
(29 observations created)

Panel variable: usuario_id (strongly balanced)
 Time variable: te, 1 to 2
         Delta: 1 unit
(0 observations deleted)
(2,095 observations deleted)
(29 observations created)

Panel variable: usuario_id (strongly balanced)
 Time variable: te, 1 to 2
         Delta: 1 unit
(0 observations deleted)
(2,095 observations deleted)
(29 observations created)

Panel variable: usuario_id (strongly balanced)
 Time variable: te, 1 to 2
         Delta: 1 unit
(0 observations deleted)
(2,095 observations deleted)
(29 observations created)

Panel variable: usuario_id (strongly balanced)
 Time variable: te, 1 to 2
         Delta: 1 unit
(0 observations deleted)
(2,095 observations deleted)
(29 observations created)

Panel variable: usuario_id (strongly balanced)
 Time variable: te, 1 to 2
         Delta: 1 unit
(0 observations deleted)
(2,095 observations deleted)
(29 observations created)

Panel variable: usuario_id (strongly balanced)
 Time variable: te, 1 to 2
         Delta: 1 unit
(0 observations deleted)
(2,095 observations deleted)
(29 observations created)

Panel variable: usuario_id (strongly balanced)
 Time variable: te, 1 to 2
         Delta: 1 unit
(0 observations deleted)
(2,095 observations deleted)
(29 observations created)

Panel variable: usuario_id (strongly balanced)
 Time variable: te, 1 to 2
         Delta: 1 unit
(0 observations deleted)
(2,095 observations deleted)
(29 observations created)

Panel variable: usuario_id (strongly balanced)
 Time variable: te, 1 to 2
         Delta: 1 unit
(0 observations deleted)
(2,095 observations deleted)
(29 observations created)

Panel variable: usuario_id (strongly balanced)
 Time variable: te, 1 to 2
         Delta: 1 unit
(0 observations deleted)
(2,095 observations deleted)
(29 observations created)

Panel variable: usuario_id (strongly balanced)
 Time variable: te, 1 to 2
         Delta: 1 unit
(0 observations deleted)
(2,095 observations deleted)
(29 observations created)

Panel variable: usuario_id (strongly balanced)
 Time variable: te, 1 to 2
         Delta: 1 unit
(0 observations deleted)
(2,095 observations deleted)
(29 observations created)

Panel variable: usuario_id (strongly balanced)
 Time variable: te, 1 to 2
         Delta: 1 unit
(0 observations deleted)
(2,095 observations deleted)
(29 observations created)

Panel variable: usuario_id (strongly balanced)
 Time variable: te, 1 to 2
         Delta: 1 unit
(0 observations deleted)
(2,095 observations deleted)
(29 observations created)

Panel variable: usuario_id (strongly balanced)
 Time variable: te, 1 to 2
         Delta: 1 unit
(0 observations deleted)
(2,095 observations deleted)
(29 observations created)

Panel variable: usuario_id (strongly balanced)
 Time variable: te, 1 to 2
         Delta: 1 unit
(0 observations deleted)
(2,096 observations deleted)
5076 5077 5079 5080 5081 5082 5084 5085 5087 5088 5089 5090 5091 5092 5093 5094
>  5095 5097 5098 5099 5100 5101 5102 5103 5104 5105 5106 5107
(2,096 observations deleted)
(28 observations created)

Panel variable: usuario_id (strongly balanced)
 Time variable: te, 1 to 2
         Delta: 1 unit
(0 observations deleted)
(2,096 observations deleted)
(28 observations created)

Panel variable: usuario_id (strongly balanced)
 Time variable: te, 1 to 2
         Delta: 1 unit
(0 observations deleted)
(2,096 observations deleted)
(28 observations created)

Panel variable: usuario_id (strongly balanced)
 Time variable: te, 1 to 2
         Delta: 1 unit
(0 observations deleted)
(2,096 observations deleted)
(28 observations created)

Panel variable: usuario_id (strongly balanced)
 Time variable: te, 1 to 2
         Delta: 1 unit
(0 observations deleted)
(2,096 observations deleted)
(28 observations created)

Panel variable: usuario_id (strongly balanced)
 Time variable: te, 1 to 2
         Delta: 1 unit
(0 observations deleted)
(2,096 observations deleted)
(28 observations created)

Panel variable: usuario_id (strongly balanced)
 Time variable: te, 1 to 2
         Delta: 1 unit
(0 observations deleted)
(2,096 observations deleted)
(28 observations created)

Panel variable: usuario_id (strongly balanced)
 Time variable: te, 1 to 2
         Delta: 1 unit
(0 observations deleted)
(2,096 observations deleted)
(28 observations created)

Panel variable: usuario_id (strongly balanced)
 Time variable: te, 1 to 2
         Delta: 1 unit
(0 observations deleted)
(2,096 observations deleted)
(28 observations created)

Panel variable: usuario_id (strongly balanced)
 Time variable: te, 1 to 2
         Delta: 1 unit
(0 observations deleted)
(2,096 observations deleted)
(28 observations created)

Panel variable: usuario_id (strongly balanced)
 Time variable: te, 1 to 2
         Delta: 1 unit
(0 observations deleted)
(2,096 observations deleted)
(28 observations created)

Panel variable: usuario_id (strongly balanced)
 Time variable: te, 1 to 2
         Delta: 1 unit
(0 observations deleted)
(2,096 observations deleted)
(28 observations created)

Panel variable: usuario_id (strongly balanced)
 Time variable: te, 1 to 2
         Delta: 1 unit
(0 observations deleted)
(2,096 observations deleted)
(28 observations created)

Panel variable: usuario_id (strongly balanced)
 Time variable: te, 1 to 2
         Delta: 1 unit
(0 observations deleted)
(2,096 observations deleted)
(28 observations created)

Panel variable: usuario_id (strongly balanced)
 Time variable: te, 1 to 2
         Delta: 1 unit
(0 observations deleted)
(2,096 observations deleted)
(28 observations created)

Panel variable: usuario_id (strongly balanced)
 Time variable: te, 1 to 2
         Delta: 1 unit
(0 observations deleted)
(2,096 observations deleted)
(28 observations created)

Panel variable: usuario_id (strongly balanced)
 Time variable: te, 1 to 2
         Delta: 1 unit
(0 observations deleted)
(2,096 observations deleted)
(28 observations created)

Panel variable: usuario_id (strongly balanced)
 Time variable: te, 1 to 2
         Delta: 1 unit
(0 observations deleted)
(2,096 observations deleted)
(28 observations created)

Panel variable: usuario_id (strongly balanced)
 Time variable: te, 1 to 2
         Delta: 1 unit
(0 observations deleted)
(2,096 observations deleted)
(28 observations created)

Panel variable: usuario_id (strongly balanced)
 Time variable: te, 1 to 2
         Delta: 1 unit
(0 observations deleted)
(2,096 observations deleted)
(28 observations created)

Panel variable: usuario_id (strongly balanced)
 Time variable: te, 1 to 2
         Delta: 1 unit
(0 observations deleted)
(2,096 observations deleted)
(28 observations created)

Panel variable: usuario_id (strongly balanced)
 Time variable: te, 1 to 2
         Delta: 1 unit
(0 observations deleted)
(2,096 observations deleted)
(28 observations created)

Panel variable: usuario_id (strongly balanced)
 Time variable: te, 1 to 2
         Delta: 1 unit
(0 observations deleted)
(2,096 observations deleted)
(28 observations created)

Panel variable: usuario_id (strongly balanced)
 Time variable: te, 1 to 2
         Delta: 1 unit
(0 observations deleted)
(2,096 observations deleted)
(28 observations created)

Panel variable: usuario_id (strongly balanced)
 Time variable: te, 1 to 2
         Delta: 1 unit
(0 observations deleted)
(2,096 observations deleted)
(28 observations created)

Panel variable: usuario_id (strongly balanced)
 Time variable: te, 1 to 2
         Delta: 1 unit
(0 observations deleted)
(2,096 observations deleted)
(28 observations created)

Panel variable: usuario_id (strongly balanced)
 Time variable: te, 1 to 2
         Delta: 1 unit
(0 observations deleted)
(2,096 observations deleted)
(28 observations created)

Panel variable: usuario_id (strongly balanced)
 Time variable: te, 1 to 2
         Delta: 1 unit
(0 observations deleted)
(2,096 observations deleted)
(28 observations created)

Panel variable: usuario_id (strongly balanced)
 Time variable: te, 1 to 2
         Delta: 1 unit
(0 observations deleted)
(2,094 observations deleted)
5108 5109 5110 5111 5112 5113 5114 5115 5116 5117 5118 5119 5120 5121 5122 5123
>  5124 5126 5128 5129 5130 5131 5132 5134 5135 5136 5137 5138 5139 5140
(2,094 observations deleted)
(30 observations created)

Panel variable: usuario_id (strongly balanced)
 Time variable: te, 1 to 2
         Delta: 1 unit
(0 observations deleted)
(2,094 observations deleted)
(30 observations created)

Panel variable: usuario_id (strongly balanced)
 Time variable: te, 1 to 2
         Delta: 1 unit
(0 observations deleted)
(2,094 observations deleted)
(30 observations created)

Panel variable: usuario_id (strongly balanced)
 Time variable: te, 1 to 2
         Delta: 1 unit
(0 observations deleted)
(2,094 observations deleted)
(30 observations created)

Panel variable: usuario_id (strongly balanced)
 Time variable: te, 1 to 2
         Delta: 1 unit
(0 observations deleted)
(2,094 observations deleted)
(30 observations created)

Panel variable: usuario_id (strongly balanced)
 Time variable: te, 1 to 2
         Delta: 1 unit
(0 observations deleted)
(2,094 observations deleted)
(30 observations created)

Panel variable: usuario_id (strongly balanced)
 Time variable: te, 1 to 2
         Delta: 1 unit
(0 observations deleted)
(2,094 observations deleted)
(30 observations created)

Panel variable: usuario_id (strongly balanced)
 Time variable: te, 1 to 2
         Delta: 1 unit
(0 observations deleted)
(2,094 observations deleted)
(30 observations created)

Panel variable: usuario_id (strongly balanced)
 Time variable: te, 1 to 2
         Delta: 1 unit
(0 observations deleted)
(2,094 observations deleted)
(30 observations created)

Panel variable: usuario_id (strongly balanced)
 Time variable: te, 1 to 2
         Delta: 1 unit
(0 observations deleted)
(2,094 observations deleted)
(30 observations created)

Panel variable: usuario_id (strongly balanced)
 Time variable: te, 1 to 2
         Delta: 1 unit
(0 observations deleted)
(2,094 observations deleted)
(30 observations created)

Panel variable: usuario_id (strongly balanced)
 Time variable: te, 1 to 2
         Delta: 1 unit
(0 observations deleted)
(2,094 observations deleted)
(30 observations created)

Panel variable: usuario_id (strongly balanced)
 Time variable: te, 1 to 2
         Delta: 1 unit
(0 observations deleted)
(2,094 observations deleted)
(30 observations created)

Panel variable: usuario_id (strongly balanced)
 Time variable: te, 1 to 2
         Delta: 1 unit
(0 observations deleted)
(2,094 observations deleted)
(30 observations created)

Panel variable: usuario_id (strongly balanced)
 Time variable: te, 1 to 2
         Delta: 1 unit
(0 observations deleted)
(2,094 observations deleted)
(30 observations created)

Panel variable: usuario_id (strongly balanced)
 Time variable: te, 1 to 2
         Delta: 1 unit
(0 observations deleted)
(2,094 observations deleted)
(30 observations created)

Panel variable: usuario_id (strongly balanced)
 Time variable: te, 1 to 2
         Delta: 1 unit
(0 observations deleted)
(2,094 observations deleted)
(30 observations created)

Panel variable: usuario_id (strongly balanced)
 Time variable: te, 1 to 2
         Delta: 1 unit
(0 observations deleted)
(2,094 observations deleted)
(30 observations created)

Panel variable: usuario_id (strongly balanced)
 Time variable: te, 1 to 2
         Delta: 1 unit
(0 observations deleted)
(2,094 observations deleted)
(30 observations created)

Panel variable: usuario_id (strongly balanced)
 Time variable: te, 1 to 2
         Delta: 1 unit
(0 observations deleted)
(2,094 observations deleted)
(30 observations created)

Panel variable: usuario_id (strongly balanced)
 Time variable: te, 1 to 2
         Delta: 1 unit
(0 observations deleted)
(2,094 observations deleted)
(30 observations created)

Panel variable: usuario_id (strongly balanced)
 Time variable: te, 1 to 2
         Delta: 1 unit
(0 observations deleted)
(2,094 observations deleted)
(30 observations created)

Panel variable: usuario_id (strongly balanced)
 Time variable: te, 1 to 2
         Delta: 1 unit
(0 observations deleted)
(2,094 observations deleted)
(30 observations created)

Panel variable: usuario_id (strongly balanced)
 Time variable: te, 1 to 2
         Delta: 1 unit
(0 observations deleted)
(2,094 observations deleted)
(30 observations created)

Panel variable: usuario_id (strongly balanced)
 Time variable: te, 1 to 2
         Delta: 1 unit
(0 observations deleted)
(2,094 observations deleted)
(30 observations created)

Panel variable: usuario_id (strongly balanced)
 Time variable: te, 1 to 2
         Delta: 1 unit
(0 observations deleted)
(2,094 observations deleted)
(30 observations created)

Panel variable: usuario_id (strongly balanced)
 Time variable: te, 1 to 2
         Delta: 1 unit
(0 observations deleted)
(2,094 observations deleted)
(30 observations created)

Panel variable: usuario_id (strongly balanced)
 Time variable: te, 1 to 2
         Delta: 1 unit
(0 observations deleted)
(2,094 observations deleted)
(30 observations created)

Panel variable: usuario_id (strongly balanced)
 Time variable: te, 1 to 2
         Delta: 1 unit
(0 observations deleted)
(2,094 observations deleted)
(30 observations created)

Panel variable: usuario_id (strongly balanced)
 Time variable: te, 1 to 2
         Delta: 1 unit
(0 observations deleted)
(2,094 observations deleted)
(30 observations created)

Panel variable: usuario_id (strongly balanced)
 Time variable: te, 1 to 2
         Delta: 1 unit
(0 observations deleted)
(2,095 observations deleted)
4923 4924 4925 4926 4927 4928 4929 4930 4931 4932 4933 4934 4935 4936 4937 4938
>  4939 4940 4941 4942 4943 4944 4945 4946 4947 4948 4949 4950 4951
(2,095 observations deleted)
(29 observations created)

Panel variable: usuario_id (strongly balanced)
 Time variable: te, 1 to 2
         Delta: 1 unit
(0 observations deleted)
(2,095 observations deleted)
(29 observations created)

Panel variable: usuario_id (strongly balanced)
 Time variable: te, 1 to 2
         Delta: 1 unit
(0 observations deleted)
(2,095 observations deleted)
(29 observations created)

Panel variable: usuario_id (strongly balanced)
 Time variable: te, 1 to 2
         Delta: 1 unit
(0 observations deleted)
(2,095 observations deleted)
(29 observations created)

Panel variable: usuario_id (strongly balanced)
 Time variable: te, 1 to 2
         Delta: 1 unit
(0 observations deleted)
(2,095 observations deleted)
(29 observations created)

Panel variable: usuario_id (strongly balanced)
 Time variable: te, 1 to 2
         Delta: 1 unit
(0 observations deleted)
(2,095 observations deleted)
(29 observations created)

Panel variable: usuario_id (strongly balanced)
 Time variable: te, 1 to 2
         Delta: 1 unit
(0 observations deleted)
(2,095 observations deleted)
(29 observations created)

Panel variable: usuario_id (strongly balanced)
 Time variable: te, 1 to 2
         Delta: 1 unit
(0 observations deleted)
(2,095 observations deleted)
(29 observations created)

Panel variable: usuario_id (strongly balanced)
 Time variable: te, 1 to 2
         Delta: 1 unit
(0 observations deleted)
(2,095 observations deleted)
(29 observations created)

Panel variable: usuario_id (strongly balanced)
 Time variable: te, 1 to 2
         Delta: 1 unit
(0 observations deleted)
(2,095 observations deleted)
(29 observations created)

Panel variable: usuario_id (strongly balanced)
 Time variable: te, 1 to 2
         Delta: 1 unit
(0 observations deleted)
(2,095 observations deleted)
(29 observations created)

Panel variable: usuario_id (strongly balanced)
 Time variable: te, 1 to 2
         Delta: 1 unit
(0 observations deleted)
(2,095 observations deleted)
(29 observations created)

Panel variable: usuario_id (strongly balanced)
 Time variable: te, 1 to 2
         Delta: 1 unit
(0 observations deleted)
(2,095 observations deleted)
(29 observations created)

Panel variable: usuario_id (strongly balanced)
 Time variable: te, 1 to 2
         Delta: 1 unit
(0 observations deleted)
(2,095 observations deleted)
(29 observations created)

Panel variable: usuario_id (strongly balanced)
 Time variable: te, 1 to 2
         Delta: 1 unit
(0 observations deleted)
(2,095 observations deleted)
(29 observations created)

Panel variable: usuario_id (strongly balanced)
 Time variable: te, 1 to 2
         Delta: 1 unit
(0 observations deleted)
(2,095 observations deleted)
(29 observations created)

Panel variable: usuario_id (strongly balanced)
 Time variable: te, 1 to 2
         Delta: 1 unit
(0 observations deleted)
(2,095 observations deleted)
(29 observations created)

Panel variable: usuario_id (strongly balanced)
 Time variable: te, 1 to 2
         Delta: 1 unit
(0 observations deleted)
(2,095 observations deleted)
(29 observations created)

Panel variable: usuario_id (strongly balanced)
 Time variable: te, 1 to 2
         Delta: 1 unit
(0 observations deleted)
(2,095 observations deleted)
(29 observations created)

Panel variable: usuario_id (strongly balanced)
 Time variable: te, 1 to 2
         Delta: 1 unit
(0 observations deleted)
(2,095 observations deleted)
(29 observations created)

Panel variable: usuario_id (strongly balanced)
 Time variable: te, 1 to 2
         Delta: 1 unit
(0 observations deleted)
(2,095 observations deleted)
(29 observations created)

Panel variable: usuario_id (strongly balanced)
 Time variable: te, 1 to 2
         Delta: 1 unit
(0 observations deleted)
(2,095 observations deleted)
(29 observations created)

Panel variable: usuario_id (strongly balanced)
 Time variable: te, 1 to 2
         Delta: 1 unit
(0 observations deleted)
(2,095 observations deleted)
(29 observations created)

Panel variable: usuario_id (strongly balanced)
 Time variable: te, 1 to 2
         Delta: 1 unit
(0 observations deleted)
(2,095 observations deleted)
(29 observations created)

Panel variable: usuario_id (strongly balanced)
 Time variable: te, 1 to 2
         Delta: 1 unit
(0 observations deleted)
(2,095 observations deleted)
(29 observations created)

Panel variable: usuario_id (strongly balanced)
 Time variable: te, 1 to 2
         Delta: 1 unit
(0 observations deleted)
(2,095 observations deleted)
(29 observations created)

Panel variable: usuario_id (strongly balanced)
 Time variable: te, 1 to 2
         Delta: 1 unit
(0 observations deleted)
(2,095 observations deleted)
(29 observations created)

Panel variable: usuario_id (strongly balanced)
 Time variable: te, 1 to 2
         Delta: 1 unit
(0 observations deleted)
(2,095 observations deleted)
(29 observations created)

Panel variable: usuario_id (strongly balanced)
 Time variable: te, 1 to 2
         Delta: 1 unit
(0 observations deleted)
(2,095 observations deleted)
(29 observations created)

Panel variable: usuario_id (strongly balanced)
 Time variable: te, 1 to 2
         Delta: 1 unit
(0 observations deleted)
(2,095 observations deleted)
4952 4953 4954 4955 4956 4957 4958 4959 4960 4961 4962 4963 4964 4965 4966 4967
>  4968 4969 4970 4971 4972 4973 4974 4975 4976 4977 4978 4979 4980
(2,095 observations deleted)
(29 observations created)

Panel variable: usuario_id (strongly balanced)
 Time variable: te, 1 to 2
         Delta: 1 unit
(0 observations deleted)
(2,095 observations deleted)
(29 observations created)

Panel variable: usuario_id (strongly balanced)
 Time variable: te, 1 to 2
         Delta: 1 unit
(0 observations deleted)
(2,095 observations deleted)
(29 observations created)

Panel variable: usuario_id (strongly balanced)
 Time variable: te, 1 to 2
         Delta: 1 unit
(0 observations deleted)
(2,095 observations deleted)
(29 observations created)

Panel variable: usuario_id (strongly balanced)
 Time variable: te, 1 to 2
         Delta: 1 unit
(0 observations deleted)
(2,095 observations deleted)
(29 observations created)

Panel variable: usuario_id (strongly balanced)
 Time variable: te, 1 to 2
         Delta: 1 unit
(0 observations deleted)
(2,095 observations deleted)
(29 observations created)

Panel variable: usuario_id (strongly balanced)
 Time variable: te, 1 to 2
         Delta: 1 unit
(0 observations deleted)
(2,095 observations deleted)
(29 observations created)

Panel variable: usuario_id (strongly balanced)
 Time variable: te, 1 to 2
         Delta: 1 unit
(0 observations deleted)
(2,095 observations deleted)
(29 observations created)

Panel variable: usuario_id (strongly balanced)
 Time variable: te, 1 to 2
         Delta: 1 unit
(0 observations deleted)
(2,095 observations deleted)
(29 observations created)

Panel variable: usuario_id (strongly balanced)
 Time variable: te, 1 to 2
         Delta: 1 unit
(0 observations deleted)
(2,095 observations deleted)
(29 observations created)

Panel variable: usuario_id (strongly balanced)
 Time variable: te, 1 to 2
         Delta: 1 unit
(0 observations deleted)
(2,095 observations deleted)
(29 observations created)

Panel variable: usuario_id (strongly balanced)
 Time variable: te, 1 to 2
         Delta: 1 unit
(0 observations deleted)
(2,095 observations deleted)
(29 observations created)

Panel variable: usuario_id (strongly balanced)
 Time variable: te, 1 to 2
         Delta: 1 unit
(0 observations deleted)
(2,095 observations deleted)
(29 observations created)

Panel variable: usuario_id (strongly balanced)
 Time variable: te, 1 to 2
         Delta: 1 unit
(0 observations deleted)
(2,095 observations deleted)
(29 observations created)

Panel variable: usuario_id (strongly balanced)
 Time variable: te, 1 to 2
         Delta: 1 unit
(0 observations deleted)
(2,095 observations deleted)
(29 observations created)

Panel variable: usuario_id (strongly balanced)
 Time variable: te, 1 to 2
         Delta: 1 unit
(0 observations deleted)
(2,095 observations deleted)
(29 observations created)

Panel variable: usuario_id (strongly balanced)
 Time variable: te, 1 to 2
         Delta: 1 unit
(0 observations deleted)
(2,095 observations deleted)
(29 observations created)

Panel variable: usuario_id (strongly balanced)
 Time variable: te, 1 to 2
         Delta: 1 unit
(0 observations deleted)
(2,095 observations deleted)
(29 observations created)

Panel variable: usuario_id (strongly balanced)
 Time variable: te, 1 to 2
         Delta: 1 unit
(0 observations deleted)
(2,095 observations deleted)
(29 observations created)

Panel variable: usuario_id (strongly balanced)
 Time variable: te, 1 to 2
         Delta: 1 unit
(0 observations deleted)
(2,095 observations deleted)
(29 observations created)

Panel variable: usuario_id (strongly balanced)
 Time variable: te, 1 to 2
         Delta: 1 unit
(0 observations deleted)
(2,095 observations deleted)
(29 observations created)

Panel variable: usuario_id (strongly balanced)
 Time variable: te, 1 to 2
         Delta: 1 unit
(0 observations deleted)
(2,095 observations deleted)
(29 observations created)

Panel variable: usuario_id (strongly balanced)
 Time variable: te, 1 to 2
         Delta: 1 unit
(0 observations deleted)
(2,095 observations deleted)
(29 observations created)

Panel variable: usuario_id (strongly balanced)
 Time variable: te, 1 to 2
         Delta: 1 unit
(0 observations deleted)
(2,095 observations deleted)
(29 observations created)

Panel variable: usuario_id (strongly balanced)
 Time variable: te, 1 to 2
         Delta: 1 unit
(0 observations deleted)
(2,095 observations deleted)
(29 observations created)

Panel variable: usuario_id (strongly balanced)
 Time variable: te, 1 to 2
         Delta: 1 unit
(0 observations deleted)
(2,095 observations deleted)
(29 observations created)

Panel variable: usuario_id (strongly balanced)
 Time variable: te, 1 to 2
         Delta: 1 unit
(0 observations deleted)
(2,095 observations deleted)
(29 observations created)

Panel variable: usuario_id (strongly balanced)
 Time variable: te, 1 to 2
         Delta: 1 unit
(0 observations deleted)
(2,095 observations deleted)
(29 observations created)

Panel variable: usuario_id (strongly balanced)
 Time variable: te, 1 to 2
         Delta: 1 unit
(0 observations deleted)
(2,095 observations deleted)
(29 observations created)

Panel variable: usuario_id (strongly balanced)
 Time variable: te, 1 to 2
         Delta: 1 unit
(0 observations deleted)
(2,096 observations deleted)
4982 4983 4984 4985 4986 4987 4988 4989 4991 4992 4993 4994 4995 4996 4997 4998
>  4999 5000 5001 5002 5003 5004 5005 5006 5007 5008 5010 5012
(2,096 observations deleted)
(28 observations created)

Panel variable: usuario_id (strongly balanced)
 Time variable: te, 1 to 2
         Delta: 1 unit
(0 observations deleted)
(2,096 observations deleted)
(28 observations created)

Panel variable: usuario_id (strongly balanced)
 Time variable: te, 1 to 2
         Delta: 1 unit
(0 observations deleted)
(2,096 observations deleted)
(28 observations created)

Panel variable: usuario_id (strongly balanced)
 Time variable: te, 1 to 2
         Delta: 1 unit
(0 observations deleted)
(2,096 observations deleted)
(28 observations created)

Panel variable: usuario_id (strongly balanced)
 Time variable: te, 1 to 2
         Delta: 1 unit
(0 observations deleted)
(2,096 observations deleted)
(28 observations created)

Panel variable: usuario_id (strongly balanced)
 Time variable: te, 1 to 2
         Delta: 1 unit
(0 observations deleted)
(2,096 observations deleted)
(28 observations created)

Panel variable: usuario_id (strongly balanced)
 Time variable: te, 1 to 2
         Delta: 1 unit
(0 observations deleted)
(2,096 observations deleted)
(28 observations created)

Panel variable: usuario_id (strongly balanced)
 Time variable: te, 1 to 2
         Delta: 1 unit
(0 observations deleted)
(2,096 observations deleted)
(28 observations created)

Panel variable: usuario_id (strongly balanced)
 Time variable: te, 1 to 2
         Delta: 1 unit
(0 observations deleted)
(2,096 observations deleted)
(28 observations created)

Panel variable: usuario_id (strongly balanced)
 Time variable: te, 1 to 2
         Delta: 1 unit
(0 observations deleted)
(2,096 observations deleted)
(28 observations created)

Panel variable: usuario_id (strongly balanced)
 Time variable: te, 1 to 2
         Delta: 1 unit
(0 observations deleted)
(2,096 observations deleted)
(28 observations created)

Panel variable: usuario_id (strongly balanced)
 Time variable: te, 1 to 2
         Delta: 1 unit
(0 observations deleted)
(2,096 observations deleted)
(28 observations created)

Panel variable: usuario_id (strongly balanced)
 Time variable: te, 1 to 2
         Delta: 1 unit
(0 observations deleted)
(2,096 observations deleted)
(28 observations created)

Panel variable: usuario_id (strongly balanced)
 Time variable: te, 1 to 2
         Delta: 1 unit
(0 observations deleted)
(2,096 observations deleted)
(28 observations created)

Panel variable: usuario_id (strongly balanced)
 Time variable: te, 1 to 2
         Delta: 1 unit
(0 observations deleted)
(2,096 observations deleted)
(28 observations created)

Panel variable: usuario_id (strongly balanced)
 Time variable: te, 1 to 2
         Delta: 1 unit
(0 observations deleted)
(2,096 observations deleted)
(28 observations created)

Panel variable: usuario_id (strongly balanced)
 Time variable: te, 1 to 2
         Delta: 1 unit
(0 observations deleted)
(2,096 observations deleted)
(28 observations created)

Panel variable: usuario_id (strongly balanced)
 Time variable: te, 1 to 2
         Delta: 1 unit
(0 observations deleted)
(2,096 observations deleted)
(28 observations created)

Panel variable: usuario_id (strongly balanced)
 Time variable: te, 1 to 2
         Delta: 1 unit
(0 observations deleted)
(2,096 observations deleted)
(28 observations created)

Panel variable: usuario_id (strongly balanced)
 Time variable: te, 1 to 2
         Delta: 1 unit
(0 observations deleted)
(2,096 observations deleted)
(28 observations created)

Panel variable: usuario_id (strongly balanced)
 Time variable: te, 1 to 2
         Delta: 1 unit
(0 observations deleted)
(2,096 observations deleted)
(28 observations created)

Panel variable: usuario_id (strongly balanced)
 Time variable: te, 1 to 2
         Delta: 1 unit
(0 observations deleted)
(2,096 observations deleted)
(28 observations created)

Panel variable: usuario_id (strongly balanced)
 Time variable: te, 1 to 2
         Delta: 1 unit
(0 observations deleted)
(2,096 observations deleted)
(28 observations created)

Panel variable: usuario_id (strongly balanced)
 Time variable: te, 1 to 2
         Delta: 1 unit
(0 observations deleted)
(2,096 observations deleted)
(28 observations created)

Panel variable: usuario_id (strongly balanced)
 Time variable: te, 1 to 2
         Delta: 1 unit
(0 observations deleted)
(2,096 observations deleted)
(28 observations created)

Panel variable: usuario_id (strongly balanced)
 Time variable: te, 1 to 2
         Delta: 1 unit
(0 observations deleted)
(2,096 observations deleted)
(28 observations created)

Panel variable: usuario_id (strongly balanced)
 Time variable: te, 1 to 2
         Delta: 1 unit
(0 observations deleted)
(2,096 observations deleted)
(28 observations created)

Panel variable: usuario_id (strongly balanced)
 Time variable: te, 1 to 2
         Delta: 1 unit
(0 observations deleted)
(2,096 observations deleted)
(28 observations created)

Panel variable: usuario_id (strongly balanced)
 Time variable: te, 1 to 2
         Delta: 1 unit
(0 observations deleted)
(2,096 observations deleted)
5013 5014 5015 5016 5017 5018 5019 5020 5021 5022 5023 5025 5026 5027 5028 5029
>  5030 5031 5032 5033 5034 5035 5036 5037 5038 5039 5040 5041
(2,096 observations deleted)
(28 observations created)

Panel variable: usuario_id (strongly balanced)
 Time variable: te, 1 to 2
         Delta: 1 unit
(0 observations deleted)
(2,096 observations deleted)
(28 observations created)

Panel variable: usuario_id (strongly balanced)
 Time variable: te, 1 to 2
         Delta: 1 unit
(0 observations deleted)
(2,096 observations deleted)
(28 observations created)

Panel variable: usuario_id (strongly balanced)
 Time variable: te, 1 to 2
         Delta: 1 unit
(0 observations deleted)
(2,096 observations deleted)
(28 observations created)

Panel variable: usuario_id (strongly balanced)
 Time variable: te, 1 to 2
         Delta: 1 unit
(0 observations deleted)
(2,096 observations deleted)
(28 observations created)

Panel variable: usuario_id (strongly balanced)
 Time variable: te, 1 to 2
         Delta: 1 unit
(0 observations deleted)
(2,096 observations deleted)
(28 observations created)

Panel variable: usuario_id (strongly balanced)
 Time variable: te, 1 to 2
         Delta: 1 unit
(0 observations deleted)
(2,096 observations deleted)
(28 observations created)

Panel variable: usuario_id (strongly balanced)
 Time variable: te, 1 to 2
         Delta: 1 unit
(0 observations deleted)
(2,096 observations deleted)
(28 observations created)

Panel variable: usuario_id (strongly balanced)
 Time variable: te, 1 to 2
         Delta: 1 unit
(0 observations deleted)
(2,096 observations deleted)
(28 observations created)

Panel variable: usuario_id (strongly balanced)
 Time variable: te, 1 to 2
         Delta: 1 unit
(0 observations deleted)
(2,096 observations deleted)
(28 observations created)

Panel variable: usuario_id (strongly balanced)
 Time variable: te, 1 to 2
         Delta: 1 unit
(0 observations deleted)
(2,096 observations deleted)
(28 observations created)

Panel variable: usuario_id (strongly balanced)
 Time variable: te, 1 to 2
         Delta: 1 unit
(0 observations deleted)
(2,096 observations deleted)
(28 observations created)

Panel variable: usuario_id (strongly balanced)
 Time variable: te, 1 to 2
         Delta: 1 unit
(0 observations deleted)
(2,096 observations deleted)
(28 observations created)

Panel variable: usuario_id (strongly balanced)
 Time variable: te, 1 to 2
         Delta: 1 unit
(0 observations deleted)
(2,096 observations deleted)
(28 observations created)

Panel variable: usuario_id (strongly balanced)
 Time variable: te, 1 to 2
         Delta: 1 unit
(0 observations deleted)
(2,096 observations deleted)
(28 observations created)

Panel variable: usuario_id (strongly balanced)
 Time variable: te, 1 to 2
         Delta: 1 unit
(0 observations deleted)
(2,096 observations deleted)
(28 observations created)

Panel variable: usuario_id (strongly balanced)
 Time variable: te, 1 to 2
         Delta: 1 unit
(0 observations deleted)
(2,096 observations deleted)
(28 observations created)

Panel variable: usuario_id (strongly balanced)
 Time variable: te, 1 to 2
         Delta: 1 unit
(0 observations deleted)
(2,096 observations deleted)
(28 observations created)

Panel variable: usuario_id (strongly balanced)
 Time variable: te, 1 to 2
         Delta: 1 unit
(0 observations deleted)
(2,096 observations deleted)
(28 observations created)

Panel variable: usuario_id (strongly balanced)
 Time variable: te, 1 to 2
         Delta: 1 unit
(0 observations deleted)
(2,096 observations deleted)
(28 observations created)

Panel variable: usuario_id (strongly balanced)
 Time variable: te, 1 to 2
         Delta: 1 unit
(0 observations deleted)
(2,096 observations deleted)
(28 observations created)

Panel variable: usuario_id (strongly balanced)
 Time variable: te, 1 to 2
         Delta: 1 unit
(0 observations deleted)
(2,096 observations deleted)
(28 observations created)

Panel variable: usuario_id (strongly balanced)
 Time variable: te, 1 to 2
         Delta: 1 unit
(0 observations deleted)
(2,096 observations deleted)
(28 observations created)

Panel variable: usuario_id (strongly balanced)
 Time variable: te, 1 to 2
         Delta: 1 unit
(0 observations deleted)
(2,096 observations deleted)
(28 observations created)

Panel variable: usuario_id (strongly balanced)
 Time variable: te, 1 to 2
         Delta: 1 unit
(0 observations deleted)
(2,096 observations deleted)
(28 observations created)

Panel variable: usuario_id (strongly balanced)
 Time variable: te, 1 to 2
         Delta: 1 unit
(0 observations deleted)
(2,096 observations deleted)
(28 observations created)

Panel variable: usuario_id (strongly balanced)
 Time variable: te, 1 to 2
         Delta: 1 unit
(0 observations deleted)
(2,096 observations deleted)
(28 observations created)

Panel variable: usuario_id (strongly balanced)
 Time variable: te, 1 to 2
         Delta: 1 unit
(0 observations deleted)
(2,096 observations deleted)
(28 observations created)

Panel variable: usuario_id (strongly balanced)
 Time variable: te, 1 to 2
         Delta: 1 unit
(0 observations deleted)
(2,092 observations deleted)
3304 3305 3306 3307 3308 3309 3310 3311 3312 3313 3314 3315 3316 3317 3318 3319
>  3320 3321 3322 3323 3324 3325 3326 3327 3328 3329 3330 3331 3332 3333 3334 3
> 335
(2,092 observations deleted)
(32 observations created)

Panel variable: usuario_id (strongly balanced)
 Time variable: te, 1 to 2
         Delta: 1 unit
(0 observations deleted)
(2,092 observations deleted)
(32 observations created)

Panel variable: usuario_id (strongly balanced)
 Time variable: te, 1 to 2
         Delta: 1 unit
(0 observations deleted)
(2,092 observations deleted)
(32 observations created)

Panel variable: usuario_id (strongly balanced)
 Time variable: te, 1 to 2
         Delta: 1 unit
(0 observations deleted)
(2,092 observations deleted)
(32 observations created)

Panel variable: usuario_id (strongly balanced)
 Time variable: te, 1 to 2
         Delta: 1 unit
(0 observations deleted)
(2,092 observations deleted)
(32 observations created)

Panel variable: usuario_id (strongly balanced)
 Time variable: te, 1 to 2
         Delta: 1 unit
(0 observations deleted)
(2,092 observations deleted)
(32 observations created)

Panel variable: usuario_id (strongly balanced)
 Time variable: te, 1 to 2
         Delta: 1 unit
(0 observations deleted)
(2,092 observations deleted)
(32 observations created)

Panel variable: usuario_id (strongly balanced)
 Time variable: te, 1 to 2
         Delta: 1 unit
(0 observations deleted)
(2,092 observations deleted)
(32 observations created)

Panel variable: usuario_id (strongly balanced)
 Time variable: te, 1 to 2
         Delta: 1 unit
(0 observations deleted)
(2,092 observations deleted)
(32 observations created)

Panel variable: usuario_id (strongly balanced)
 Time variable: te, 1 to 2
         Delta: 1 unit
(0 observations deleted)
(2,092 observations deleted)
(32 observations created)

Panel variable: usuario_id (strongly balanced)
 Time variable: te, 1 to 2
         Delta: 1 unit
(0 observations deleted)
(2,092 observations deleted)
(32 observations created)

Panel variable: usuario_id (strongly balanced)
 Time variable: te, 1 to 2
         Delta: 1 unit
(0 observations deleted)
(2,092 observations deleted)
(32 observations created)

Panel variable: usuario_id (strongly balanced)
 Time variable: te, 1 to 2
         Delta: 1 unit
(0 observations deleted)
(2,092 observations deleted)
(32 observations created)

Panel variable: usuario_id (strongly balanced)
 Time variable: te, 1 to 2
         Delta: 1 unit
(0 observations deleted)
(2,092 observations deleted)
(32 observations created)

Panel variable: usuario_id (strongly balanced)
 Time variable: te, 1 to 2
         Delta: 1 unit
(0 observations deleted)
(2,092 observations deleted)
(32 observations created)

Panel variable: usuario_id (strongly balanced)
 Time variable: te, 1 to 2
         Delta: 1 unit
(0 observations deleted)
(2,092 observations deleted)
(32 observations created)

Panel variable: usuario_id (strongly balanced)
 Time variable: te, 1 to 2
         Delta: 1 unit
(0 observations deleted)
(2,092 observations deleted)
(32 observations created)

Panel variable: usuario_id (strongly balanced)
 Time variable: te, 1 to 2
         Delta: 1 unit
(0 observations deleted)
(2,092 observations deleted)
(32 observations created)

Panel variable: usuario_id (strongly balanced)
 Time variable: te, 1 to 2
         Delta: 1 unit
(0 observations deleted)
(2,092 observations deleted)
(32 observations created)

Panel variable: usuario_id (strongly balanced)
 Time variable: te, 1 to 2
         Delta: 1 unit
(0 observations deleted)
(2,092 observations deleted)
(32 observations created)

Panel variable: usuario_id (strongly balanced)
 Time variable: te, 1 to 2
         Delta: 1 unit
(0 observations deleted)
(2,092 observations deleted)
(32 observations created)

Panel variable: usuario_id (strongly balanced)
 Time variable: te, 1 to 2
         Delta: 1 unit
(0 observations deleted)
(2,092 observations deleted)
(32 observations created)

Panel variable: usuario_id (strongly balanced)
 Time variable: te, 1 to 2
         Delta: 1 unit
(0 observations deleted)
(2,092 observations deleted)
(32 observations created)

Panel variable: usuario_id (strongly balanced)
 Time variable: te, 1 to 2
         Delta: 1 unit
(0 observations deleted)
(2,092 observations deleted)
(32 observations created)

Panel variable: usuario_id (strongly balanced)
 Time variable: te, 1 to 2
         Delta: 1 unit
(0 observations deleted)
(2,092 observations deleted)
(32 observations created)

Panel variable: usuario_id (strongly balanced)
 Time variable: te, 1 to 2
         Delta: 1 unit
(0 observations deleted)
(2,092 observations deleted)
(32 observations created)

Panel variable: usuario_id (strongly balanced)
 Time variable: te, 1 to 2
         Delta: 1 unit
(0 observations deleted)
(2,092 observations deleted)
(32 observations created)

Panel variable: usuario_id (strongly balanced)
 Time variable: te, 1 to 2
         Delta: 1 unit
(0 observations deleted)
(2,092 observations deleted)
(32 observations created)

Panel variable: usuario_id (strongly balanced)
 Time variable: te, 1 to 2
         Delta: 1 unit
(0 observations deleted)
(2,092 observations deleted)
(32 observations created)

Panel variable: usuario_id (strongly balanced)
 Time variable: te, 1 to 2
         Delta: 1 unit
(0 observations deleted)
(2,092 observations deleted)
(32 observations created)

Panel variable: usuario_id (strongly balanced)
 Time variable: te, 1 to 2
         Delta: 1 unit
(0 observations deleted)
(2,092 observations deleted)
(32 observations created)

Panel variable: usuario_id (strongly balanced)
 Time variable: te, 1 to 2
         Delta: 1 unit
(0 observations deleted)
(2,092 observations deleted)
(32 observations created)

Panel variable: usuario_id (strongly balanced)
 Time variable: te, 1 to 2
         Delta: 1 unit
(0 observations deleted)
(2,097 observations deleted)
3336 3337 3338 3339 3341 3342 3343 3344 3345 3346 3347 3348 3349 3350 3351 3352
>  3353 3355 3356 3357 3358 3362 3364 3365 3366 3367 3368
(2,097 observations deleted)
(27 observations created)

Panel variable: usuario_id (strongly balanced)
 Time variable: te, 1 to 2
         Delta: 1 unit
(0 observations deleted)
(2,097 observations deleted)
(27 observations created)

Panel variable: usuario_id (strongly balanced)
 Time variable: te, 1 to 2
         Delta: 1 unit
(0 observations deleted)
(2,097 observations deleted)
(27 observations created)

Panel variable: usuario_id (strongly balanced)
 Time variable: te, 1 to 2
         Delta: 1 unit
(0 observations deleted)
(2,097 observations deleted)
(27 observations created)

Panel variable: usuario_id (strongly balanced)
 Time variable: te, 1 to 2
         Delta: 1 unit
(0 observations deleted)
(2,097 observations deleted)
(27 observations created)

Panel variable: usuario_id (strongly balanced)
 Time variable: te, 1 to 2
         Delta: 1 unit
(0 observations deleted)
(2,097 observations deleted)
(27 observations created)

Panel variable: usuario_id (strongly balanced)
 Time variable: te, 1 to 2
         Delta: 1 unit
(0 observations deleted)
(2,097 observations deleted)
(27 observations created)

Panel variable: usuario_id (strongly balanced)
 Time variable: te, 1 to 2
         Delta: 1 unit
(0 observations deleted)
(2,097 observations deleted)
(27 observations created)

Panel variable: usuario_id (strongly balanced)
 Time variable: te, 1 to 2
         Delta: 1 unit
(0 observations deleted)
(2,097 observations deleted)
(27 observations created)

Panel variable: usuario_id (strongly balanced)
 Time variable: te, 1 to 2
         Delta: 1 unit
(0 observations deleted)
(2,097 observations deleted)
(27 observations created)

Panel variable: usuario_id (strongly balanced)
 Time variable: te, 1 to 2
         Delta: 1 unit
(0 observations deleted)
(2,097 observations deleted)
(27 observations created)

Panel variable: usuario_id (strongly balanced)
 Time variable: te, 1 to 2
         Delta: 1 unit
(0 observations deleted)
(2,097 observations deleted)
(27 observations created)

Panel variable: usuario_id (strongly balanced)
 Time variable: te, 1 to 2
         Delta: 1 unit
(0 observations deleted)
(2,097 observations deleted)
(27 observations created)

Panel variable: usuario_id (strongly balanced)
 Time variable: te, 1 to 2
         Delta: 1 unit
(0 observations deleted)
(2,097 observations deleted)
(27 observations created)

Panel variable: usuario_id (strongly balanced)
 Time variable: te, 1 to 2
         Delta: 1 unit
(0 observations deleted)
(2,097 observations deleted)
(27 observations created)

Panel variable: usuario_id (strongly balanced)
 Time variable: te, 1 to 2
         Delta: 1 unit
(0 observations deleted)
(2,097 observations deleted)
(27 observations created)

Panel variable: usuario_id (strongly balanced)
 Time variable: te, 1 to 2
         Delta: 1 unit
(0 observations deleted)
(2,097 observations deleted)
(27 observations created)

Panel variable: usuario_id (strongly balanced)
 Time variable: te, 1 to 2
         Delta: 1 unit
(0 observations deleted)
(2,097 observations deleted)
(27 observations created)

Panel variable: usuario_id (strongly balanced)
 Time variable: te, 1 to 2
         Delta: 1 unit
(0 observations deleted)
(2,097 observations deleted)
(27 observations created)

Panel variable: usuario_id (strongly balanced)
 Time variable: te, 1 to 2
         Delta: 1 unit
(0 observations deleted)
(2,097 observations deleted)
(27 observations created)

Panel variable: usuario_id (strongly balanced)
 Time variable: te, 1 to 2
         Delta: 1 unit
(0 observations deleted)
(2,097 observations deleted)
(27 observations created)

Panel variable: usuario_id (strongly balanced)
 Time variable: te, 1 to 2
         Delta: 1 unit
(0 observations deleted)
(2,097 observations deleted)
(27 observations created)

Panel variable: usuario_id (strongly balanced)
 Time variable: te, 1 to 2
         Delta: 1 unit
(0 observations deleted)
(2,097 observations deleted)
(27 observations created)

Panel variable: usuario_id (strongly balanced)
 Time variable: te, 1 to 2
         Delta: 1 unit
(0 observations deleted)
(2,097 observations deleted)
(27 observations created)

Panel variable: usuario_id (strongly balanced)
 Time variable: te, 1 to 2
         Delta: 1 unit
(0 observations deleted)
(2,097 observations deleted)
(27 observations created)

Panel variable: usuario_id (strongly balanced)
 Time variable: te, 1 to 2
         Delta: 1 unit
(0 observations deleted)
(2,097 observations deleted)
(27 observations created)

Panel variable: usuario_id (strongly balanced)
 Time variable: te, 1 to 2
         Delta: 1 unit
(0 observations deleted)
(2,097 observations deleted)
(27 observations created)

Panel variable: usuario_id (strongly balanced)
 Time variable: te, 1 to 2
         Delta: 1 unit
(0 observations deleted)
(2,098 observations deleted)
3373 3374 3375 3376 3377 3378 3379 3380 3382 3383 3384 3385 3386 3387 3388 3389
>  3390 3391 3392 3393 3394 3396 3397 3398 3399 3401
(2,098 observations deleted)
(26 observations created)

Panel variable: usuario_id (strongly balanced)
 Time variable: te, 1 to 2
         Delta: 1 unit
(0 observations deleted)
(2,098 observations deleted)
(26 observations created)

Panel variable: usuario_id (strongly balanced)
 Time variable: te, 1 to 2
         Delta: 1 unit
(0 observations deleted)
(2,098 observations deleted)
(26 observations created)

Panel variable: usuario_id (strongly balanced)
 Time variable: te, 1 to 2
         Delta: 1 unit
(0 observations deleted)
(2,098 observations deleted)
(26 observations created)

Panel variable: usuario_id (strongly balanced)
 Time variable: te, 1 to 2
         Delta: 1 unit
(0 observations deleted)
(2,098 observations deleted)
(26 observations created)

Panel variable: usuario_id (strongly balanced)
 Time variable: te, 1 to 2
         Delta: 1 unit
(0 observations deleted)
(2,098 observations deleted)
(26 observations created)

Panel variable: usuario_id (strongly balanced)
 Time variable: te, 1 to 2
         Delta: 1 unit
(0 observations deleted)
(2,098 observations deleted)
(26 observations created)

Panel variable: usuario_id (strongly balanced)
 Time variable: te, 1 to 2
         Delta: 1 unit
(0 observations deleted)
(2,098 observations deleted)
(26 observations created)

Panel variable: usuario_id (strongly balanced)
 Time variable: te, 1 to 2
         Delta: 1 unit
(0 observations deleted)
(2,098 observations deleted)
(26 observations created)

Panel variable: usuario_id (strongly balanced)
 Time variable: te, 1 to 2
         Delta: 1 unit
(0 observations deleted)
(2,098 observations deleted)
(26 observations created)

Panel variable: usuario_id (strongly balanced)
 Time variable: te, 1 to 2
         Delta: 1 unit
(0 observations deleted)
(2,098 observations deleted)
(26 observations created)

Panel variable: usuario_id (strongly balanced)
 Time variable: te, 1 to 2
         Delta: 1 unit
(0 observations deleted)
(2,098 observations deleted)
(26 observations created)

Panel variable: usuario_id (strongly balanced)
 Time variable: te, 1 to 2
         Delta: 1 unit
(0 observations deleted)
(2,098 observations deleted)
(26 observations created)

Panel variable: usuario_id (strongly balanced)
 Time variable: te, 1 to 2
         Delta: 1 unit
(0 observations deleted)
(2,098 observations deleted)
(26 observations created)

Panel variable: usuario_id (strongly balanced)
 Time variable: te, 1 to 2
         Delta: 1 unit
(0 observations deleted)
(2,098 observations deleted)
(26 observations created)

Panel variable: usuario_id (strongly balanced)
 Time variable: te, 1 to 2
         Delta: 1 unit
(0 observations deleted)
(2,098 observations deleted)
(26 observations created)

Panel variable: usuario_id (strongly balanced)
 Time variable: te, 1 to 2
         Delta: 1 unit
(0 observations deleted)
(2,098 observations deleted)
(26 observations created)

Panel variable: usuario_id (strongly balanced)
 Time variable: te, 1 to 2
         Delta: 1 unit
(0 observations deleted)
(2,098 observations deleted)
(26 observations created)

Panel variable: usuario_id (strongly balanced)
 Time variable: te, 1 to 2
         Delta: 1 unit
(0 observations deleted)
(2,098 observations deleted)
(26 observations created)

Panel variable: usuario_id (strongly balanced)
 Time variable: te, 1 to 2
         Delta: 1 unit
(0 observations deleted)
(2,098 observations deleted)
(26 observations created)

Panel variable: usuario_id (strongly balanced)
 Time variable: te, 1 to 2
         Delta: 1 unit
(0 observations deleted)
(2,098 observations deleted)
(26 observations created)

Panel variable: usuario_id (strongly balanced)
 Time variable: te, 1 to 2
         Delta: 1 unit
(0 observations deleted)
(2,098 observations deleted)
(26 observations created)

Panel variable: usuario_id (strongly balanced)
 Time variable: te, 1 to 2
         Delta: 1 unit
(0 observations deleted)
(2,098 observations deleted)
(26 observations created)

Panel variable: usuario_id (strongly balanced)
 Time variable: te, 1 to 2
         Delta: 1 unit
(0 observations deleted)
(2,098 observations deleted)
(26 observations created)

Panel variable: usuario_id (strongly balanced)
 Time variable: te, 1 to 2
         Delta: 1 unit
(0 observations deleted)
(2,098 observations deleted)
(26 observations created)

Panel variable: usuario_id (strongly balanced)
 Time variable: te, 1 to 2
         Delta: 1 unit
(0 observations deleted)
(2,098 observations deleted)
(26 observations created)

Panel variable: usuario_id (strongly balanced)
 Time variable: te, 1 to 2
         Delta: 1 unit
(0 observations deleted)
(2,094 observations deleted)
3402 3403 3404 3405 3406 3407 3408 3409 3410 3411 3412 3413 3414 3415 3416 3417
>  3418 3419 3420 3421 3422 3423 3424 3425 3426 3427 3428 3429 3430 3431
(2,094 observations deleted)
(30 observations created)

Panel variable: usuario_id (strongly balanced)
 Time variable: te, 1 to 2
         Delta: 1 unit
(0 observations deleted)
(2,094 observations deleted)
(30 observations created)

Panel variable: usuario_id (strongly balanced)
 Time variable: te, 1 to 2
         Delta: 1 unit
(0 observations deleted)
(2,094 observations deleted)
(30 observations created)

Panel variable: usuario_id (strongly balanced)
 Time variable: te, 1 to 2
         Delta: 1 unit
(0 observations deleted)
(2,094 observations deleted)
(30 observations created)

Panel variable: usuario_id (strongly balanced)
 Time variable: te, 1 to 2
         Delta: 1 unit
(0 observations deleted)
(2,094 observations deleted)
(30 observations created)

Panel variable: usuario_id (strongly balanced)
 Time variable: te, 1 to 2
         Delta: 1 unit
(0 observations deleted)
(2,094 observations deleted)
(30 observations created)

Panel variable: usuario_id (strongly balanced)
 Time variable: te, 1 to 2
         Delta: 1 unit
(0 observations deleted)
(2,094 observations deleted)
(30 observations created)

Panel variable: usuario_id (strongly balanced)
 Time variable: te, 1 to 2
         Delta: 1 unit
(0 observations deleted)
(2,094 observations deleted)
(30 observations created)

Panel variable: usuario_id (strongly balanced)
 Time variable: te, 1 to 2
         Delta: 1 unit
(0 observations deleted)
(2,094 observations deleted)
(30 observations created)

Panel variable: usuario_id (strongly balanced)
 Time variable: te, 1 to 2
         Delta: 1 unit
(0 observations deleted)
(2,094 observations deleted)
(30 observations created)

Panel variable: usuario_id (strongly balanced)
 Time variable: te, 1 to 2
         Delta: 1 unit
(0 observations deleted)
(2,094 observations deleted)
(30 observations created)

Panel variable: usuario_id (strongly balanced)
 Time variable: te, 1 to 2
         Delta: 1 unit
(0 observations deleted)
(2,094 observations deleted)
(30 observations created)

Panel variable: usuario_id (strongly balanced)
 Time variable: te, 1 to 2
         Delta: 1 unit
(0 observations deleted)
(2,094 observations deleted)
(30 observations created)

Panel variable: usuario_id (strongly balanced)
 Time variable: te, 1 to 2
         Delta: 1 unit
(0 observations deleted)
(2,094 observations deleted)
(30 observations created)

Panel variable: usuario_id (strongly balanced)
 Time variable: te, 1 to 2
         Delta: 1 unit
(0 observations deleted)
(2,094 observations deleted)
(30 observations created)

Panel variable: usuario_id (strongly balanced)
 Time variable: te, 1 to 2
         Delta: 1 unit
(0 observations deleted)
(2,094 observations deleted)
(30 observations created)

Panel variable: usuario_id (strongly balanced)
 Time variable: te, 1 to 2
         Delta: 1 unit
(0 observations deleted)
(2,094 observations deleted)
(30 observations created)

Panel variable: usuario_id (strongly balanced)
 Time variable: te, 1 to 2
         Delta: 1 unit
(0 observations deleted)
(2,094 observations deleted)
(30 observations created)

Panel variable: usuario_id (strongly balanced)
 Time variable: te, 1 to 2
         Delta: 1 unit
(0 observations deleted)
(2,094 observations deleted)
(30 observations created)

Panel variable: usuario_id (strongly balanced)
 Time variable: te, 1 to 2
         Delta: 1 unit
(0 observations deleted)
(2,094 observations deleted)
(30 observations created)

Panel variable: usuario_id (strongly balanced)
 Time variable: te, 1 to 2
         Delta: 1 unit
(0 observations deleted)
(2,094 observations deleted)
(30 observations created)

Panel variable: usuario_id (strongly balanced)
 Time variable: te, 1 to 2
         Delta: 1 unit
(0 observations deleted)
(2,094 observations deleted)
(30 observations created)

Panel variable: usuario_id (strongly balanced)
 Time variable: te, 1 to 2
         Delta: 1 unit
(0 observations deleted)
(2,094 observations deleted)
(30 observations created)

Panel variable: usuario_id (strongly balanced)
 Time variable: te, 1 to 2
         Delta: 1 unit
(0 observations deleted)
(2,094 observations deleted)
(30 observations created)

Panel variable: usuario_id (strongly balanced)
 Time variable: te, 1 to 2
         Delta: 1 unit
(0 observations deleted)
(2,094 observations deleted)
(30 observations created)

Panel variable: usuario_id (strongly balanced)
 Time variable: te, 1 to 2
         Delta: 1 unit
(0 observations deleted)
(2,094 observations deleted)
(30 observations created)

Panel variable: usuario_id (strongly balanced)
 Time variable: te, 1 to 2
         Delta: 1 unit
(0 observations deleted)
(2,094 observations deleted)
(30 observations created)

Panel variable: usuario_id (strongly balanced)
 Time variable: te, 1 to 2
         Delta: 1 unit
(0 observations deleted)
(2,094 observations deleted)
(30 observations created)

Panel variable: usuario_id (strongly balanced)
 Time variable: te, 1 to 2
         Delta: 1 unit
(0 observations deleted)
(2,094 observations deleted)
(30 observations created)

Panel variable: usuario_id (strongly balanced)
 Time variable: te, 1 to 2
         Delta: 1 unit
(0 observations deleted)
(2,094 observations deleted)
(30 observations created)

Panel variable: usuario_id (strongly balanced)
 Time variable: te, 1 to 2
         Delta: 1 unit
(0 observations deleted)
(2,096 observations deleted)
3432 3433 3435 3436 3437 3438 3439 3440 3441 3442 3443 3444 3445 3446 3447 3448
>  3449 3450 3451 3452 3453 3454 3455 3456 3457 3459 3460 3461
(2,096 observations deleted)
(28 observations created)

Panel variable: usuario_id (strongly balanced)
 Time variable: te, 1 to 2
         Delta: 1 unit
(0 observations deleted)
(2,096 observations deleted)
(28 observations created)

Panel variable: usuario_id (strongly balanced)
 Time variable: te, 1 to 2
         Delta: 1 unit
(0 observations deleted)
(2,096 observations deleted)
(28 observations created)

Panel variable: usuario_id (strongly balanced)
 Time variable: te, 1 to 2
         Delta: 1 unit
(0 observations deleted)
(2,096 observations deleted)
(28 observations created)

Panel variable: usuario_id (strongly balanced)
 Time variable: te, 1 to 2
         Delta: 1 unit
(0 observations deleted)
(2,096 observations deleted)
(28 observations created)

Panel variable: usuario_id (strongly balanced)
 Time variable: te, 1 to 2
         Delta: 1 unit
(0 observations deleted)
(2,096 observations deleted)
(28 observations created)

Panel variable: usuario_id (strongly balanced)
 Time variable: te, 1 to 2
         Delta: 1 unit
(0 observations deleted)
(2,096 observations deleted)
(28 observations created)

Panel variable: usuario_id (strongly balanced)
 Time variable: te, 1 to 2
         Delta: 1 unit
(0 observations deleted)
(2,096 observations deleted)
(28 observations created)

Panel variable: usuario_id (strongly balanced)
 Time variable: te, 1 to 2
         Delta: 1 unit
(0 observations deleted)
(2,096 observations deleted)
(28 observations created)

Panel variable: usuario_id (strongly balanced)
 Time variable: te, 1 to 2
         Delta: 1 unit
(0 observations deleted)
(2,096 observations deleted)
(28 observations created)

Panel variable: usuario_id (strongly balanced)
 Time variable: te, 1 to 2
         Delta: 1 unit
(0 observations deleted)
(2,096 observations deleted)
(28 observations created)

Panel variable: usuario_id (strongly balanced)
 Time variable: te, 1 to 2
         Delta: 1 unit
(0 observations deleted)
(2,096 observations deleted)
(28 observations created)

Panel variable: usuario_id (strongly balanced)
 Time variable: te, 1 to 2
         Delta: 1 unit
(0 observations deleted)
(2,096 observations deleted)
(28 observations created)

Panel variable: usuario_id (strongly balanced)
 Time variable: te, 1 to 2
         Delta: 1 unit
(0 observations deleted)
(2,096 observations deleted)
(28 observations created)

Panel variable: usuario_id (strongly balanced)
 Time variable: te, 1 to 2
         Delta: 1 unit
(0 observations deleted)
(2,096 observations deleted)
(28 observations created)

Panel variable: usuario_id (strongly balanced)
 Time variable: te, 1 to 2
         Delta: 1 unit
(0 observations deleted)
(2,096 observations deleted)
(28 observations created)

Panel variable: usuario_id (strongly balanced)
 Time variable: te, 1 to 2
         Delta: 1 unit
(0 observations deleted)
(2,096 observations deleted)
(28 observations created)

Panel variable: usuario_id (strongly balanced)
 Time variable: te, 1 to 2
         Delta: 1 unit
(0 observations deleted)
(2,096 observations deleted)
(28 observations created)

Panel variable: usuario_id (strongly balanced)
 Time variable: te, 1 to 2
         Delta: 1 unit
(0 observations deleted)
(2,096 observations deleted)
(28 observations created)

Panel variable: usuario_id (strongly balanced)
 Time variable: te, 1 to 2
         Delta: 1 unit
(0 observations deleted)
(2,096 observations deleted)
(28 observations created)

Panel variable: usuario_id (strongly balanced)
 Time variable: te, 1 to 2
         Delta: 1 unit
(0 observations deleted)
(2,096 observations deleted)
(28 observations created)

Panel variable: usuario_id (strongly balanced)
 Time variable: te, 1 to 2
         Delta: 1 unit
(0 observations deleted)
(2,096 observations deleted)
(28 observations created)

Panel variable: usuario_id (strongly balanced)
 Time variable: te, 1 to 2
         Delta: 1 unit
(0 observations deleted)
(2,096 observations deleted)
(28 observations created)

Panel variable: usuario_id (strongly balanced)
 Time variable: te, 1 to 2
         Delta: 1 unit
(0 observations deleted)
(2,096 observations deleted)
(28 observations created)

Panel variable: usuario_id (strongly balanced)
 Time variable: te, 1 to 2
         Delta: 1 unit
(0 observations deleted)
(2,096 observations deleted)
(28 observations created)

Panel variable: usuario_id (strongly balanced)
 Time variable: te, 1 to 2
         Delta: 1 unit
(0 observations deleted)
(2,096 observations deleted)
(28 observations created)

Panel variable: usuario_id (strongly balanced)
 Time variable: te, 1 to 2
         Delta: 1 unit
(0 observations deleted)
(2,096 observations deleted)
(28 observations created)

Panel variable: usuario_id (strongly balanced)
 Time variable: te, 1 to 2
         Delta: 1 unit
(0 observations deleted)
(2,096 observations deleted)
(28 observations created)

Panel variable: usuario_id (strongly balanced)
 Time variable: te, 1 to 2
         Delta: 1 unit
(0 observations deleted)
(2,100 observations deleted)
3462 3466 3467 3468 3469 3470 3471 3472 3473 3474 3475 3478 3479 3480 3481 3482
>  3483 3484 3485 3486 3487 3488 3489 3490
(2,100 observations deleted)
(24 observations created)

Panel variable: usuario_id (strongly balanced)
 Time variable: te, 1 to 2
         Delta: 1 unit
(0 observations deleted)
(2,100 observations deleted)
(24 observations created)

Panel variable: usuario_id (strongly balanced)
 Time variable: te, 1 to 2
         Delta: 1 unit
(0 observations deleted)
(2,100 observations deleted)
(24 observations created)

Panel variable: usuario_id (strongly balanced)
 Time variable: te, 1 to 2
         Delta: 1 unit
(0 observations deleted)
(2,100 observations deleted)
(24 observations created)

Panel variable: usuario_id (strongly balanced)
 Time variable: te, 1 to 2
         Delta: 1 unit
(0 observations deleted)
(2,100 observations deleted)
(24 observations created)

Panel variable: usuario_id (strongly balanced)
 Time variable: te, 1 to 2
         Delta: 1 unit
(0 observations deleted)
(2,100 observations deleted)
(24 observations created)

Panel variable: usuario_id (strongly balanced)
 Time variable: te, 1 to 2
         Delta: 1 unit
(0 observations deleted)
(2,100 observations deleted)
(24 observations created)

Panel variable: usuario_id (strongly balanced)
 Time variable: te, 1 to 2
         Delta: 1 unit
(0 observations deleted)
(2,100 observations deleted)
(24 observations created)

Panel variable: usuario_id (strongly balanced)
 Time variable: te, 1 to 2
         Delta: 1 unit
(0 observations deleted)
(2,100 observations deleted)
(24 observations created)

Panel variable: usuario_id (strongly balanced)
 Time variable: te, 1 to 2
         Delta: 1 unit
(0 observations deleted)
(2,100 observations deleted)
(24 observations created)

Panel variable: usuario_id (strongly balanced)
 Time variable: te, 1 to 2
         Delta: 1 unit
(0 observations deleted)
(2,100 observations deleted)
(24 observations created)

Panel variable: usuario_id (strongly balanced)
 Time variable: te, 1 to 2
         Delta: 1 unit
(0 observations deleted)
(2,100 observations deleted)
(24 observations created)

Panel variable: usuario_id (strongly balanced)
 Time variable: te, 1 to 2
         Delta: 1 unit
(0 observations deleted)
(2,100 observations deleted)
(24 observations created)

Panel variable: usuario_id (strongly balanced)
 Time variable: te, 1 to 2
         Delta: 1 unit
(0 observations deleted)
(2,100 observations deleted)
(24 observations created)

Panel variable: usuario_id (strongly balanced)
 Time variable: te, 1 to 2
         Delta: 1 unit
(0 observations deleted)
(2,100 observations deleted)
(24 observations created)

Panel variable: usuario_id (strongly balanced)
 Time variable: te, 1 to 2
         Delta: 1 unit
(0 observations deleted)
(2,100 observations deleted)
(24 observations created)

Panel variable: usuario_id (strongly balanced)
 Time variable: te, 1 to 2
         Delta: 1 unit
(0 observations deleted)
(2,100 observations deleted)
(24 observations created)

Panel variable: usuario_id (strongly balanced)
 Time variable: te, 1 to 2
         Delta: 1 unit
(0 observations deleted)
(2,100 observations deleted)
(24 observations created)

Panel variable: usuario_id (strongly balanced)
 Time variable: te, 1 to 2
         Delta: 1 unit
(0 observations deleted)
(2,100 observations deleted)
(24 observations created)

Panel variable: usuario_id (strongly balanced)
 Time variable: te, 1 to 2
         Delta: 1 unit
(0 observations deleted)
(2,100 observations deleted)
(24 observations created)

Panel variable: usuario_id (strongly balanced)
 Time variable: te, 1 to 2
         Delta: 1 unit
(0 observations deleted)
(2,100 observations deleted)
(24 observations created)

Panel variable: usuario_id (strongly balanced)
 Time variable: te, 1 to 2
         Delta: 1 unit
(0 observations deleted)
(2,100 observations deleted)
(24 observations created)

Panel variable: usuario_id (strongly balanced)
 Time variable: te, 1 to 2
         Delta: 1 unit
(0 observations deleted)
(2,100 observations deleted)
(24 observations created)

Panel variable: usuario_id (strongly balanced)
 Time variable: te, 1 to 2
         Delta: 1 unit
(0 observations deleted)
(2,100 observations deleted)
(24 observations created)

Panel variable: usuario_id (strongly balanced)
 Time variable: te, 1 to 2
         Delta: 1 unit
(0 observations deleted)
(2,123 observations deleted)
(2,123 observations deleted)
(2,105 observations deleted)
5995 5996 5998 6000 6001 6002 6003 6004 6005 6007 6008 6009 6010 6011 6012 6018
>  6019 6020 6021
(2,105 observations deleted)
(19 observations created)

Panel variable: usuario_id (strongly balanced)
 Time variable: te, 1 to 2
         Delta: 1 unit
(0 observations deleted)
(2,105 observations deleted)
(19 observations created)

Panel variable: usuario_id (strongly balanced)
 Time variable: te, 1 to 2
         Delta: 1 unit
(0 observations deleted)
(2,105 observations deleted)
(19 observations created)

Panel variable: usuario_id (strongly balanced)
 Time variable: te, 1 to 2
         Delta: 1 unit
(0 observations deleted)
(2,105 observations deleted)
(19 observations created)

Panel variable: usuario_id (strongly balanced)
 Time variable: te, 1 to 2
         Delta: 1 unit
(0 observations deleted)
(2,105 observations deleted)
(19 observations created)

Panel variable: usuario_id (strongly balanced)
 Time variable: te, 1 to 2
         Delta: 1 unit
(0 observations deleted)
(2,105 observations deleted)
(19 observations created)

Panel variable: usuario_id (strongly balanced)
 Time variable: te, 1 to 2
         Delta: 1 unit
(0 observations deleted)
(2,105 observations deleted)
(19 observations created)

Panel variable: usuario_id (strongly balanced)
 Time variable: te, 1 to 2
         Delta: 1 unit
(0 observations deleted)
(2,105 observations deleted)
(19 observations created)

Panel variable: usuario_id (strongly balanced)
 Time variable: te, 1 to 2
         Delta: 1 unit
(0 observations deleted)
(2,105 observations deleted)
(19 observations created)

Panel variable: usuario_id (strongly balanced)
 Time variable: te, 1 to 2
         Delta: 1 unit
(0 observations deleted)
(2,105 observations deleted)
(19 observations created)

Panel variable: usuario_id (strongly balanced)
 Time variable: te, 1 to 2
         Delta: 1 unit
(0 observations deleted)
(2,105 observations deleted)
(19 observations created)

Panel variable: usuario_id (strongly balanced)
 Time variable: te, 1 to 2
         Delta: 1 unit
(0 observations deleted)
(2,105 observations deleted)
(19 observations created)

Panel variable: usuario_id (strongly balanced)
 Time variable: te, 1 to 2
         Delta: 1 unit
(0 observations deleted)
(2,105 observations deleted)
(19 observations created)

Panel variable: usuario_id (strongly balanced)
 Time variable: te, 1 to 2
         Delta: 1 unit
(0 observations deleted)
(2,105 observations deleted)
(19 observations created)

Panel variable: usuario_id (strongly balanced)
 Time variable: te, 1 to 2
         Delta: 1 unit
(0 observations deleted)
(2,105 observations deleted)
(19 observations created)

Panel variable: usuario_id (strongly balanced)
 Time variable: te, 1 to 2
         Delta: 1 unit
(0 observations deleted)
(2,105 observations deleted)
(19 observations created)

Panel variable: usuario_id (strongly balanced)
 Time variable: te, 1 to 2
         Delta: 1 unit
(0 observations deleted)
(2,105 observations deleted)
(19 observations created)

Panel variable: usuario_id (strongly balanced)
 Time variable: te, 1 to 2
         Delta: 1 unit
(0 observations deleted)
(2,105 observations deleted)
(19 observations created)

Panel variable: usuario_id (strongly balanced)
 Time variable: te, 1 to 2
         Delta: 1 unit
(0 observations deleted)
(2,105 observations deleted)
(19 observations created)

Panel variable: usuario_id (strongly balanced)
 Time variable: te, 1 to 2
         Delta: 1 unit
(0 observations deleted)
(2,104 observations deleted)
6022 6024 6027 6028 6029 6032 6033 6035 6036 6038 6039 6041 6043 6044 6045 6046
>  6047 6048 6049 6051
(2,104 observations deleted)
(20 observations created)

Panel variable: usuario_id (strongly balanced)
 Time variable: te, 1 to 2
         Delta: 1 unit
(0 observations deleted)
(2,104 observations deleted)
(20 observations created)

Panel variable: usuario_id (strongly balanced)
 Time variable: te, 1 to 2
         Delta: 1 unit
(0 observations deleted)
(2,104 observations deleted)
(20 observations created)

Panel variable: usuario_id (strongly balanced)
 Time variable: te, 1 to 2
         Delta: 1 unit
(0 observations deleted)
(2,104 observations deleted)
(20 observations created)

Panel variable: usuario_id (strongly balanced)
 Time variable: te, 1 to 2
         Delta: 1 unit
(0 observations deleted)
(2,104 observations deleted)
(20 observations created)

Panel variable: usuario_id (strongly balanced)
 Time variable: te, 1 to 2
         Delta: 1 unit
(0 observations deleted)
(2,104 observations deleted)
(20 observations created)

Panel variable: usuario_id (strongly balanced)
 Time variable: te, 1 to 2
         Delta: 1 unit
(0 observations deleted)
(2,104 observations deleted)
(20 observations created)

Panel variable: usuario_id (strongly balanced)
 Time variable: te, 1 to 2
         Delta: 1 unit
(0 observations deleted)
(2,104 observations deleted)
(20 observations created)

Panel variable: usuario_id (strongly balanced)
 Time variable: te, 1 to 2
         Delta: 1 unit
(0 observations deleted)
(2,104 observations deleted)
(20 observations created)

Panel variable: usuario_id (strongly balanced)
 Time variable: te, 1 to 2
         Delta: 1 unit
(0 observations deleted)
(2,104 observations deleted)
(20 observations created)

Panel variable: usuario_id (strongly balanced)
 Time variable: te, 1 to 2
         Delta: 1 unit
(0 observations deleted)
(2,104 observations deleted)
(20 observations created)

Panel variable: usuario_id (strongly balanced)
 Time variable: te, 1 to 2
         Delta: 1 unit
(0 observations deleted)
(2,104 observations deleted)
(20 observations created)

Panel variable: usuario_id (strongly balanced)
 Time variable: te, 1 to 2
         Delta: 1 unit
(0 observations deleted)
(2,104 observations deleted)
(20 observations created)

Panel variable: usuario_id (strongly balanced)
 Time variable: te, 1 to 2
         Delta: 1 unit
(0 observations deleted)
(2,104 observations deleted)
(20 observations created)

Panel variable: usuario_id (strongly balanced)
 Time variable: te, 1 to 2
         Delta: 1 unit
(0 observations deleted)
(2,104 observations deleted)
(20 observations created)

Panel variable: usuario_id (strongly balanced)
 Time variable: te, 1 to 2
         Delta: 1 unit
(0 observations deleted)
(2,104 observations deleted)
(20 observations created)

Panel variable: usuario_id (strongly balanced)
 Time variable: te, 1 to 2
         Delta: 1 unit
(0 observations deleted)
(2,104 observations deleted)
(20 observations created)

Panel variable: usuario_id (strongly balanced)
 Time variable: te, 1 to 2
         Delta: 1 unit
(0 observations deleted)
(2,104 observations deleted)
(20 observations created)

Panel variable: usuario_id (strongly balanced)
 Time variable: te, 1 to 2
         Delta: 1 unit
(0 observations deleted)
(2,104 observations deleted)
(20 observations created)

Panel variable: usuario_id (strongly balanced)
 Time variable: te, 1 to 2
         Delta: 1 unit
(0 observations deleted)
(2,104 observations deleted)
(20 observations created)

Panel variable: usuario_id (strongly balanced)
 Time variable: te, 1 to 2
         Delta: 1 unit
(0 observations deleted)
(2,103 observations deleted)
6054 6055 6056 6058 6059 6060 6062 6063 6065 6066 6067 6068 6069 6070 6071 6072
>  6076 6077 6079 6080 6081
(2,103 observations deleted)
(21 observations created)

Panel variable: usuario_id (strongly balanced)
 Time variable: te, 1 to 2
         Delta: 1 unit
(20 observations deleted)
(2,103 observations deleted)
(21 observations created)

Panel variable: usuario_id (strongly balanced)
 Time variable: te, 1 to 2
         Delta: 1 unit
(20 observations deleted)
(2,103 observations deleted)
(21 observations created)

Panel variable: usuario_id (strongly balanced)
 Time variable: te, 1 to 2
         Delta: 1 unit
(20 observations deleted)
(2,103 observations deleted)
(21 observations created)

Panel variable: usuario_id (strongly balanced)
 Time variable: te, 1 to 2
         Delta: 1 unit
(20 observations deleted)
(2,103 observations deleted)
(21 observations created)

Panel variable: usuario_id (strongly balanced)
 Time variable: te, 1 to 2
         Delta: 1 unit
(20 observations deleted)
(2,103 observations deleted)
(21 observations created)

Panel variable: usuario_id (strongly balanced)
 Time variable: te, 1 to 2
         Delta: 1 unit
(20 observations deleted)
(2,103 observations deleted)
(21 observations created)

Panel variable: usuario_id (strongly balanced)
 Time variable: te, 1 to 2
         Delta: 1 unit
(20 observations deleted)
(2,103 observations deleted)
(21 observations created)

Panel variable: usuario_id (strongly balanced)
 Time variable: te, 1 to 2
         Delta: 1 unit
(20 observations deleted)
(2,103 observations deleted)
(21 observations created)

Panel variable: usuario_id (strongly balanced)
 Time variable: te, 1 to 2
         Delta: 1 unit
(20 observations deleted)
(2,103 observations deleted)
(21 observations created)

Panel variable: usuario_id (strongly balanced)
 Time variable: te, 1 to 2
         Delta: 1 unit
(20 observations deleted)
(2,103 observations deleted)
(21 observations created)

Panel variable: usuario_id (strongly balanced)
 Time variable: te, 1 to 2
         Delta: 1 unit
(20 observations deleted)
(2,103 observations deleted)
(21 observations created)

Panel variable: usuario_id (strongly balanced)
 Time variable: te, 1 to 2
         Delta: 1 unit
(20 observations deleted)
(2,103 observations deleted)
(21 observations created)

Panel variable: usuario_id (strongly balanced)
 Time variable: te, 1 to 2
         Delta: 1 unit
(20 observations deleted)
(2,103 observations deleted)
(21 observations created)

Panel variable: usuario_id (strongly balanced)
 Time variable: te, 1 to 2
         Delta: 1 unit
(20 observations deleted)
(2,103 observations deleted)
(21 observations created)

Panel variable: usuario_id (strongly balanced)
 Time variable: te, 1 to 2
         Delta: 1 unit
(20 observations deleted)
(2,103 observations deleted)
(21 observations created)

Panel variable: usuario_id (strongly balanced)
 Time variable: te, 1 to 2
         Delta: 1 unit
(20 observations deleted)
(2,103 observations deleted)
(21 observations created)

Panel variable: usuario_id (strongly balanced)
 Time variable: te, 1 to 2
         Delta: 1 unit
(20 observations deleted)
(2,103 observations deleted)
(21 observations created)

Panel variable: usuario_id (strongly balanced)
 Time variable: te, 1 to 2
         Delta: 1 unit
(20 observations deleted)
(2,103 observations deleted)
(21 observations created)

Panel variable: usuario_id (strongly balanced)
 Time variable: te, 1 to 2
         Delta: 1 unit
(20 observations deleted)
(2,103 observations deleted)
(21 observations created)

Panel variable: usuario_id (strongly balanced)
 Time variable: te, 1 to 2
         Delta: 1 unit
(20 observations deleted)
(2,103 observations deleted)
(21 observations created)

Panel variable: usuario_id (strongly balanced)
 Time variable: te, 1 to 2
         Delta: 1 unit
(20 observations deleted)
(2,116 observations deleted)
6084 6089 6092 6093 6096 6099 6100 6103
(2,116 observations deleted)
(8 observations created)

Panel variable: usuario_id (strongly balanced)
 Time variable: te, 1 to 2
         Delta: 1 unit
(0 observations deleted)
(2,116 observations deleted)
(8 observations created)

Panel variable: usuario_id (strongly balanced)
 Time variable: te, 1 to 2
         Delta: 1 unit
(0 observations deleted)
(2,116 observations deleted)
(8 observations created)

Panel variable: usuario_id (strongly balanced)
 Time variable: te, 1 to 2
         Delta: 1 unit
(0 observations deleted)
(2,116 observations deleted)
(8 observations created)

Panel variable: usuario_id (strongly balanced)
 Time variable: te, 1 to 2
         Delta: 1 unit
(0 observations deleted)
(2,116 observations deleted)
(8 observations created)

Panel variable: usuario_id (strongly balanced)
 Time variable: te, 1 to 2
         Delta: 1 unit
(0 observations deleted)
(2,116 observations deleted)
(8 observations created)

Panel variable: usuario_id (strongly balanced)
 Time variable: te, 1 to 2
         Delta: 1 unit
(0 observations deleted)
(2,116 observations deleted)
(8 observations created)

Panel variable: usuario_id (strongly balanced)
 Time variable: te, 1 to 2
         Delta: 1 unit
(0 observations deleted)
(2,116 observations deleted)
(8 observations created)

Panel variable: usuario_id (strongly balanced)
 Time variable: te, 1 to 2
         Delta: 1 unit
(0 observations deleted)
(2,100 observations deleted)
6111 6113 6114 6115 6116 6117 6118 6119 6121 6122 6123 6124 6125 6126 6127 6128
>  6129 6130 6131 6132 6134 6135 6136 6139
(2,100 observations deleted)
(24 observations created)

Panel variable: usuario_id (strongly balanced)
 Time variable: te, 1 to 2
         Delta: 1 unit
(0 observations deleted)
(2,100 observations deleted)
(24 observations created)

Panel variable: usuario_id (strongly balanced)
 Time variable: te, 1 to 2
         Delta: 1 unit
(0 observations deleted)
(2,100 observations deleted)
(24 observations created)

Panel variable: usuario_id (strongly balanced)
 Time variable: te, 1 to 2
         Delta: 1 unit
(0 observations deleted)
(2,100 observations deleted)
(24 observations created)

Panel variable: usuario_id (strongly balanced)
 Time variable: te, 1 to 2
         Delta: 1 unit
(0 observations deleted)
(2,100 observations deleted)
(24 observations created)

Panel variable: usuario_id (strongly balanced)
 Time variable: te, 1 to 2
         Delta: 1 unit
(0 observations deleted)
(2,100 observations deleted)
(24 observations created)

Panel variable: usuario_id (strongly balanced)
 Time variable: te, 1 to 2
         Delta: 1 unit
(0 observations deleted)
(2,100 observations deleted)
(24 observations created)

Panel variable: usuario_id (strongly balanced)
 Time variable: te, 1 to 2
         Delta: 1 unit
(0 observations deleted)
(2,100 observations deleted)
(24 observations created)

Panel variable: usuario_id (strongly balanced)
 Time variable: te, 1 to 2
         Delta: 1 unit
(0 observations deleted)
(2,100 observations deleted)
(24 observations created)

Panel variable: usuario_id (strongly balanced)
 Time variable: te, 1 to 2
         Delta: 1 unit
(0 observations deleted)
(2,100 observations deleted)
(24 observations created)

Panel variable: usuario_id (strongly balanced)
 Time variable: te, 1 to 2
         Delta: 1 unit
(0 observations deleted)
(2,100 observations deleted)
(24 observations created)

Panel variable: usuario_id (strongly balanced)
 Time variable: te, 1 to 2
         Delta: 1 unit
(0 observations deleted)
(2,100 observations deleted)
(24 observations created)

Panel variable: usuario_id (strongly balanced)
 Time variable: te, 1 to 2
         Delta: 1 unit
(0 observations deleted)
(2,100 observations deleted)
(24 observations created)

Panel variable: usuario_id (strongly balanced)
 Time variable: te, 1 to 2
         Delta: 1 unit
(0 observations deleted)
(2,100 observations deleted)
(24 observations created)

Panel variable: usuario_id (strongly balanced)
 Time variable: te, 1 to 2
         Delta: 1 unit
(0 observations deleted)
(2,100 observations deleted)
(24 observations created)

Panel variable: usuario_id (strongly balanced)
 Time variable: te, 1 to 2
         Delta: 1 unit
(0 observations deleted)
(2,100 observations deleted)
(24 observations created)

Panel variable: usuario_id (strongly balanced)
 Time variable: te, 1 to 2
         Delta: 1 unit
(0 observations deleted)
(2,100 observations deleted)
(24 observations created)

Panel variable: usuario_id (strongly balanced)
 Time variable: te, 1 to 2
         Delta: 1 unit
(0 observations deleted)
(2,100 observations deleted)
(24 observations created)

Panel variable: usuario_id (strongly balanced)
 Time variable: te, 1 to 2
         Delta: 1 unit
(0 observations deleted)
(2,100 observations deleted)
(24 observations created)

Panel variable: usuario_id (strongly balanced)
 Time variable: te, 1 to 2
         Delta: 1 unit
(0 observations deleted)
(2,100 observations deleted)
(24 observations created)

Panel variable: usuario_id (strongly balanced)
 Time variable: te, 1 to 2
         Delta: 1 unit
(0 observations deleted)
(2,100 observations deleted)
(24 observations created)

Panel variable: usuario_id (strongly balanced)
 Time variable: te, 1 to 2
         Delta: 1 unit
(0 observations deleted)
(2,100 observations deleted)
(24 observations created)

Panel variable: usuario_id (strongly balanced)
 Time variable: te, 1 to 2
         Delta: 1 unit
(0 observations deleted)
(2,100 observations deleted)
(24 observations created)

Panel variable: usuario_id (strongly balanced)
 Time variable: te, 1 to 2
         Delta: 1 unit
(0 observations deleted)
(2,100 observations deleted)
(24 observations created)

Panel variable: usuario_id (strongly balanced)
 Time variable: te, 1 to 2
         Delta: 1 unit
(0 observations deleted)
(2,102 observations deleted)
6140 6142 6143 6146 6147 6148 6149 6150 6151 6152 6153 6154 6155 6157 6159 6160
>  6163 6164 6165 6167 6171 6172
(2,102 observations deleted)
(22 observations created)

Panel variable: usuario_id (strongly balanced)
 Time variable: te, 1 to 2
         Delta: 1 unit
(0 observations deleted)
(2,102 observations deleted)
(22 observations created)

Panel variable: usuario_id (strongly balanced)
 Time variable: te, 1 to 2
         Delta: 1 unit
(0 observations deleted)
(2,102 observations deleted)
(22 observations created)

Panel variable: usuario_id (strongly balanced)
 Time variable: te, 1 to 2
         Delta: 1 unit
(0 observations deleted)
(2,102 observations deleted)
(22 observations created)

Panel variable: usuario_id (strongly balanced)
 Time variable: te, 1 to 2
         Delta: 1 unit
(0 observations deleted)
(2,102 observations deleted)
(22 observations created)

Panel variable: usuario_id (strongly balanced)
 Time variable: te, 1 to 2
         Delta: 1 unit
(0 observations deleted)
(2,102 observations deleted)
(22 observations created)

Panel variable: usuario_id (strongly balanced)
 Time variable: te, 1 to 2
         Delta: 1 unit
(0 observations deleted)
(2,102 observations deleted)
(22 observations created)

Panel variable: usuario_id (strongly balanced)
 Time variable: te, 1 to 2
         Delta: 1 unit
(0 observations deleted)
(2,102 observations deleted)
(22 observations created)

Panel variable: usuario_id (strongly balanced)
 Time variable: te, 1 to 2
         Delta: 1 unit
(0 observations deleted)
(2,102 observations deleted)
(22 observations created)

Panel variable: usuario_id (strongly balanced)
 Time variable: te, 1 to 2
         Delta: 1 unit
(0 observations deleted)
(2,102 observations deleted)
(22 observations created)

Panel variable: usuario_id (strongly balanced)
 Time variable: te, 1 to 2
         Delta: 1 unit
(0 observations deleted)
(2,102 observations deleted)
(22 observations created)

Panel variable: usuario_id (strongly balanced)
 Time variable: te, 1 to 2
         Delta: 1 unit
(0 observations deleted)
(2,102 observations deleted)
(22 observations created)

Panel variable: usuario_id (strongly balanced)
 Time variable: te, 1 to 2
         Delta: 1 unit
(0 observations deleted)
(2,102 observations deleted)
(22 observations created)

Panel variable: usuario_id (strongly balanced)
 Time variable: te, 1 to 2
         Delta: 1 unit
(0 observations deleted)
(2,102 observations deleted)
(22 observations created)

Panel variable: usuario_id (strongly balanced)
 Time variable: te, 1 to 2
         Delta: 1 unit
(0 observations deleted)
(2,102 observations deleted)
(22 observations created)

Panel variable: usuario_id (strongly balanced)
 Time variable: te, 1 to 2
         Delta: 1 unit
(0 observations deleted)
(2,102 observations deleted)
(22 observations created)

Panel variable: usuario_id (strongly balanced)
 Time variable: te, 1 to 2
         Delta: 1 unit
(0 observations deleted)
(2,102 observations deleted)
(22 observations created)

Panel variable: usuario_id (strongly balanced)
 Time variable: te, 1 to 2
         Delta: 1 unit
(0 observations deleted)
(2,102 observations deleted)
(22 observations created)

Panel variable: usuario_id (strongly balanced)
 Time variable: te, 1 to 2
         Delta: 1 unit
(0 observations deleted)
(2,102 observations deleted)
(22 observations created)

Panel variable: usuario_id (strongly balanced)
 Time variable: te, 1 to 2
         Delta: 1 unit
(0 observations deleted)
(2,102 observations deleted)
(22 observations created)

Panel variable: usuario_id (strongly balanced)
 Time variable: te, 1 to 2
         Delta: 1 unit
(0 observations deleted)
(2,102 observations deleted)
(22 observations created)

Panel variable: usuario_id (strongly balanced)
 Time variable: te, 1 to 2
         Delta: 1 unit
(0 observations deleted)
(2,102 observations deleted)
(22 observations created)

Panel variable: usuario_id (strongly balanced)
 Time variable: te, 1 to 2
         Delta: 1 unit
(0 observations deleted)
(2,095 observations deleted)
6173 6174 6175 6176 6178 6180 6181 6182 6183 6184 6185 6186 6187 6188 6189 6190
>  6191 6192 6193 6195 6196 6197 6199 6200 6201 6202 6203 6204 6205
(2,095 observations deleted)
(29 observations created)

Panel variable: usuario_id (strongly balanced)
 Time variable: te, 1 to 2
         Delta: 1 unit
(28 observations deleted)
(2,095 observations deleted)
(29 observations created)

Panel variable: usuario_id (strongly balanced)
 Time variable: te, 1 to 2
         Delta: 1 unit
(28 observations deleted)
(2,095 observations deleted)
(29 observations created)

Panel variable: usuario_id (strongly balanced)
 Time variable: te, 1 to 2
         Delta: 1 unit
(28 observations deleted)
(2,095 observations deleted)
(29 observations created)

Panel variable: usuario_id (strongly balanced)
 Time variable: te, 1 to 2
         Delta: 1 unit
(28 observations deleted)
(2,095 observations deleted)
(29 observations created)

Panel variable: usuario_id (strongly balanced)
 Time variable: te, 1 to 2
         Delta: 1 unit
(28 observations deleted)
(2,095 observations deleted)
(29 observations created)

Panel variable: usuario_id (strongly balanced)
 Time variable: te, 1 to 2
         Delta: 1 unit
(28 observations deleted)
(2,095 observations deleted)
(29 observations created)

Panel variable: usuario_id (strongly balanced)
 Time variable: te, 1 to 2
         Delta: 1 unit
(28 observations deleted)
(2,095 observations deleted)
(29 observations created)

Panel variable: usuario_id (strongly balanced)
 Time variable: te, 1 to 2
         Delta: 1 unit
(28 observations deleted)
(2,095 observations deleted)
(29 observations created)

Panel variable: usuario_id (strongly balanced)
 Time variable: te, 1 to 2
         Delta: 1 unit
(28 observations deleted)
(2,095 observations deleted)
(29 observations created)

Panel variable: usuario_id (strongly balanced)
 Time variable: te, 1 to 2
         Delta: 1 unit
(28 observations deleted)
(2,095 observations deleted)
(29 observations created)

Panel variable: usuario_id (strongly balanced)
 Time variable: te, 1 to 2
         Delta: 1 unit
(28 observations deleted)
(2,095 observations deleted)
(29 observations created)

Panel variable: usuario_id (strongly balanced)
 Time variable: te, 1 to 2
         Delta: 1 unit
(28 observations deleted)
(2,095 observations deleted)
(29 observations created)

Panel variable: usuario_id (strongly balanced)
 Time variable: te, 1 to 2
         Delta: 1 unit
(28 observations deleted)
(2,095 observations deleted)
(29 observations created)

Panel variable: usuario_id (strongly balanced)
 Time variable: te, 1 to 2
         Delta: 1 unit
(28 observations deleted)
(2,095 observations deleted)
(29 observations created)

Panel variable: usuario_id (strongly balanced)
 Time variable: te, 1 to 2
         Delta: 1 unit
(28 observations deleted)
(2,095 observations deleted)
(29 observations created)

Panel variable: usuario_id (strongly balanced)
 Time variable: te, 1 to 2
         Delta: 1 unit
(28 observations deleted)
(2,095 observations deleted)
(29 observations created)

Panel variable: usuario_id (strongly balanced)
 Time variable: te, 1 to 2
         Delta: 1 unit
(28 observations deleted)
(2,095 observations deleted)
(29 observations created)

Panel variable: usuario_id (strongly balanced)
 Time variable: te, 1 to 2
         Delta: 1 unit
(28 observations deleted)
(2,095 observations deleted)
(29 observations created)

Panel variable: usuario_id (strongly balanced)
 Time variable: te, 1 to 2
         Delta: 1 unit
(28 observations deleted)
(2,095 observations deleted)
(29 observations created)

Panel variable: usuario_id (strongly balanced)
 Time variable: te, 1 to 2
         Delta: 1 unit
(28 observations deleted)
(2,095 observations deleted)
(29 observations created)

Panel variable: usuario_id (strongly balanced)
 Time variable: te, 1 to 2
         Delta: 1 unit
(28 observations deleted)
(2,095 observations deleted)
(29 observations created)

Panel variable: usuario_id (strongly balanced)
 Time variable: te, 1 to 2
         Delta: 1 unit
(28 observations deleted)
(2,095 observations deleted)
(29 observations created)

Panel variable: usuario_id (strongly balanced)
 Time variable: te, 1 to 2
         Delta: 1 unit
(28 observations deleted)
(2,095 observations deleted)
(29 observations created)

Panel variable: usuario_id (strongly balanced)
 Time variable: te, 1 to 2
         Delta: 1 unit
(28 observations deleted)
(2,095 observations deleted)
(29 observations created)

Panel variable: usuario_id (strongly balanced)
 Time variable: te, 1 to 2
         Delta: 1 unit
(28 observations deleted)
(2,095 observations deleted)
(29 observations created)

Panel variable: usuario_id (strongly balanced)
 Time variable: te, 1 to 2
         Delta: 1 unit
(28 observations deleted)
(2,095 observations deleted)
(29 observations created)

Panel variable: usuario_id (strongly balanced)
 Time variable: te, 1 to 2
         Delta: 1 unit
(28 observations deleted)
(2,095 observations deleted)
(29 observations created)

Panel variable: usuario_id (strongly balanced)
 Time variable: te, 1 to 2
         Delta: 1 unit
(28 observations deleted)
(2,095 observations deleted)
(29 observations created)

Panel variable: usuario_id (strongly balanced)
 Time variable: te, 1 to 2
         Delta: 1 unit
(28 observations deleted)
(2,102 observations deleted)
6206 6208 6209 6210 6211 6212 6213 6214 6215 6216 6219 6220 6222 6223 6226 6227
>  6230 6231 6234 6235 6236 6237
(2,102 observations deleted)
(22 observations created)

Panel variable: usuario_id (strongly balanced)
 Time variable: te, 1 to 2
         Delta: 1 unit
(21 observations deleted)
(2,102 observations deleted)
(22 observations created)

Panel variable: usuario_id (strongly balanced)
 Time variable: te, 1 to 2
         Delta: 1 unit
(21 observations deleted)
(2,102 observations deleted)
(22 observations created)

Panel variable: usuario_id (strongly balanced)
 Time variable: te, 1 to 2
         Delta: 1 unit
(21 observations deleted)
(2,102 observations deleted)
(22 observations created)

Panel variable: usuario_id (strongly balanced)
 Time variable: te, 1 to 2
         Delta: 1 unit
(21 observations deleted)
(2,102 observations deleted)
(22 observations created)

Panel variable: usuario_id (strongly balanced)
 Time variable: te, 1 to 2
         Delta: 1 unit
(21 observations deleted)
(2,102 observations deleted)
(22 observations created)

Panel variable: usuario_id (strongly balanced)
 Time variable: te, 1 to 2
         Delta: 1 unit
(21 observations deleted)
(2,102 observations deleted)
(22 observations created)

Panel variable: usuario_id (strongly balanced)
 Time variable: te, 1 to 2
         Delta: 1 unit
(21 observations deleted)
(2,102 observations deleted)
(22 observations created)

Panel variable: usuario_id (strongly balanced)
 Time variable: te, 1 to 2
         Delta: 1 unit
(21 observations deleted)
(2,102 observations deleted)
(22 observations created)

Panel variable: usuario_id (strongly balanced)
 Time variable: te, 1 to 2
         Delta: 1 unit
(21 observations deleted)
(2,102 observations deleted)
(22 observations created)

Panel variable: usuario_id (strongly balanced)
 Time variable: te, 1 to 2
         Delta: 1 unit
(21 observations deleted)
(2,102 observations deleted)
(22 observations created)

Panel variable: usuario_id (strongly balanced)
 Time variable: te, 1 to 2
         Delta: 1 unit
(21 observations deleted)
(2,102 observations deleted)
(22 observations created)

Panel variable: usuario_id (strongly balanced)
 Time variable: te, 1 to 2
         Delta: 1 unit
(21 observations deleted)
(2,102 observations deleted)
(22 observations created)

Panel variable: usuario_id (strongly balanced)
 Time variable: te, 1 to 2
         Delta: 1 unit
(21 observations deleted)
(2,102 observations deleted)
(22 observations created)

Panel variable: usuario_id (strongly balanced)
 Time variable: te, 1 to 2
         Delta: 1 unit
(21 observations deleted)
(2,102 observations deleted)
(22 observations created)

Panel variable: usuario_id (strongly balanced)
 Time variable: te, 1 to 2
         Delta: 1 unit
(21 observations deleted)
(2,102 observations deleted)
(22 observations created)

Panel variable: usuario_id (strongly balanced)
 Time variable: te, 1 to 2
         Delta: 1 unit
(21 observations deleted)
(2,102 observations deleted)
(22 observations created)

Panel variable: usuario_id (strongly balanced)
 Time variable: te, 1 to 2
         Delta: 1 unit
(21 observations deleted)
(2,102 observations deleted)
(22 observations created)

Panel variable: usuario_id (strongly balanced)
 Time variable: te, 1 to 2
         Delta: 1 unit
(21 observations deleted)
(2,102 observations deleted)
(22 observations created)

Panel variable: usuario_id (strongly balanced)
 Time variable: te, 1 to 2
         Delta: 1 unit
(21 observations deleted)
(2,102 observations deleted)
(22 observations created)

Panel variable: usuario_id (strongly balanced)
 Time variable: te, 1 to 2
         Delta: 1 unit
(21 observations deleted)
(2,102 observations deleted)
(22 observations created)

Panel variable: usuario_id (strongly balanced)
 Time variable: te, 1 to 2
         Delta: 1 unit
(21 observations deleted)
(2,102 observations deleted)
(22 observations created)

Panel variable: usuario_id (strongly balanced)
 Time variable: te, 1 to 2
         Delta: 1 unit
(21 observations deleted)
(2,112 observations deleted)
6239 6240 6241 6243 6245 6247 6250 6251 6252 6258 6261 6262
(2,112 observations deleted)
(12 observations created)

Panel variable: usuario_id (strongly balanced)
 Time variable: te, 1 to 2
         Delta: 1 unit
(11 observations deleted)
(2,112 observations deleted)
(12 observations created)

Panel variable: usuario_id (strongly balanced)
 Time variable: te, 1 to 2
         Delta: 1 unit
(11 observations deleted)
(2,112 observations deleted)
(12 observations created)

Panel variable: usuario_id (strongly balanced)
 Time variable: te, 1 to 2
         Delta: 1 unit
(11 observations deleted)
(2,112 observations deleted)
(12 observations created)

Panel variable: usuario_id (strongly balanced)
 Time variable: te, 1 to 2
         Delta: 1 unit
(11 observations deleted)
(2,112 observations deleted)
(12 observations created)

Panel variable: usuario_id (strongly balanced)
 Time variable: te, 1 to 2
         Delta: 1 unit
(11 observations deleted)
(2,112 observations deleted)
(12 observations created)

Panel variable: usuario_id (strongly balanced)
 Time variable: te, 1 to 2
         Delta: 1 unit
(11 observations deleted)
(2,112 observations deleted)
(12 observations created)

Panel variable: usuario_id (strongly balanced)
 Time variable: te, 1 to 2
         Delta: 1 unit
(11 observations deleted)
(2,112 observations deleted)
(12 observations created)

Panel variable: usuario_id (strongly balanced)
 Time variable: te, 1 to 2
         Delta: 1 unit
(11 observations deleted)
(2,112 observations deleted)
(12 observations created)

Panel variable: usuario_id (strongly balanced)
 Time variable: te, 1 to 2
         Delta: 1 unit
(11 observations deleted)
(2,112 observations deleted)
(12 observations created)

Panel variable: usuario_id (strongly balanced)
 Time variable: te, 1 to 2
         Delta: 1 unit
(11 observations deleted)
(2,112 observations deleted)
(12 observations created)

Panel variable: usuario_id (strongly balanced)
 Time variable: te, 1 to 2
         Delta: 1 unit
(11 observations deleted)
(2,112 observations deleted)
(12 observations created)

Panel variable: usuario_id (strongly balanced)
 Time variable: te, 1 to 2
         Delta: 1 unit
(11 observations deleted)
(2,112 observations deleted)
6263 6266 6269 6270 6271 6272 6275 6276 6281 6283 6286 6287
(2,112 observations deleted)
(12 observations created)

Panel variable: usuario_id (strongly balanced)
 Time variable: te, 1 to 2
         Delta: 1 unit
(11 observations deleted)
(2,112 observations deleted)
(12 observations created)

Panel variable: usuario_id (strongly balanced)
 Time variable: te, 1 to 2
         Delta: 1 unit
(11 observations deleted)
(2,112 observations deleted)
(12 observations created)

Panel variable: usuario_id (strongly balanced)
 Time variable: te, 1 to 2
         Delta: 1 unit
(11 observations deleted)
(2,112 observations deleted)
(12 observations created)

Panel variable: usuario_id (strongly balanced)
 Time variable: te, 1 to 2
         Delta: 1 unit
(11 observations deleted)
(2,112 observations deleted)
(12 observations created)

Panel variable: usuario_id (strongly balanced)
 Time variable: te, 1 to 2
         Delta: 1 unit
(11 observations deleted)
(2,112 observations deleted)
(12 observations created)

Panel variable: usuario_id (strongly balanced)
 Time variable: te, 1 to 2
         Delta: 1 unit
(11 observations deleted)
(2,112 observations deleted)
(12 observations created)

Panel variable: usuario_id (strongly balanced)
 Time variable: te, 1 to 2
         Delta: 1 unit
(11 observations deleted)
(2,112 observations deleted)
(12 observations created)

Panel variable: usuario_id (strongly balanced)
 Time variable: te, 1 to 2
         Delta: 1 unit
(11 observations deleted)
(2,112 observations deleted)
(12 observations created)

Panel variable: usuario_id (strongly balanced)
 Time variable: te, 1 to 2
         Delta: 1 unit
(11 observations deleted)
(2,112 observations deleted)
(12 observations created)

Panel variable: usuario_id (strongly balanced)
 Time variable: te, 1 to 2
         Delta: 1 unit
(11 observations deleted)
(2,112 observations deleted)
(12 observations created)

Panel variable: usuario_id (strongly balanced)
 Time variable: te, 1 to 2
         Delta: 1 unit
(11 observations deleted)
(2,112 observations deleted)
(12 observations created)

Panel variable: usuario_id (strongly balanced)
 Time variable: te, 1 to 2
         Delta: 1 unit
(11 observations deleted)
(2,098 observations deleted)
6313 6314 6315 6317 6318 6319 6320 6321 6322 6323 6324 6325 6326 6329 6330 6331
>  6332 6333 6334 6336 6337 6338 6339 6340 6341 6342
(2,098 observations deleted)
(26 observations created)

Panel variable: usuario_id (strongly balanced)
 Time variable: te, 1 to 2
         Delta: 1 unit
(25 observations deleted)
(2,098 observations deleted)
(26 observations created)

Panel variable: usuario_id (strongly balanced)
 Time variable: te, 1 to 2
         Delta: 1 unit
(25 observations deleted)
(2,098 observations deleted)
(26 observations created)

Panel variable: usuario_id (strongly balanced)
 Time variable: te, 1 to 2
         Delta: 1 unit
(25 observations deleted)
(2,098 observations deleted)
(26 observations created)

Panel variable: usuario_id (strongly balanced)
 Time variable: te, 1 to 2
         Delta: 1 unit
(25 observations deleted)
(2,098 observations deleted)
(26 observations created)

Panel variable: usuario_id (strongly balanced)
 Time variable: te, 1 to 2
         Delta: 1 unit
(25 observations deleted)
(2,098 observations deleted)
(26 observations created)

Panel variable: usuario_id (strongly balanced)
 Time variable: te, 1 to 2
         Delta: 1 unit
(25 observations deleted)
(2,098 observations deleted)
(26 observations created)

Panel variable: usuario_id (strongly balanced)
 Time variable: te, 1 to 2
         Delta: 1 unit
(25 observations deleted)
(2,098 observations deleted)
(26 observations created)

Panel variable: usuario_id (strongly balanced)
 Time variable: te, 1 to 2
         Delta: 1 unit
(25 observations deleted)
(2,098 observations deleted)
(26 observations created)

Panel variable: usuario_id (strongly balanced)
 Time variable: te, 1 to 2
         Delta: 1 unit
(25 observations deleted)
(2,098 observations deleted)
(26 observations created)

Panel variable: usuario_id (strongly balanced)
 Time variable: te, 1 to 2
         Delta: 1 unit
(25 observations deleted)
(2,098 observations deleted)
(26 observations created)

Panel variable: usuario_id (strongly balanced)
 Time variable: te, 1 to 2
         Delta: 1 unit
(25 observations deleted)
(2,098 observations deleted)
(26 observations created)

Panel variable: usuario_id (strongly balanced)
 Time variable: te, 1 to 2
         Delta: 1 unit
(25 observations deleted)
(2,098 observations deleted)
(26 observations created)

Panel variable: usuario_id (strongly balanced)
 Time variable: te, 1 to 2
         Delta: 1 unit
(25 observations deleted)
(2,098 observations deleted)
(26 observations created)

Panel variable: usuario_id (strongly balanced)
 Time variable: te, 1 to 2
         Delta: 1 unit
(25 observations deleted)
(2,098 observations deleted)
(26 observations created)

Panel variable: usuario_id (strongly balanced)
 Time variable: te, 1 to 2
         Delta: 1 unit
(25 observations deleted)
(2,098 observations deleted)
(26 observations created)

Panel variable: usuario_id (strongly balanced)
 Time variable: te, 1 to 2
         Delta: 1 unit
(25 observations deleted)
(2,098 observations deleted)
(26 observations created)

Panel variable: usuario_id (strongly balanced)
 Time variable: te, 1 to 2
         Delta: 1 unit
(25 observations deleted)
(2,098 observations deleted)
(26 observations created)

Panel variable: usuario_id (strongly balanced)
 Time variable: te, 1 to 2
         Delta: 1 unit
(25 observations deleted)
(2,098 observations deleted)
(26 observations created)

Panel variable: usuario_id (strongly balanced)
 Time variable: te, 1 to 2
         Delta: 1 unit
(25 observations deleted)
(2,098 observations deleted)
(26 observations created)

Panel variable: usuario_id (strongly balanced)
 Time variable: te, 1 to 2
         Delta: 1 unit
(25 observations deleted)
(2,098 observations deleted)
(26 observations created)

Panel variable: usuario_id (strongly balanced)
 Time variable: te, 1 to 2
         Delta: 1 unit
(25 observations deleted)
(2,098 observations deleted)
(26 observations created)

Panel variable: usuario_id (strongly balanced)
 Time variable: te, 1 to 2
         Delta: 1 unit
(25 observations deleted)
(2,098 observations deleted)
(26 observations created)

Panel variable: usuario_id (strongly balanced)
 Time variable: te, 1 to 2
         Delta: 1 unit
(25 observations deleted)
(2,098 observations deleted)
(26 observations created)

Panel variable: usuario_id (strongly balanced)
 Time variable: te, 1 to 2
         Delta: 1 unit
(25 observations deleted)
(2,098 observations deleted)
(26 observations created)

Panel variable: usuario_id (strongly balanced)
 Time variable: te, 1 to 2
         Delta: 1 unit
(25 observations deleted)
(2,098 observations deleted)
(26 observations created)

Panel variable: usuario_id (strongly balanced)
 Time variable: te, 1 to 2
         Delta: 1 unit
(25 observations deleted)
(2,100 observations deleted)
6344 6345 6348 6349 6350 6351 6352 6353 6354 6355 6356 6357 6360 6362 6363 6364
>  6365 6366 6367 6368 6369 6370 6371 6373
(2,100 observations deleted)
(24 observations created)

Panel variable: usuario_id (strongly balanced)
 Time variable: te, 1 to 2
         Delta: 1 unit
(0 observations deleted)
(2,100 observations deleted)
(24 observations created)

Panel variable: usuario_id (strongly balanced)
 Time variable: te, 1 to 2
         Delta: 1 unit
(0 observations deleted)
(2,100 observations deleted)
(24 observations created)

Panel variable: usuario_id (strongly balanced)
 Time variable: te, 1 to 2
         Delta: 1 unit
(0 observations deleted)
(2,100 observations deleted)
(24 observations created)

Panel variable: usuario_id (strongly balanced)
 Time variable: te, 1 to 2
         Delta: 1 unit
(0 observations deleted)
(2,100 observations deleted)
(24 observations created)

Panel variable: usuario_id (strongly balanced)
 Time variable: te, 1 to 2
         Delta: 1 unit
(0 observations deleted)
(2,100 observations deleted)
(24 observations created)

Panel variable: usuario_id (strongly balanced)
 Time variable: te, 1 to 2
         Delta: 1 unit
(0 observations deleted)
(2,100 observations deleted)
(24 observations created)

Panel variable: usuario_id (strongly balanced)
 Time variable: te, 1 to 2
         Delta: 1 unit
(0 observations deleted)
(2,100 observations deleted)
(24 observations created)

Panel variable: usuario_id (strongly balanced)
 Time variable: te, 1 to 2
         Delta: 1 unit
(0 observations deleted)
(2,100 observations deleted)
(24 observations created)

Panel variable: usuario_id (strongly balanced)
 Time variable: te, 1 to 2
         Delta: 1 unit
(0 observations deleted)
(2,100 observations deleted)
(24 observations created)

Panel variable: usuario_id (strongly balanced)
 Time variable: te, 1 to 2
         Delta: 1 unit
(0 observations deleted)
(2,100 observations deleted)
(24 observations created)

Panel variable: usuario_id (strongly balanced)
 Time variable: te, 1 to 2
         Delta: 1 unit
(0 observations deleted)
(2,100 observations deleted)
(24 observations created)

Panel variable: usuario_id (strongly balanced)
 Time variable: te, 1 to 2
         Delta: 1 unit
(0 observations deleted)
(2,100 observations deleted)
(24 observations created)

Panel variable: usuario_id (strongly balanced)
 Time variable: te, 1 to 2
         Delta: 1 unit
(0 observations deleted)
(2,100 observations deleted)
(24 observations created)

Panel variable: usuario_id (strongly balanced)
 Time variable: te, 1 to 2
         Delta: 1 unit
(0 observations deleted)
(2,100 observations deleted)
(24 observations created)

Panel variable: usuario_id (strongly balanced)
 Time variable: te, 1 to 2
         Delta: 1 unit
(0 observations deleted)
(2,100 observations deleted)
(24 observations created)

Panel variable: usuario_id (strongly balanced)
 Time variable: te, 1 to 2
         Delta: 1 unit
(0 observations deleted)
(2,100 observations deleted)
(24 observations created)

Panel variable: usuario_id (strongly balanced)
 Time variable: te, 1 to 2
         Delta: 1 unit
(0 observations deleted)
(2,100 observations deleted)
(24 observations created)

Panel variable: usuario_id (strongly balanced)
 Time variable: te, 1 to 2
         Delta: 1 unit
(0 observations deleted)
(2,100 observations deleted)
(24 observations created)

Panel variable: usuario_id (strongly balanced)
 Time variable: te, 1 to 2
         Delta: 1 unit
(0 observations deleted)
(2,100 observations deleted)
(24 observations created)

Panel variable: usuario_id (strongly balanced)
 Time variable: te, 1 to 2
         Delta: 1 unit
(0 observations deleted)
(2,100 observations deleted)
(24 observations created)

Panel variable: usuario_id (strongly balanced)
 Time variable: te, 1 to 2
         Delta: 1 unit
(0 observations deleted)
(2,100 observations deleted)
(24 observations created)

Panel variable: usuario_id (strongly balanced)
 Time variable: te, 1 to 2
         Delta: 1 unit
(0 observations deleted)
(2,100 observations deleted)
(24 observations created)

Panel variable: usuario_id (strongly balanced)
 Time variable: te, 1 to 2
         Delta: 1 unit
(0 observations deleted)
(2,100 observations deleted)
(24 observations created)

Panel variable: usuario_id (strongly balanced)
 Time variable: te, 1 to 2
         Delta: 1 unit
(0 observations deleted)
(2,106 observations deleted)
5601 5603 5604 5606 5607 5609 5610 5611 5612 5613 5615 5616 5620 5623 5624 5626
>  5627 5630
(2,106 observations deleted)
(18 observations created)

Panel variable: usuario_id (strongly balanced)
 Time variable: te, 1 to 2
         Delta: 1 unit
(17 observations deleted)
(2,106 observations deleted)
(18 observations created)

Panel variable: usuario_id (strongly balanced)
 Time variable: te, 1 to 2
         Delta: 1 unit
(17 observations deleted)
(2,106 observations deleted)
(18 observations created)

Panel variable: usuario_id (strongly balanced)
 Time variable: te, 1 to 2
         Delta: 1 unit
(17 observations deleted)
(2,106 observations deleted)
(18 observations created)

Panel variable: usuario_id (strongly balanced)
 Time variable: te, 1 to 2
         Delta: 1 unit
(17 observations deleted)
(2,106 observations deleted)
(18 observations created)

Panel variable: usuario_id (strongly balanced)
 Time variable: te, 1 to 2
         Delta: 1 unit
(17 observations deleted)
(2,106 observations deleted)
(18 observations created)

Panel variable: usuario_id (strongly balanced)
 Time variable: te, 1 to 2
         Delta: 1 unit
(17 observations deleted)
(2,106 observations deleted)
(18 observations created)

Panel variable: usuario_id (strongly balanced)
 Time variable: te, 1 to 2
         Delta: 1 unit
(17 observations deleted)
(2,106 observations deleted)
(18 observations created)

Panel variable: usuario_id (strongly balanced)
 Time variable: te, 1 to 2
         Delta: 1 unit
(17 observations deleted)
(2,106 observations deleted)
(18 observations created)

Panel variable: usuario_id (strongly balanced)
 Time variable: te, 1 to 2
         Delta: 1 unit
(17 observations deleted)
(2,106 observations deleted)
(18 observations created)

Panel variable: usuario_id (strongly balanced)
 Time variable: te, 1 to 2
         Delta: 1 unit
(17 observations deleted)
(2,106 observations deleted)
(18 observations created)

Panel variable: usuario_id (strongly balanced)
 Time variable: te, 1 to 2
         Delta: 1 unit
(17 observations deleted)
(2,106 observations deleted)
(18 observations created)

Panel variable: usuario_id (strongly balanced)
 Time variable: te, 1 to 2
         Delta: 1 unit
(17 observations deleted)
(2,106 observations deleted)
(18 observations created)

Panel variable: usuario_id (strongly balanced)
 Time variable: te, 1 to 2
         Delta: 1 unit
(17 observations deleted)
(2,106 observations deleted)
(18 observations created)

Panel variable: usuario_id (strongly balanced)
 Time variable: te, 1 to 2
         Delta: 1 unit
(17 observations deleted)
(2,106 observations deleted)
(18 observations created)

Panel variable: usuario_id (strongly balanced)
 Time variable: te, 1 to 2
         Delta: 1 unit
(17 observations deleted)
(2,106 observations deleted)
(18 observations created)

Panel variable: usuario_id (strongly balanced)
 Time variable: te, 1 to 2
         Delta: 1 unit
(17 observations deleted)
(2,106 observations deleted)
(18 observations created)

Panel variable: usuario_id (strongly balanced)
 Time variable: te, 1 to 2
         Delta: 1 unit
(17 observations deleted)
(2,106 observations deleted)
(18 observations created)

Panel variable: usuario_id (strongly balanced)
 Time variable: te, 1 to 2
         Delta: 1 unit
(17 observations deleted)
(2,108 observations deleted)
5631 5636 5637 5638 5640 5642 5644 5645 5648 5649 5651 5652 5653 5655 5660 5661
(2,108 observations deleted)
(16 observations created)

Panel variable: usuario_id (strongly balanced)
 Time variable: te, 1 to 2
         Delta: 1 unit
(0 observations deleted)
(2,108 observations deleted)
(16 observations created)

Panel variable: usuario_id (strongly balanced)
 Time variable: te, 1 to 2
         Delta: 1 unit
(0 observations deleted)
(2,108 observations deleted)
(16 observations created)

Panel variable: usuario_id (strongly balanced)
 Time variable: te, 1 to 2
         Delta: 1 unit
(0 observations deleted)
(2,108 observations deleted)
(16 observations created)

Panel variable: usuario_id (strongly balanced)
 Time variable: te, 1 to 2
         Delta: 1 unit
(0 observations deleted)
(2,108 observations deleted)
(16 observations created)

Panel variable: usuario_id (strongly balanced)
 Time variable: te, 1 to 2
         Delta: 1 unit
(0 observations deleted)
(2,108 observations deleted)
(16 observations created)

Panel variable: usuario_id (strongly balanced)
 Time variable: te, 1 to 2
         Delta: 1 unit
(0 observations deleted)
(2,108 observations deleted)
(16 observations created)

Panel variable: usuario_id (strongly balanced)
 Time variable: te, 1 to 2
         Delta: 1 unit
(0 observations deleted)
(2,108 observations deleted)
(16 observations created)

Panel variable: usuario_id (strongly balanced)
 Time variable: te, 1 to 2
         Delta: 1 unit
(0 observations deleted)
(2,108 observations deleted)
(16 observations created)

Panel variable: usuario_id (strongly balanced)
 Time variable: te, 1 to 2
         Delta: 1 unit
(0 observations deleted)
(2,108 observations deleted)
(16 observations created)

Panel variable: usuario_id (strongly balanced)
 Time variable: te, 1 to 2
         Delta: 1 unit
(0 observations deleted)
(2,108 observations deleted)
(16 observations created)

Panel variable: usuario_id (strongly balanced)
 Time variable: te, 1 to 2
         Delta: 1 unit
(0 observations deleted)
(2,108 observations deleted)
(16 observations created)

Panel variable: usuario_id (strongly balanced)
 Time variable: te, 1 to 2
         Delta: 1 unit
(0 observations deleted)
(2,108 observations deleted)
(16 observations created)

Panel variable: usuario_id (strongly balanced)
 Time variable: te, 1 to 2
         Delta: 1 unit
(0 observations deleted)
(2,108 observations deleted)
(16 observations created)

Panel variable: usuario_id (strongly balanced)
 Time variable: te, 1 to 2
         Delta: 1 unit
(0 observations deleted)
(2,108 observations deleted)
(16 observations created)

Panel variable: usuario_id (strongly balanced)
 Time variable: te, 1 to 2
         Delta: 1 unit
(0 observations deleted)
(2,108 observations deleted)
(16 observations created)

Panel variable: usuario_id (strongly balanced)
 Time variable: te, 1 to 2
         Delta: 1 unit
(0 observations deleted)
(2,109 observations deleted)
5663 5666 5667 5668 5671 5673 5674 5679 5683 5685 5686 5687 5688 5689 5691
(2,109 observations deleted)
(15 observations created)

Panel variable: usuario_id (strongly balanced)
 Time variable: te, 1 to 2
         Delta: 1 unit
(0 observations deleted)
(2,109 observations deleted)
(15 observations created)

Panel variable: usuario_id (strongly balanced)
 Time variable: te, 1 to 2
         Delta: 1 unit
(0 observations deleted)
(2,109 observations deleted)
(15 observations created)

Panel variable: usuario_id (strongly balanced)
 Time variable: te, 1 to 2
         Delta: 1 unit
(0 observations deleted)
(2,109 observations deleted)
(15 observations created)

Panel variable: usuario_id (strongly balanced)
 Time variable: te, 1 to 2
         Delta: 1 unit
(0 observations deleted)
(2,109 observations deleted)
(15 observations created)

Panel variable: usuario_id (strongly balanced)
 Time variable: te, 1 to 2
         Delta: 1 unit
(0 observations deleted)
(2,109 observations deleted)
(15 observations created)

Panel variable: usuario_id (strongly balanced)
 Time variable: te, 1 to 2
         Delta: 1 unit
(0 observations deleted)
(2,109 observations deleted)
(15 observations created)

Panel variable: usuario_id (strongly balanced)
 Time variable: te, 1 to 2
         Delta: 1 unit
(0 observations deleted)
(2,109 observations deleted)
(15 observations created)

Panel variable: usuario_id (strongly balanced)
 Time variable: te, 1 to 2
         Delta: 1 unit
(0 observations deleted)
(2,109 observations deleted)
(15 observations created)

Panel variable: usuario_id (strongly balanced)
 Time variable: te, 1 to 2
         Delta: 1 unit
(0 observations deleted)
(2,109 observations deleted)
(15 observations created)

Panel variable: usuario_id (strongly balanced)
 Time variable: te, 1 to 2
         Delta: 1 unit
(0 observations deleted)
(2,109 observations deleted)
(15 observations created)

Panel variable: usuario_id (strongly balanced)
 Time variable: te, 1 to 2
         Delta: 1 unit
(0 observations deleted)
(2,109 observations deleted)
(15 observations created)

Panel variable: usuario_id (strongly balanced)
 Time variable: te, 1 to 2
         Delta: 1 unit
(0 observations deleted)
(2,109 observations deleted)
(15 observations created)

Panel variable: usuario_id (strongly balanced)
 Time variable: te, 1 to 2
         Delta: 1 unit
(0 observations deleted)
(2,109 observations deleted)
(15 observations created)

Panel variable: usuario_id (strongly balanced)
 Time variable: te, 1 to 2
         Delta: 1 unit
(0 observations deleted)
(2,109 observations deleted)
(15 observations created)

Panel variable: usuario_id (strongly balanced)
 Time variable: te, 1 to 2
         Delta: 1 unit
(0 observations deleted)
(2,103 observations deleted)
5693 5694 5695 5697 5698 5699 5701 5703 5704 5706 5709 5711 5713 5714 5716 5717
>  5718 5719 5722 5723 5724
(2,103 observations deleted)
(21 observations created)

Panel variable: usuario_id (strongly balanced)
 Time variable: te, 1 to 2
         Delta: 1 unit
(0 observations deleted)
(2,103 observations deleted)
(21 observations created)

Panel variable: usuario_id (strongly balanced)
 Time variable: te, 1 to 2
         Delta: 1 unit
(0 observations deleted)
(2,103 observations deleted)
(21 observations created)

Panel variable: usuario_id (strongly balanced)
 Time variable: te, 1 to 2
         Delta: 1 unit
(0 observations deleted)
(2,103 observations deleted)
(21 observations created)

Panel variable: usuario_id (strongly balanced)
 Time variable: te, 1 to 2
         Delta: 1 unit
(0 observations deleted)
(2,103 observations deleted)
(21 observations created)

Panel variable: usuario_id (strongly balanced)
 Time variable: te, 1 to 2
         Delta: 1 unit
(0 observations deleted)
(2,103 observations deleted)
(21 observations created)

Panel variable: usuario_id (strongly balanced)
 Time variable: te, 1 to 2
         Delta: 1 unit
(0 observations deleted)
(2,103 observations deleted)
(21 observations created)

Panel variable: usuario_id (strongly balanced)
 Time variable: te, 1 to 2
         Delta: 1 unit
(0 observations deleted)
(2,103 observations deleted)
(21 observations created)

Panel variable: usuario_id (strongly balanced)
 Time variable: te, 1 to 2
         Delta: 1 unit
(0 observations deleted)
(2,103 observations deleted)
(21 observations created)

Panel variable: usuario_id (strongly balanced)
 Time variable: te, 1 to 2
         Delta: 1 unit
(0 observations deleted)
(2,103 observations deleted)
(21 observations created)

Panel variable: usuario_id (strongly balanced)
 Time variable: te, 1 to 2
         Delta: 1 unit
(0 observations deleted)
(2,103 observations deleted)
(21 observations created)

Panel variable: usuario_id (strongly balanced)
 Time variable: te, 1 to 2
         Delta: 1 unit
(0 observations deleted)
(2,103 observations deleted)
(21 observations created)

Panel variable: usuario_id (strongly balanced)
 Time variable: te, 1 to 2
         Delta: 1 unit
(0 observations deleted)
(2,103 observations deleted)
(21 observations created)

Panel variable: usuario_id (strongly balanced)
 Time variable: te, 1 to 2
         Delta: 1 unit
(0 observations deleted)
(2,103 observations deleted)
(21 observations created)

Panel variable: usuario_id (strongly balanced)
 Time variable: te, 1 to 2
         Delta: 1 unit
(0 observations deleted)
(2,103 observations deleted)
(21 observations created)

Panel variable: usuario_id (strongly balanced)
 Time variable: te, 1 to 2
         Delta: 1 unit
(0 observations deleted)
(2,103 observations deleted)
(21 observations created)

Panel variable: usuario_id (strongly balanced)
 Time variable: te, 1 to 2
         Delta: 1 unit
(0 observations deleted)
(2,103 observations deleted)
(21 observations created)

Panel variable: usuario_id (strongly balanced)
 Time variable: te, 1 to 2
         Delta: 1 unit
(0 observations deleted)
(2,103 observations deleted)
(21 observations created)

Panel variable: usuario_id (strongly balanced)
 Time variable: te, 1 to 2
         Delta: 1 unit
(0 observations deleted)
(2,103 observations deleted)
(21 observations created)

Panel variable: usuario_id (strongly balanced)
 Time variable: te, 1 to 2
         Delta: 1 unit
(0 observations deleted)
(2,103 observations deleted)
(21 observations created)

Panel variable: usuario_id (strongly balanced)
 Time variable: te, 1 to 2
         Delta: 1 unit
(0 observations deleted)
(2,103 observations deleted)
(21 observations created)

Panel variable: usuario_id (strongly balanced)
 Time variable: te, 1 to 2
         Delta: 1 unit
(0 observations deleted)
(2,101 observations deleted)
5726 5727 5731 5732 5733 5734 5735 5736 5737 5738 5739 5740 5741 5743 5744 5745
>  5746 5748 5749 5750 5753 5754 5757
(2,101 observations deleted)
(23 observations created)

Panel variable: usuario_id (strongly balanced)
 Time variable: te, 1 to 2
         Delta: 1 unit
(0 observations deleted)
(2,101 observations deleted)
(23 observations created)

Panel variable: usuario_id (strongly balanced)
 Time variable: te, 1 to 2
         Delta: 1 unit
(0 observations deleted)
(2,101 observations deleted)
(23 observations created)

Panel variable: usuario_id (strongly balanced)
 Time variable: te, 1 to 2
         Delta: 1 unit
(0 observations deleted)
(2,101 observations deleted)
(23 observations created)

Panel variable: usuario_id (strongly balanced)
 Time variable: te, 1 to 2
         Delta: 1 unit
(0 observations deleted)
(2,101 observations deleted)
(23 observations created)

Panel variable: usuario_id (strongly balanced)
 Time variable: te, 1 to 2
         Delta: 1 unit
(0 observations deleted)
(2,101 observations deleted)
(23 observations created)

Panel variable: usuario_id (strongly balanced)
 Time variable: te, 1 to 2
         Delta: 1 unit
(0 observations deleted)
(2,101 observations deleted)
(23 observations created)

Panel variable: usuario_id (strongly balanced)
 Time variable: te, 1 to 2
         Delta: 1 unit
(0 observations deleted)
(2,101 observations deleted)
(23 observations created)

Panel variable: usuario_id (strongly balanced)
 Time variable: te, 1 to 2
         Delta: 1 unit
(0 observations deleted)
(2,101 observations deleted)
(23 observations created)

Panel variable: usuario_id (strongly balanced)
 Time variable: te, 1 to 2
         Delta: 1 unit
(0 observations deleted)
(2,101 observations deleted)
(23 observations created)

Panel variable: usuario_id (strongly balanced)
 Time variable: te, 1 to 2
         Delta: 1 unit
(0 observations deleted)
(2,101 observations deleted)
(23 observations created)

Panel variable: usuario_id (strongly balanced)
 Time variable: te, 1 to 2
         Delta: 1 unit
(0 observations deleted)
(2,101 observations deleted)
(23 observations created)

Panel variable: usuario_id (strongly balanced)
 Time variable: te, 1 to 2
         Delta: 1 unit
(0 observations deleted)
(2,101 observations deleted)
(23 observations created)

Panel variable: usuario_id (strongly balanced)
 Time variable: te, 1 to 2
         Delta: 1 unit
(0 observations deleted)
(2,101 observations deleted)
(23 observations created)

Panel variable: usuario_id (strongly balanced)
 Time variable: te, 1 to 2
         Delta: 1 unit
(0 observations deleted)
(2,101 observations deleted)
(23 observations created)

Panel variable: usuario_id (strongly balanced)
 Time variable: te, 1 to 2
         Delta: 1 unit
(0 observations deleted)
(2,101 observations deleted)
(23 observations created)

Panel variable: usuario_id (strongly balanced)
 Time variable: te, 1 to 2
         Delta: 1 unit
(0 observations deleted)
(2,101 observations deleted)
(23 observations created)

Panel variable: usuario_id (strongly balanced)
 Time variable: te, 1 to 2
         Delta: 1 unit
(0 observations deleted)
(2,101 observations deleted)
(23 observations created)

Panel variable: usuario_id (strongly balanced)
 Time variable: te, 1 to 2
         Delta: 1 unit
(0 observations deleted)
(2,101 observations deleted)
(23 observations created)

Panel variable: usuario_id (strongly balanced)
 Time variable: te, 1 to 2
         Delta: 1 unit
(0 observations deleted)
(2,101 observations deleted)
(23 observations created)

Panel variable: usuario_id (strongly balanced)
 Time variable: te, 1 to 2
         Delta: 1 unit
(0 observations deleted)
(2,101 observations deleted)
(23 observations created)

Panel variable: usuario_id (strongly balanced)
 Time variable: te, 1 to 2
         Delta: 1 unit
(0 observations deleted)
(2,101 observations deleted)
(23 observations created)

Panel variable: usuario_id (strongly balanced)
 Time variable: te, 1 to 2
         Delta: 1 unit
(0 observations deleted)
(2,101 observations deleted)
(23 observations created)

Panel variable: usuario_id (strongly balanced)
 Time variable: te, 1 to 2
         Delta: 1 unit
(0 observations deleted)
(2,108 observations deleted)
5763 5764 5765 5767 5768 5769 5770 5771 5773 5774 5775 5777 5778 5779 5780 5781
(2,108 observations deleted)
(16 observations created)

Panel variable: usuario_id (strongly balanced)
 Time variable: te, 1 to 2
         Delta: 1 unit
(0 observations deleted)
(2,108 observations deleted)
(16 observations created)

Panel variable: usuario_id (strongly balanced)
 Time variable: te, 1 to 2
         Delta: 1 unit
(0 observations deleted)
(2,108 observations deleted)
(16 observations created)

Panel variable: usuario_id (strongly balanced)
 Time variable: te, 1 to 2
         Delta: 1 unit
(0 observations deleted)
(2,108 observations deleted)
(16 observations created)

Panel variable: usuario_id (strongly balanced)
 Time variable: te, 1 to 2
         Delta: 1 unit
(0 observations deleted)
(2,108 observations deleted)
(16 observations created)

Panel variable: usuario_id (strongly balanced)
 Time variable: te, 1 to 2
         Delta: 1 unit
(0 observations deleted)
(2,108 observations deleted)
(16 observations created)

Panel variable: usuario_id (strongly balanced)
 Time variable: te, 1 to 2
         Delta: 1 unit
(0 observations deleted)
(2,108 observations deleted)
(16 observations created)

Panel variable: usuario_id (strongly balanced)
 Time variable: te, 1 to 2
         Delta: 1 unit
(0 observations deleted)
(2,108 observations deleted)
(16 observations created)

Panel variable: usuario_id (strongly balanced)
 Time variable: te, 1 to 2
         Delta: 1 unit
(0 observations deleted)
(2,108 observations deleted)
(16 observations created)

Panel variable: usuario_id (strongly balanced)
 Time variable: te, 1 to 2
         Delta: 1 unit
(0 observations deleted)
(2,108 observations deleted)
(16 observations created)

Panel variable: usuario_id (strongly balanced)
 Time variable: te, 1 to 2
         Delta: 1 unit
(0 observations deleted)
(2,108 observations deleted)
(16 observations created)

Panel variable: usuario_id (strongly balanced)
 Time variable: te, 1 to 2
         Delta: 1 unit
(0 observations deleted)
(2,108 observations deleted)
(16 observations created)

Panel variable: usuario_id (strongly balanced)
 Time variable: te, 1 to 2
         Delta: 1 unit
(0 observations deleted)
(2,108 observations deleted)
(16 observations created)

Panel variable: usuario_id (strongly balanced)
 Time variable: te, 1 to 2
         Delta: 1 unit
(0 observations deleted)
(2,108 observations deleted)
(16 observations created)

Panel variable: usuario_id (strongly balanced)
 Time variable: te, 1 to 2
         Delta: 1 unit
(0 observations deleted)
(2,108 observations deleted)
(16 observations created)

Panel variable: usuario_id (strongly balanced)
 Time variable: te, 1 to 2
         Delta: 1 unit
(0 observations deleted)
(2,108 observations deleted)
(16 observations created)

Panel variable: usuario_id (strongly balanced)
 Time variable: te, 1 to 2
         Delta: 1 unit
(0 observations deleted)
(2,109 observations deleted)
5783 5785 5786 5787 5788 5790 5792 5793 5795 5796 5797 5798 5799 5800 5802
(2,109 observations deleted)
(15 observations created)

Panel variable: usuario_id (strongly balanced)
 Time variable: te, 1 to 2
         Delta: 1 unit
(14 observations deleted)
(2,109 observations deleted)
(15 observations created)

Panel variable: usuario_id (strongly balanced)
 Time variable: te, 1 to 2
         Delta: 1 unit
(14 observations deleted)
(2,109 observations deleted)
(15 observations created)

Panel variable: usuario_id (strongly balanced)
 Time variable: te, 1 to 2
         Delta: 1 unit
(14 observations deleted)
(2,109 observations deleted)
(15 observations created)

Panel variable: usuario_id (strongly balanced)
 Time variable: te, 1 to 2
         Delta: 1 unit
(14 observations deleted)
(2,109 observations deleted)
(15 observations created)

Panel variable: usuario_id (strongly balanced)
 Time variable: te, 1 to 2
         Delta: 1 unit
(14 observations deleted)
(2,109 observations deleted)
(15 observations created)

Panel variable: usuario_id (strongly balanced)
 Time variable: te, 1 to 2
         Delta: 1 unit
(14 observations deleted)
(2,109 observations deleted)
(15 observations created)

Panel variable: usuario_id (strongly balanced)
 Time variable: te, 1 to 2
         Delta: 1 unit
(14 observations deleted)
(2,109 observations deleted)
(15 observations created)

Panel variable: usuario_id (strongly balanced)
 Time variable: te, 1 to 2
         Delta: 1 unit
(14 observations deleted)
(2,109 observations deleted)
(15 observations created)

Panel variable: usuario_id (strongly balanced)
 Time variable: te, 1 to 2
         Delta: 1 unit
(14 observations deleted)
(2,109 observations deleted)
(15 observations created)

Panel variable: usuario_id (strongly balanced)
 Time variable: te, 1 to 2
         Delta: 1 unit
(14 observations deleted)
(2,109 observations deleted)
(15 observations created)

Panel variable: usuario_id (strongly balanced)
 Time variable: te, 1 to 2
         Delta: 1 unit
(14 observations deleted)
(2,109 observations deleted)
(15 observations created)

Panel variable: usuario_id (strongly balanced)
 Time variable: te, 1 to 2
         Delta: 1 unit
(14 observations deleted)
(2,109 observations deleted)
(15 observations created)

Panel variable: usuario_id (strongly balanced)
 Time variable: te, 1 to 2
         Delta: 1 unit
(14 observations deleted)
(2,109 observations deleted)
(15 observations created)

Panel variable: usuario_id (strongly balanced)
 Time variable: te, 1 to 2
         Delta: 1 unit
(14 observations deleted)
(2,109 observations deleted)
(15 observations created)

Panel variable: usuario_id (strongly balanced)
 Time variable: te, 1 to 2
         Delta: 1 unit
(14 observations deleted)
(2,108 observations deleted)
5804 5805 5806 5807 5809 5812 5813 5814 5816 5817 5819 5821 5823 5825 5827 5828
(2,108 observations deleted)
(16 observations created)

Panel variable: usuario_id (strongly balanced)
 Time variable: te, 1 to 2
         Delta: 1 unit
(15 observations deleted)
(2,108 observations deleted)
(16 observations created)

Panel variable: usuario_id (strongly balanced)
 Time variable: te, 1 to 2
         Delta: 1 unit
(15 observations deleted)
(2,108 observations deleted)
(16 observations created)

Panel variable: usuario_id (strongly balanced)
 Time variable: te, 1 to 2
         Delta: 1 unit
(15 observations deleted)
(2,108 observations deleted)
(16 observations created)

Panel variable: usuario_id (strongly balanced)
 Time variable: te, 1 to 2
         Delta: 1 unit
(15 observations deleted)
(2,108 observations deleted)
(16 observations created)

Panel variable: usuario_id (strongly balanced)
 Time variable: te, 1 to 2
         Delta: 1 unit
(15 observations deleted)
(2,108 observations deleted)
(16 observations created)

Panel variable: usuario_id (strongly balanced)
 Time variable: te, 1 to 2
         Delta: 1 unit
(15 observations deleted)
(2,108 observations deleted)
(16 observations created)

Panel variable: usuario_id (strongly balanced)
 Time variable: te, 1 to 2
         Delta: 1 unit
(15 observations deleted)
(2,108 observations deleted)
(16 observations created)

Panel variable: usuario_id (strongly balanced)
 Time variable: te, 1 to 2
         Delta: 1 unit
(15 observations deleted)
(2,108 observations deleted)
(16 observations created)

Panel variable: usuario_id (strongly balanced)
 Time variable: te, 1 to 2
         Delta: 1 unit
(15 observations deleted)
(2,108 observations deleted)
(16 observations created)

Panel variable: usuario_id (strongly balanced)
 Time variable: te, 1 to 2
         Delta: 1 unit
(15 observations deleted)
(2,108 observations deleted)
(16 observations created)

Panel variable: usuario_id (strongly balanced)
 Time variable: te, 1 to 2
         Delta: 1 unit
(15 observations deleted)
(2,108 observations deleted)
(16 observations created)

Panel variable: usuario_id (strongly balanced)
 Time variable: te, 1 to 2
         Delta: 1 unit
(15 observations deleted)
(2,108 observations deleted)
(16 observations created)

Panel variable: usuario_id (strongly balanced)
 Time variable: te, 1 to 2
         Delta: 1 unit
(15 observations deleted)
(2,108 observations deleted)
(16 observations created)

Panel variable: usuario_id (strongly balanced)
 Time variable: te, 1 to 2
         Delta: 1 unit
(15 observations deleted)
(2,108 observations deleted)
(16 observations created)

Panel variable: usuario_id (strongly balanced)
 Time variable: te, 1 to 2
         Delta: 1 unit
(15 observations deleted)
(2,108 observations deleted)
(16 observations created)

Panel variable: usuario_id (strongly balanced)
 Time variable: te, 1 to 2
         Delta: 1 unit
(15 observations deleted)
(2,109 observations deleted)
5831 5833 5834 5835 5836 5838 5839 5840 5841 5842 5843 5846 5847 5849 5852
(2,109 observations deleted)
(15 observations created)

Panel variable: usuario_id (strongly balanced)
 Time variable: te, 1 to 2
         Delta: 1 unit
(14 observations deleted)
(2,109 observations deleted)
(15 observations created)

Panel variable: usuario_id (strongly balanced)
 Time variable: te, 1 to 2
         Delta: 1 unit
(14 observations deleted)
(2,109 observations deleted)
(15 observations created)

Panel variable: usuario_id (strongly balanced)
 Time variable: te, 1 to 2
         Delta: 1 unit
(14 observations deleted)
(2,109 observations deleted)
(15 observations created)

Panel variable: usuario_id (strongly balanced)
 Time variable: te, 1 to 2
         Delta: 1 unit
(14 observations deleted)
(2,109 observations deleted)
(15 observations created)

Panel variable: usuario_id (strongly balanced)
 Time variable: te, 1 to 2
         Delta: 1 unit
(14 observations deleted)
(2,109 observations deleted)
(15 observations created)

Panel variable: usuario_id (strongly balanced)
 Time variable: te, 1 to 2
         Delta: 1 unit
(14 observations deleted)
(2,109 observations deleted)
(15 observations created)

Panel variable: usuario_id (strongly balanced)
 Time variable: te, 1 to 2
         Delta: 1 unit
(14 observations deleted)
(2,109 observations deleted)
(15 observations created)

Panel variable: usuario_id (strongly balanced)
 Time variable: te, 1 to 2
         Delta: 1 unit
(14 observations deleted)
(2,109 observations deleted)
(15 observations created)

Panel variable: usuario_id (strongly balanced)
 Time variable: te, 1 to 2
         Delta: 1 unit
(14 observations deleted)
(2,109 observations deleted)
(15 observations created)

Panel variable: usuario_id (strongly balanced)
 Time variable: te, 1 to 2
         Delta: 1 unit
(14 observations deleted)
(2,109 observations deleted)
(15 observations created)

Panel variable: usuario_id (strongly balanced)
 Time variable: te, 1 to 2
         Delta: 1 unit
(14 observations deleted)
(2,109 observations deleted)
(15 observations created)

Panel variable: usuario_id (strongly balanced)
 Time variable: te, 1 to 2
         Delta: 1 unit
(14 observations deleted)
(2,109 observations deleted)
(15 observations created)

Panel variable: usuario_id (strongly balanced)
 Time variable: te, 1 to 2
         Delta: 1 unit
(14 observations deleted)
(2,109 observations deleted)
(15 observations created)

Panel variable: usuario_id (strongly balanced)
 Time variable: te, 1 to 2
         Delta: 1 unit
(14 observations deleted)
(2,109 observations deleted)
(15 observations created)

Panel variable: usuario_id (strongly balanced)
 Time variable: te, 1 to 2
         Delta: 1 unit
(14 observations deleted)
(2,107 observations deleted)
5853 5854 5856 5857 5859 5860 5862 5863 5864 5865 5866 5869 5872 5873 5874 5875
>  5876
(2,107 observations deleted)
(17 observations created)

Panel variable: usuario_id (strongly balanced)
 Time variable: te, 1 to 2
         Delta: 1 unit
(16 observations deleted)
(2,107 observations deleted)
(17 observations created)

Panel variable: usuario_id (strongly balanced)
 Time variable: te, 1 to 2
         Delta: 1 unit
(16 observations deleted)
(2,107 observations deleted)
(17 observations created)

Panel variable: usuario_id (strongly balanced)
 Time variable: te, 1 to 2
         Delta: 1 unit
(16 observations deleted)
(2,107 observations deleted)
(17 observations created)

Panel variable: usuario_id (strongly balanced)
 Time variable: te, 1 to 2
         Delta: 1 unit
(16 observations deleted)
(2,107 observations deleted)
(17 observations created)

Panel variable: usuario_id (strongly balanced)
 Time variable: te, 1 to 2
         Delta: 1 unit
(16 observations deleted)
(2,107 observations deleted)
(17 observations created)

Panel variable: usuario_id (strongly balanced)
 Time variable: te, 1 to 2
         Delta: 1 unit
(16 observations deleted)
(2,107 observations deleted)
(17 observations created)

Panel variable: usuario_id (strongly balanced)
 Time variable: te, 1 to 2
         Delta: 1 unit
(16 observations deleted)
(2,107 observations deleted)
(17 observations created)

Panel variable: usuario_id (strongly balanced)
 Time variable: te, 1 to 2
         Delta: 1 unit
(16 observations deleted)
(2,107 observations deleted)
(17 observations created)

Panel variable: usuario_id (strongly balanced)
 Time variable: te, 1 to 2
         Delta: 1 unit
(16 observations deleted)
(2,107 observations deleted)
(17 observations created)

Panel variable: usuario_id (strongly balanced)
 Time variable: te, 1 to 2
         Delta: 1 unit
(16 observations deleted)
(2,107 observations deleted)
(17 observations created)

Panel variable: usuario_id (strongly balanced)
 Time variable: te, 1 to 2
         Delta: 1 unit
(16 observations deleted)
(2,107 observations deleted)
(17 observations created)

Panel variable: usuario_id (strongly balanced)
 Time variable: te, 1 to 2
         Delta: 1 unit
(16 observations deleted)
(2,107 observations deleted)
(17 observations created)

Panel variable: usuario_id (strongly balanced)
 Time variable: te, 1 to 2
         Delta: 1 unit
(16 observations deleted)
(2,107 observations deleted)
(17 observations created)

Panel variable: usuario_id (strongly balanced)
 Time variable: te, 1 to 2
         Delta: 1 unit
(16 observations deleted)
(2,107 observations deleted)
(17 observations created)

Panel variable: usuario_id (strongly balanced)
 Time variable: te, 1 to 2
         Delta: 1 unit
(16 observations deleted)
(2,107 observations deleted)
(17 observations created)

Panel variable: usuario_id (strongly balanced)
 Time variable: te, 1 to 2
         Delta: 1 unit
(16 observations deleted)
(2,107 observations deleted)
(17 observations created)

Panel variable: usuario_id (strongly balanced)
 Time variable: te, 1 to 2
         Delta: 1 unit
(16 observations deleted)
(2,103 observations deleted)
5877 5878 5880 5881 5882 5883 5884 5885 5886 5888 5889 5890 5891 5894 5895 5899
>  5900 5901 5902 5903 5904
(2,103 observations deleted)
(21 observations created)

Panel variable: usuario_id (strongly balanced)
 Time variable: te, 1 to 2
         Delta: 1 unit
(20 observations deleted)
(2,103 observations deleted)
(21 observations created)

Panel variable: usuario_id (strongly balanced)
 Time variable: te, 1 to 2
         Delta: 1 unit
(20 observations deleted)
(2,103 observations deleted)
(21 observations created)

Panel variable: usuario_id (strongly balanced)
 Time variable: te, 1 to 2
         Delta: 1 unit
(20 observations deleted)
(2,103 observations deleted)
(21 observations created)

Panel variable: usuario_id (strongly balanced)
 Time variable: te, 1 to 2
         Delta: 1 unit
(20 observations deleted)
(2,103 observations deleted)
(21 observations created)

Panel variable: usuario_id (strongly balanced)
 Time variable: te, 1 to 2
         Delta: 1 unit
(20 observations deleted)
(2,103 observations deleted)
(21 observations created)

Panel variable: usuario_id (strongly balanced)
 Time variable: te, 1 to 2
         Delta: 1 unit
(20 observations deleted)
(2,103 observations deleted)
(21 observations created)

Panel variable: usuario_id (strongly balanced)
 Time variable: te, 1 to 2
         Delta: 1 unit
(20 observations deleted)
(2,103 observations deleted)
(21 observations created)

Panel variable: usuario_id (strongly balanced)
 Time variable: te, 1 to 2
         Delta: 1 unit
(20 observations deleted)
(2,103 observations deleted)
(21 observations created)

Panel variable: usuario_id (strongly balanced)
 Time variable: te, 1 to 2
         Delta: 1 unit
(20 observations deleted)
(2,103 observations deleted)
(21 observations created)

Panel variable: usuario_id (strongly balanced)
 Time variable: te, 1 to 2
         Delta: 1 unit
(20 observations deleted)
(2,103 observations deleted)
(21 observations created)

Panel variable: usuario_id (strongly balanced)
 Time variable: te, 1 to 2
         Delta: 1 unit
(20 observations deleted)
(2,103 observations deleted)
(21 observations created)

Panel variable: usuario_id (strongly balanced)
 Time variable: te, 1 to 2
         Delta: 1 unit
(20 observations deleted)
(2,103 observations deleted)
(21 observations created)

Panel variable: usuario_id (strongly balanced)
 Time variable: te, 1 to 2
         Delta: 1 unit
(20 observations deleted)
(2,103 observations deleted)
(21 observations created)

Panel variable: usuario_id (strongly balanced)
 Time variable: te, 1 to 2
         Delta: 1 unit
(20 observations deleted)
(2,103 observations deleted)
(21 observations created)

Panel variable: usuario_id (strongly balanced)
 Time variable: te, 1 to 2
         Delta: 1 unit
(20 observations deleted)
(2,103 observations deleted)
(21 observations created)

Panel variable: usuario_id (strongly balanced)
 Time variable: te, 1 to 2
         Delta: 1 unit
(20 observations deleted)
(2,103 observations deleted)
(21 observations created)

Panel variable: usuario_id (strongly balanced)
 Time variable: te, 1 to 2
         Delta: 1 unit
(20 observations deleted)
(2,103 observations deleted)
(21 observations created)

Panel variable: usuario_id (strongly balanced)
 Time variable: te, 1 to 2
         Delta: 1 unit
(20 observations deleted)
(2,103 observations deleted)
(21 observations created)

Panel variable: usuario_id (strongly balanced)
 Time variable: te, 1 to 2
         Delta: 1 unit
(20 observations deleted)
(2,103 observations deleted)
(21 observations created)

Panel variable: usuario_id (strongly balanced)
 Time variable: te, 1 to 2
         Delta: 1 unit
(20 observations deleted)
(2,103 observations deleted)
(21 observations created)

Panel variable: usuario_id (strongly balanced)
 Time variable: te, 1 to 2
         Delta: 1 unit
(20 observations deleted)
(2,102 observations deleted)
5906 5907 5908 5910 5912 5913 5914 5915 5916 5917 5918 5920 5921 5922 5923 5924
>  5925 5926 5928 5931 5932 5934
(2,102 observations deleted)
(22 observations created)

Panel variable: usuario_id (strongly balanced)
 Time variable: te, 1 to 2
         Delta: 1 unit
(21 observations deleted)
(2,102 observations deleted)
(22 observations created)

Panel variable: usuario_id (strongly balanced)
 Time variable: te, 1 to 2
         Delta: 1 unit
(21 observations deleted)
(2,102 observations deleted)
(22 observations created)

Panel variable: usuario_id (strongly balanced)
 Time variable: te, 1 to 2
         Delta: 1 unit
(21 observations deleted)
(2,102 observations deleted)
(22 observations created)

Panel variable: usuario_id (strongly balanced)
 Time variable: te, 1 to 2
         Delta: 1 unit
(21 observations deleted)
(2,102 observations deleted)
(22 observations created)

Panel variable: usuario_id (strongly balanced)
 Time variable: te, 1 to 2
         Delta: 1 unit
(21 observations deleted)
(2,102 observations deleted)
(22 observations created)

Panel variable: usuario_id (strongly balanced)
 Time variable: te, 1 to 2
         Delta: 1 unit
(21 observations deleted)
(2,102 observations deleted)
(22 observations created)

Panel variable: usuario_id (strongly balanced)
 Time variable: te, 1 to 2
         Delta: 1 unit
(21 observations deleted)
(2,102 observations deleted)
(22 observations created)

Panel variable: usuario_id (strongly balanced)
 Time variable: te, 1 to 2
         Delta: 1 unit
(21 observations deleted)
(2,102 observations deleted)
(22 observations created)

Panel variable: usuario_id (strongly balanced)
 Time variable: te, 1 to 2
         Delta: 1 unit
(21 observations deleted)
(2,102 observations deleted)
(22 observations created)

Panel variable: usuario_id (strongly balanced)
 Time variable: te, 1 to 2
         Delta: 1 unit
(21 observations deleted)
(2,102 observations deleted)
(22 observations created)

Panel variable: usuario_id (strongly balanced)
 Time variable: te, 1 to 2
         Delta: 1 unit
(21 observations deleted)
(2,102 observations deleted)
(22 observations created)

Panel variable: usuario_id (strongly balanced)
 Time variable: te, 1 to 2
         Delta: 1 unit
(21 observations deleted)
(2,102 observations deleted)
(22 observations created)

Panel variable: usuario_id (strongly balanced)
 Time variable: te, 1 to 2
         Delta: 1 unit
(21 observations deleted)
(2,102 observations deleted)
(22 observations created)

Panel variable: usuario_id (strongly balanced)
 Time variable: te, 1 to 2
         Delta: 1 unit
(21 observations deleted)
(2,102 observations deleted)
(22 observations created)

Panel variable: usuario_id (strongly balanced)
 Time variable: te, 1 to 2
         Delta: 1 unit
(21 observations deleted)
(2,102 observations deleted)
(22 observations created)

Panel variable: usuario_id (strongly balanced)
 Time variable: te, 1 to 2
         Delta: 1 unit
(21 observations deleted)
(2,102 observations deleted)
(22 observations created)

Panel variable: usuario_id (strongly balanced)
 Time variable: te, 1 to 2
         Delta: 1 unit
(21 observations deleted)
(2,102 observations deleted)
(22 observations created)

Panel variable: usuario_id (strongly balanced)
 Time variable: te, 1 to 2
         Delta: 1 unit
(21 observations deleted)
(2,102 observations deleted)
(22 observations created)

Panel variable: usuario_id (strongly balanced)
 Time variable: te, 1 to 2
         Delta: 1 unit
(21 observations deleted)
(2,102 observations deleted)
(22 observations created)

Panel variable: usuario_id (strongly balanced)
 Time variable: te, 1 to 2
         Delta: 1 unit
(21 observations deleted)
(2,102 observations deleted)
(22 observations created)

Panel variable: usuario_id (strongly balanced)
 Time variable: te, 1 to 2
         Delta: 1 unit
(21 observations deleted)
(2,102 observations deleted)
(22 observations created)

Panel variable: usuario_id (strongly balanced)
 Time variable: te, 1 to 2
         Delta: 1 unit
(21 observations deleted)
(2,097 observations deleted)
5935 5936 5938 5939 5940 5941 5942 5943 5944 5945 5946 5947 5948 5949 5951 5952
>  5953 5954 5955 5956 5957 5958 5959 5960 5961 5962 5963
(2,097 observations deleted)
(27 observations created)

Panel variable: usuario_id (strongly balanced)
 Time variable: te, 1 to 2
         Delta: 1 unit
(0 observations deleted)
(2,097 observations deleted)
(27 observations created)

Panel variable: usuario_id (strongly balanced)
 Time variable: te, 1 to 2
         Delta: 1 unit
(0 observations deleted)
(2,097 observations deleted)
(27 observations created)

Panel variable: usuario_id (strongly balanced)
 Time variable: te, 1 to 2
         Delta: 1 unit
(0 observations deleted)
(2,097 observations deleted)
(27 observations created)

Panel variable: usuario_id (strongly balanced)
 Time variable: te, 1 to 2
         Delta: 1 unit
(0 observations deleted)
(2,097 observations deleted)
(27 observations created)

Panel variable: usuario_id (strongly balanced)
 Time variable: te, 1 to 2
         Delta: 1 unit
(0 observations deleted)
(2,097 observations deleted)
(27 observations created)

Panel variable: usuario_id (strongly balanced)
 Time variable: te, 1 to 2
         Delta: 1 unit
(0 observations deleted)
(2,097 observations deleted)
(27 observations created)

Panel variable: usuario_id (strongly balanced)
 Time variable: te, 1 to 2
         Delta: 1 unit
(0 observations deleted)
(2,097 observations deleted)
(27 observations created)

Panel variable: usuario_id (strongly balanced)
 Time variable: te, 1 to 2
         Delta: 1 unit
(0 observations deleted)
(2,097 observations deleted)
(27 observations created)

Panel variable: usuario_id (strongly balanced)
 Time variable: te, 1 to 2
         Delta: 1 unit
(0 observations deleted)
(2,097 observations deleted)
(27 observations created)

Panel variable: usuario_id (strongly balanced)
 Time variable: te, 1 to 2
         Delta: 1 unit
(0 observations deleted)
(2,097 observations deleted)
(27 observations created)

Panel variable: usuario_id (strongly balanced)
 Time variable: te, 1 to 2
         Delta: 1 unit
(0 observations deleted)
(2,097 observations deleted)
(27 observations created)

Panel variable: usuario_id (strongly balanced)
 Time variable: te, 1 to 2
         Delta: 1 unit
(0 observations deleted)
(2,097 observations deleted)
(27 observations created)

Panel variable: usuario_id (strongly balanced)
 Time variable: te, 1 to 2
         Delta: 1 unit
(0 observations deleted)
(2,097 observations deleted)
(27 observations created)

Panel variable: usuario_id (strongly balanced)
 Time variable: te, 1 to 2
         Delta: 1 unit
(0 observations deleted)
(2,097 observations deleted)
(27 observations created)

Panel variable: usuario_id (strongly balanced)
 Time variable: te, 1 to 2
         Delta: 1 unit
(0 observations deleted)
(2,097 observations deleted)
(27 observations created)

Panel variable: usuario_id (strongly balanced)
 Time variable: te, 1 to 2
         Delta: 1 unit
(0 observations deleted)
(2,097 observations deleted)
(27 observations created)

Panel variable: usuario_id (strongly balanced)
 Time variable: te, 1 to 2
         Delta: 1 unit
(0 observations deleted)
(2,097 observations deleted)
(27 observations created)

Panel variable: usuario_id (strongly balanced)
 Time variable: te, 1 to 2
         Delta: 1 unit
(0 observations deleted)
(2,097 observations deleted)
(27 observations created)

Panel variable: usuario_id (strongly balanced)
 Time variable: te, 1 to 2
         Delta: 1 unit
(0 observations deleted)
(2,097 observations deleted)
(27 observations created)

Panel variable: usuario_id (strongly balanced)
 Time variable: te, 1 to 2
         Delta: 1 unit
(0 observations deleted)
(2,097 observations deleted)
(27 observations created)

Panel variable: usuario_id (strongly balanced)
 Time variable: te, 1 to 2
         Delta: 1 unit
(0 observations deleted)
(2,097 observations deleted)
(27 observations created)

Panel variable: usuario_id (strongly balanced)
 Time variable: te, 1 to 2
         Delta: 1 unit
(0 observations deleted)
(2,097 observations deleted)
(27 observations created)

Panel variable: usuario_id (strongly balanced)
 Time variable: te, 1 to 2
         Delta: 1 unit
(0 observations deleted)
(2,097 observations deleted)
(27 observations created)

Panel variable: usuario_id (strongly balanced)
 Time variable: te, 1 to 2
         Delta: 1 unit
(0 observations deleted)
(2,097 observations deleted)
(27 observations created)

Panel variable: usuario_id (strongly balanced)
 Time variable: te, 1 to 2
         Delta: 1 unit
(0 observations deleted)
(2,097 observations deleted)
(27 observations created)

Panel variable: usuario_id (strongly balanced)
 Time variable: te, 1 to 2
         Delta: 1 unit
(0 observations deleted)
(2,097 observations deleted)
(27 observations created)

Panel variable: usuario_id (strongly balanced)
 Time variable: te, 1 to 2
         Delta: 1 unit
(0 observations deleted)
(2,108 observations deleted)
5964 5966 5967 5971 5972 5973 5975 5976 5978 5979 5982 5985 5986 5987 5990 5991
(2,108 observations deleted)
(16 observations created)

Panel variable: usuario_id (strongly balanced)
 Time variable: te, 1 to 2
         Delta: 1 unit
(0 observations deleted)
(2,108 observations deleted)
(16 observations created)

Panel variable: usuario_id (strongly balanced)
 Time variable: te, 1 to 2
         Delta: 1 unit
(0 observations deleted)
(2,108 observations deleted)
(16 observations created)

Panel variable: usuario_id (strongly balanced)
 Time variable: te, 1 to 2
         Delta: 1 unit
(0 observations deleted)
(2,108 observations deleted)
(16 observations created)

Panel variable: usuario_id (strongly balanced)
 Time variable: te, 1 to 2
         Delta: 1 unit
(0 observations deleted)
(2,108 observations deleted)
(16 observations created)

Panel variable: usuario_id (strongly balanced)
 Time variable: te, 1 to 2
         Delta: 1 unit
(0 observations deleted)
(2,108 observations deleted)
(16 observations created)

Panel variable: usuario_id (strongly balanced)
 Time variable: te, 1 to 2
         Delta: 1 unit
(0 observations deleted)
(2,108 observations deleted)
(16 observations created)

Panel variable: usuario_id (strongly balanced)
 Time variable: te, 1 to 2
         Delta: 1 unit
(0 observations deleted)
(2,108 observations deleted)
(16 observations created)

Panel variable: usuario_id (strongly balanced)
 Time variable: te, 1 to 2
         Delta: 1 unit
(0 observations deleted)
(2,108 observations deleted)
(16 observations created)

Panel variable: usuario_id (strongly balanced)
 Time variable: te, 1 to 2
         Delta: 1 unit
(0 observations deleted)
(2,108 observations deleted)
(16 observations created)

Panel variable: usuario_id (strongly balanced)
 Time variable: te, 1 to 2
         Delta: 1 unit
(0 observations deleted)
(2,108 observations deleted)
(16 observations created)

Panel variable: usuario_id (strongly balanced)
 Time variable: te, 1 to 2
         Delta: 1 unit
(0 observations deleted)
(2,108 observations deleted)
(16 observations created)

Panel variable: usuario_id (strongly balanced)
 Time variable: te, 1 to 2
         Delta: 1 unit
(0 observations deleted)
(2,108 observations deleted)
(16 observations created)

Panel variable: usuario_id (strongly balanced)
 Time variable: te, 1 to 2
         Delta: 1 unit
(0 observations deleted)
(2,108 observations deleted)
(16 observations created)

Panel variable: usuario_id (strongly balanced)
 Time variable: te, 1 to 2
         Delta: 1 unit
(0 observations deleted)
(2,108 observations deleted)
(16 observations created)

Panel variable: usuario_id (strongly balanced)
 Time variable: te, 1 to 2
         Delta: 1 unit
(0 observations deleted)
(2,108 observations deleted)
(16 observations created)

Panel variable: usuario_id (strongly balanced)
 Time variable: te, 1 to 2
         Delta: 1 unit
(0 observations deleted)

. 
. postclose `donorh'

. postclose `vh'

. 
. use "$cd/temp/matches_synth_long.dta", clear

. drop if missing(usuario_id) | missing(match_id) | missing(count_match) | coun
> t_match<=0
(28,092 observations deleted)

. sort usuario_id match_id

. save "$cd/temp/matches_synth_long.dta", replace
file /Users/diegogonzalezgonzalez/Desktop/LOYOLA/PhD/2nd
    chapter/temp/matches_synth_long.dta saved

. 
. bysort usuario_id (count_match): gen match_n = _N - _n + 1

. reshape wide match_id count_match, i(usuario_id) j(match_n)
(j = 1 2 3 4 5 6 7 8 9)

Data                               Long   ->   Wide
-----------------------------------------------------------------------------
Number of observations            6,610   ->   1,459       
Number of variables                   4   ->   19          
j variable (9 values)           match_n   ->   (dropped)
xij variables:
                               match_id   ->   match_id1 match_id2 ... match_id
> 9
                            count_match   ->   count_match1 count_match2 ... co
> unt_match9
-----------------------------------------------------------------------------

. save "$cd/temp/matches_synth.dta", replace
file /Users/diegogonzalezgonzalez/Desktop/LOYOLA/PhD/2nd
    chapter/temp/matches_synth.dta saved

. 
end of do-file
. }

. 
. if inlist(`"`stage'"', "dataprep", "run", "all") {
.         do "$cd/code/dataprep_synth.do"

. /////////////////////////////////////////////////////////////////////////////
> /
> ///////////////////////// Data preparation (synth) //////////////////////////
> /
> /////////////////////////////////////////////////////////////////////////////
> /
> 
. tempfile base_sample match_long dir1 dir2

. 
. use $raw_dta, clear

. keep if country==1
(3,091 observations deleted)

. save `base_sample', replace
(file /var/folders/qh/5fzr2y912sx0qqljkw0hx5rr0000gn/T//St14930.000001 not
    found)
file /var/folders/qh/5fzr2y912sx0qqljkw0hx5rr0000gn/T//St14930.000001 saved
    as .dta format

. 
. // Friendship data prep:
. foreach nwk in friend friend2 enemy enemy2 {
  2.         use `base_sample', clear
  3.         keep usuario_id `nwk'
  4.         split `nwk', parse("|") gen(`nwk')
  5.         foreach var in `r(varlist)' {
  6.                 destring `var', replace
  7.         }
  8.         drop `nwk'
  9.         reshape long `nwk', i(usuario_id) j(`nwk'_n)
 10.         drop if `nwk'==.
 11.         rename (`nwk' `nwk'_n) (`nwk'_id `nwk')
 12.         save "$cd/temp/`nwk'.dta", replace
 13. }
variables created as string: 
friend1    friend22   friend43   friend64   friend85   friend106  friend127
friend2    friend23   friend44   friend65   friend86   friend107  friend128
friend3    friend24   friend45   friend66   friend87   friend108  friend129
friend4    friend25   friend46   friend67   friend88   friend109  friend130
friend5    friend26   friend47   friend68   friend89   friend110  friend131
friend6    friend27   friend48   friend69   friend90   friend111  friend132
friend7    friend28   friend49   friend70   friend91   friend112  friend133
friend8    friend29   friend50   friend71   friend92   friend113  friend134
friend9    friend30   friend51   friend72   friend93   friend114  friend135
friend10   friend31   friend52   friend73   friend94   friend115  friend136
friend11   friend32   friend53   friend74   friend95   friend116  friend137
friend12   friend33   friend54   friend75   friend96   friend117  friend138
friend13   friend34   friend55   friend76   friend97   friend118  friend139
friend14   friend35   friend56   friend77   friend98   friend119  friend140
friend15   friend36   friend57   friend78   friend99   friend120  friend141
friend16   friend37   friend58   friend79   friend100  friend121  friend142
friend17   friend38   friend59   friend80   friend101  friend122  friend143
friend18   friend39   friend60   friend81   friend102  friend123  friend144
friend19   friend40   friend61   friend82   friend103  friend124  friend145
friend20   friend41   friend62   friend83   friend104  friend125  friend146
friend21   friend42   friend63   friend84   friend105  friend126
friend1: all characters numeric; replaced as int
(1101 missing values generated)
friend2: all characters numeric; replaced as int
(1213 missing values generated)
friend3: all characters numeric; replaced as int
(1335 missing values generated)
friend4: all characters numeric; replaced as int
(1469 missing values generated)
friend5: all characters numeric; replaced as int
(1646 missing values generated)
friend6: all characters numeric; replaced as int
(1813 missing values generated)
friend7: all characters numeric; replaced as int
(2016 missing values generated)
friend8: all characters numeric; replaced as int
(2173 missing values generated)
friend9: all characters numeric; replaced as int
(2359 missing values generated)
friend10: all characters numeric; replaced as int
(2546 missing values generated)
friend11: all characters numeric; replaced as int
(2716 missing values generated)
friend12: all characters numeric; replaced as int
(2869 missing values generated)
friend13: all characters numeric; replaced as int
(3020 missing values generated)
friend14: all characters numeric; replaced as int
(3170 missing values generated)
friend15: all characters numeric; replaced as int
(3304 missing values generated)
friend16: all characters numeric; replaced as int
(3422 missing values generated)
friend17: all characters numeric; replaced as int
(3530 missing values generated)
friend18: all characters numeric; replaced as int
(3634 missing values generated)
friend19: all characters numeric; replaced as int
(3742 missing values generated)
friend20: all characters numeric; replaced as int
(3822 missing values generated)
friend21: all characters numeric; replaced as int
(3897 missing values generated)
friend22: all characters numeric; replaced as int
(3964 missing values generated)
friend23: all characters numeric; replaced as int
(4024 missing values generated)
friend24: all characters numeric; replaced as int
(4097 missing values generated)
friend25: all characters numeric; replaced as int
(4140 missing values generated)
friend26: all characters numeric; replaced as int
(4194 missing values generated)
friend27: all characters numeric; replaced as int
(4238 missing values generated)
friend28: all characters numeric; replaced as int
(4275 missing values generated)
friend29: all characters numeric; replaced as int
(4317 missing values generated)
friend30: all characters numeric; replaced as int
(4344 missing values generated)
friend31: all characters numeric; replaced as int
(4375 missing values generated)
friend32: all characters numeric; replaced as int
(4401 missing values generated)
friend33: all characters numeric; replaced as int
(4421 missing values generated)
friend34: all characters numeric; replaced as int
(4440 missing values generated)
friend35: all characters numeric; replaced as int
(4467 missing values generated)
friend36: all characters numeric; replaced as int
(4488 missing values generated)
friend37: all characters numeric; replaced as int
(4507 missing values generated)
friend38: all characters numeric; replaced as int
(4522 missing values generated)
friend39: all characters numeric; replaced as int
(4536 missing values generated)
friend40: all characters numeric; replaced as int
(4549 missing values generated)
friend41: all characters numeric; replaced as int
(4557 missing values generated)
friend42: all characters numeric; replaced as int
(4566 missing values generated)
friend43: all characters numeric; replaced as int
(4582 missing values generated)
friend44: all characters numeric; replaced as int
(4594 missing values generated)
friend45: all characters numeric; replaced as int
(4603 missing values generated)
friend46: all characters numeric; replaced as int
(4608 missing values generated)
friend47: all characters numeric; replaced as int
(4613 missing values generated)
friend48: all characters numeric; replaced as int
(4614 missing values generated)
friend49: all characters numeric; replaced as int
(4617 missing values generated)
friend50: all characters numeric; replaced as int
(4623 missing values generated)
friend51: all characters numeric; replaced as int
(4625 missing values generated)
friend52: all characters numeric; replaced as int
(4631 missing values generated)
friend53: all characters numeric; replaced as int
(4637 missing values generated)
friend54: all characters numeric; replaced as int
(4637 missing values generated)
friend55: all characters numeric; replaced as int
(4639 missing values generated)
friend56: all characters numeric; replaced as int
(4641 missing values generated)
friend57: all characters numeric; replaced as int
(4644 missing values generated)
friend58: all characters numeric; replaced as int
(4645 missing values generated)
friend59: all characters numeric; replaced as int
(4648 missing values generated)
friend60: all characters numeric; replaced as int
(4649 missing values generated)
friend61: all characters numeric; replaced as int
(4652 missing values generated)
friend62: all characters numeric; replaced as int
(4654 missing values generated)
friend63: all characters numeric; replaced as int
(4655 missing values generated)
friend64: all characters numeric; replaced as int
(4658 missing values generated)
friend65: all characters numeric; replaced as int
(4659 missing values generated)
friend66: all characters numeric; replaced as int
(4659 missing values generated)
friend67: all characters numeric; replaced as int
(4659 missing values generated)
friend68: all characters numeric; replaced as int
(4662 missing values generated)
friend69: all characters numeric; replaced as int
(4663 missing values generated)
friend70: all characters numeric; replaced as int
(4665 missing values generated)
friend71: all characters numeric; replaced as int
(4669 missing values generated)
friend72: all characters numeric; replaced as int
(4669 missing values generated)
friend73: all characters numeric; replaced as int
(4669 missing values generated)
friend74: all characters numeric; replaced as int
(4670 missing values generated)
friend75: all characters numeric; replaced as int
(4670 missing values generated)
friend76: all characters numeric; replaced as int
(4671 missing values generated)
friend77: all characters numeric; replaced as int
(4671 missing values generated)
friend78: all characters numeric; replaced as int
(4671 missing values generated)
friend79: all characters numeric; replaced as int
(4672 missing values generated)
friend80: all characters numeric; replaced as int
(4672 missing values generated)
friend81: all characters numeric; replaced as int
(4672 missing values generated)
friend82: all characters numeric; replaced as int
(4672 missing values generated)
friend83: all characters numeric; replaced as int
(4672 missing values generated)
friend84: all characters numeric; replaced as int
(4672 missing values generated)
friend85: all characters numeric; replaced as int
(4672 missing values generated)
friend86: all characters numeric; replaced as int
(4672 missing values generated)
friend87: all characters numeric; replaced as int
(4672 missing values generated)
friend88: all characters numeric; replaced as int
(4672 missing values generated)
friend89: all characters numeric; replaced as int
(4672 missing values generated)
friend90: all characters numeric; replaced as int
(4672 missing values generated)
friend91: all characters numeric; replaced as int
(4672 missing values generated)
friend92: all characters numeric; replaced as int
(4672 missing values generated)
friend93: all characters numeric; replaced as int
(4672 missing values generated)
friend94: all characters numeric; replaced as int
(4672 missing values generated)
friend95: all characters numeric; replaced as int
(4672 missing values generated)
friend96: all characters numeric; replaced as int
(4672 missing values generated)
friend97: all characters numeric; replaced as int
(4672 missing values generated)
friend98: all characters numeric; replaced as int
(4672 missing values generated)
friend99: all characters numeric; replaced as int
(4672 missing values generated)
friend100: all characters numeric; replaced as int
(4672 missing values generated)
friend101: all characters numeric; replaced as int
(4672 missing values generated)
friend102: all characters numeric; replaced as int
(4672 missing values generated)
friend103: all characters numeric; replaced as int
(4672 missing values generated)
friend104: all characters numeric; replaced as int
(4672 missing values generated)
friend105: all characters numeric; replaced as int
(4672 missing values generated)
friend106: all characters numeric; replaced as int
(4672 missing values generated)
friend107: all characters numeric; replaced as int
(4672 missing values generated)
friend108: all characters numeric; replaced as int
(4673 missing values generated)
friend109: all characters numeric; replaced as int
(4673 missing values generated)
friend110: all characters numeric; replaced as int
(4673 missing values generated)
friend111: all characters numeric; replaced as int
(4673 missing values generated)
friend112: all characters numeric; replaced as int
(4673 missing values generated)
friend113: all characters numeric; replaced as int
(4673 missing values generated)
friend114: all characters numeric; replaced as int
(4673 missing values generated)
friend115: all characters numeric; replaced as int
(4673 missing values generated)
friend116: all characters numeric; replaced as int
(4673 missing values generated)
friend117: all characters numeric; replaced as int
(4673 missing values generated)
friend118: all characters numeric; replaced as int
(4673 missing values generated)
friend119: all characters numeric; replaced as int
(4673 missing values generated)
friend120: all characters numeric; replaced as int
(4673 missing values generated)
friend121: all characters numeric; replaced as int
(4673 missing values generated)
friend122: all characters numeric; replaced as int
(4673 missing values generated)
friend123: all characters numeric; replaced as int
(4673 missing values generated)
friend124: all characters numeric; replaced as int
(4673 missing values generated)
friend125: all characters numeric; replaced as int
(4673 missing values generated)
friend126: all characters numeric; replaced as int
(4673 missing values generated)
friend127: all characters numeric; replaced as int
(4673 missing values generated)
friend128: all characters numeric; replaced as int
(4673 missing values generated)
friend129: all characters numeric; replaced as int
(4673 missing values generated)
friend130: all characters numeric; replaced as int
(4673 missing values generated)
friend131: all characters numeric; replaced as int
(4673 missing values generated)
friend132: all characters numeric; replaced as int
(4673 missing values generated)
friend133: all characters numeric; replaced as int
(4673 missing values generated)
friend134: all characters numeric; replaced as int
(4673 missing values generated)
friend135: all characters numeric; replaced as int
(4673 missing values generated)
friend136: all characters numeric; replaced as int
(4673 missing values generated)
friend137: all characters numeric; replaced as int
(4673 missing values generated)
friend138: all characters numeric; replaced as int
(4673 missing values generated)
friend139: all characters numeric; replaced as int
(4673 missing values generated)
friend140: all characters numeric; replaced as int
(4673 missing values generated)
friend141: all characters numeric; replaced as int
(4673 missing values generated)
friend142: all characters numeric; replaced as int
(4673 missing values generated)
friend143: all characters numeric; replaced as int
(4673 missing values generated)
friend144: all characters numeric; replaced as int
(4673 missing values generated)
friend145: all characters numeric; replaced as int
(4673 missing values generated)
friend146: all characters numeric; replaced as int
(4673 missing values generated)
(j = 1 2 3 4 5 6 7 8 9 10 11 12 13 14 15 16 17 18 19 20 21 22 23 24 25 26 27 28
>  29 30 31 32 33 34 35 36 37 38 39 40 41 42 43 44 45 46 47 48 49 50 51 52 53 5
> 4 55 56 57 58 59 60 61 62 63 64 65 66 67 68 69 70 71 72 73 74 75 76 77 78 79 
> 80 81 82 83 84 85 86 87 88 89 90 91 92 93 94 95 96 97 98 99 100 101 102 103 1
> 04 105 106 107 108 109 110 111 112 113 114 115 116 117 118 119 120 121 122 12
> 3 124 125 126 127 128 129 130 131 132 133 134 135 136 137 138 139 140 141 142
>  143 144 145 146)

Data                               Wide   ->   Long
-----------------------------------------------------------------------------
Number of observations            4,674   ->   682,404     
Number of variables                 147   ->   3           
j variable (146 values)                   ->   friend_n
xij variables:
          friend1 friend2 ... friend146   ->   friend
-----------------------------------------------------------------------------
(631,150 observations deleted)
file /Users/diegogonzalezgonzalez/Desktop/LOYOLA/PhD/2nd
    chapter/temp/friend.dta saved
variables created as string: 
friend21   friend211  friend221  friend231  friend241  friend251  friend261
friend22   friend212  friend222  friend232  friend242  friend252  friend262
friend23   friend213  friend223  friend233  friend243  friend253  friend263
friend24   friend214  friend224  friend234  friend244  friend254  friend264
friend25   friend215  friend225  friend235  friend245  friend255  friend265
friend26   friend216  friend226  friend236  friend246  friend256
friend27   friend217  friend227  friend237  friend247  friend257
friend28   friend218  friend228  friend238  friend248  friend258
friend29   friend219  friend229  friend239  friend249  friend259
friend210  friend220  friend230  friend240  friend250  friend260
friend21: all characters numeric; replaced as int
(1432 missing values generated)
friend22: all characters numeric; replaced as int
(1898 missing values generated)
friend23: all characters numeric; replaced as int
(2399 missing values generated)
friend24: all characters numeric; replaced as int
(2858 missing values generated)
friend25: all characters numeric; replaced as int
(3237 missing values generated)
friend26: all characters numeric; replaced as int
(3569 missing values generated)
friend27: all characters numeric; replaced as int
(3827 missing values generated)
friend28: all characters numeric; replaced as int
(4004 missing values generated)
friend29: all characters numeric; replaced as int
(4151 missing values generated)
friend210: all characters numeric; replaced as int
(4263 missing values generated)
friend211: all characters numeric; replaced as int
(4346 missing values generated)
friend212: all characters numeric; replaced as int
(4404 missing values generated)
friend213: all characters numeric; replaced as int
(4458 missing values generated)
friend214: all characters numeric; replaced as int
(4499 missing values generated)
friend215: all characters numeric; replaced as int
(4529 missing values generated)
friend216: all characters numeric; replaced as int
(4559 missing values generated)
friend217: all characters numeric; replaced as int
(4573 missing values generated)
friend218: all characters numeric; replaced as int
(4591 missing values generated)
friend219: all characters numeric; replaced as int
(4605 missing values generated)
friend220: all characters numeric; replaced as int
(4622 missing values generated)
friend221: all characters numeric; replaced as int
(4624 missing values generated)
friend222: all characters numeric; replaced as int
(4632 missing values generated)
friend223: all characters numeric; replaced as int
(4641 missing values generated)
friend224: all characters numeric; replaced as int
(4647 missing values generated)
friend225: all characters numeric; replaced as int
(4652 missing values generated)
friend226: all characters numeric; replaced as int
(4656 missing values generated)
friend227: all characters numeric; replaced as int
(4658 missing values generated)
friend228: all characters numeric; replaced as int
(4663 missing values generated)
friend229: all characters numeric; replaced as int
(4663 missing values generated)
friend230: all characters numeric; replaced as int
(4665 missing values generated)
friend231: all characters numeric; replaced as int
(4668 missing values generated)
friend232: all characters numeric; replaced as int
(4669 missing values generated)
friend233: all characters numeric; replaced as int
(4669 missing values generated)
friend234: all characters numeric; replaced as int
(4669 missing values generated)
friend235: all characters numeric; replaced as int
(4670 missing values generated)
friend236: all characters numeric; replaced as int
(4671 missing values generated)
friend237: all characters numeric; replaced as int
(4672 missing values generated)
friend238: all characters numeric; replaced as int
(4672 missing values generated)
friend239: all characters numeric; replaced as int
(4672 missing values generated)
friend240: all characters numeric; replaced as int
(4672 missing values generated)
friend241: all characters numeric; replaced as int
(4672 missing values generated)
friend242: all characters numeric; replaced as int
(4672 missing values generated)
friend243: all characters numeric; replaced as int
(4672 missing values generated)
friend244: all characters numeric; replaced as int
(4672 missing values generated)
friend245: all characters numeric; replaced as int
(4672 missing values generated)
friend246: all characters numeric; replaced as int
(4672 missing values generated)
friend247: all characters numeric; replaced as int
(4673 missing values generated)
friend248: all characters numeric; replaced as int
(4673 missing values generated)
friend249: all characters numeric; replaced as int
(4673 missing values generated)
friend250: all characters numeric; replaced as int
(4673 missing values generated)
friend251: all characters numeric; replaced as int
(4673 missing values generated)
friend252: all characters numeric; replaced as int
(4673 missing values generated)
friend253: all characters numeric; replaced as int
(4673 missing values generated)
friend254: all characters numeric; replaced as int
(4673 missing values generated)
friend255: all characters numeric; replaced as int
(4673 missing values generated)
friend256: all characters numeric; replaced as int
(4673 missing values generated)
friend257: all characters numeric; replaced as int
(4673 missing values generated)
friend258: all characters numeric; replaced as int
(4673 missing values generated)
friend259: all characters numeric; replaced as int
(4673 missing values generated)
friend260: all characters numeric; replaced as int
(4673 missing values generated)
friend261: all characters numeric; replaced as int
(4673 missing values generated)
friend262: all characters numeric; replaced as int
(4673 missing values generated)
friend263: all characters numeric; replaced as int
(4673 missing values generated)
friend264: all characters numeric; replaced as int
(4673 missing values generated)
friend265: all characters numeric; replaced as int
(4673 missing values generated)
(j = 1 2 3 4 5 6 7 8 9 10 11 12 13 14 15 16 17 18 19 20 21 22 23 24 25 26 27 28
>  29 30 31 32 33 34 35 36 37 38 39 40 41 42 43 44 45 46 47 48 49 50 51 52 53 5
> 4 55 56 57 58 59 60 61 62 63 64 65)

Data                               Wide   ->   Long
-----------------------------------------------------------------------------
Number of observations            4,674   ->   303,810     
Number of variables                  66   ->   3           
j variable (65 values)                    ->   friend2_n
xij variables:
        friend21 friend22 ... friend265   ->   friend2
-----------------------------------------------------------------------------
(286,848 observations deleted)
file /Users/diegogonzalezgonzalez/Desktop/LOYOLA/PhD/2nd
    chapter/temp/friend2.dta saved
variables created as string: 
enemy1    enemy17   enemy33   enemy49   enemy65   enemy81   enemy97   enemy113
enemy2    enemy18   enemy34   enemy50   enemy66   enemy82   enemy98   enemy114
enemy3    enemy19   enemy35   enemy51   enemy67   enemy83   enemy99   enemy115
enemy4    enemy20   enemy36   enemy52   enemy68   enemy84   enemy100  enemy116
enemy5    enemy21   enemy37   enemy53   enemy69   enemy85   enemy101  enemy117
enemy6    enemy22   enemy38   enemy54   enemy70   enemy86   enemy102  enemy118
enemy7    enemy23   enemy39   enemy55   enemy71   enemy87   enemy103  enemy119
enemy8    enemy24   enemy40   enemy56   enemy72   enemy88   enemy104  enemy120
enemy9    enemy25   enemy41   enemy57   enemy73   enemy89   enemy105  enemy121
enemy10   enemy26   enemy42   enemy58   enemy74   enemy90   enemy106  enemy122
enemy11   enemy27   enemy43   enemy59   enemy75   enemy91   enemy107  enemy123
enemy12   enemy28   enemy44   enemy60   enemy76   enemy92   enemy108  enemy124
enemy13   enemy29   enemy45   enemy61   enemy77   enemy93   enemy109  enemy125
enemy14   enemy30   enemy46   enemy62   enemy78   enemy94   enemy110  enemy126
enemy15   enemy31   enemy47   enemy63   enemy79   enemy95   enemy111  enemy127
enemy16   enemy32   enemy48   enemy64   enemy80   enemy96   enemy112  enemy128
enemy1: all characters numeric; replaced as int
(1893 missing values generated)
enemy2: all characters numeric; replaced as int
(2420 missing values generated)
enemy3: all characters numeric; replaced as int
(2835 missing values generated)
enemy4: all characters numeric; replaced as int
(3174 missing values generated)
enemy5: all characters numeric; replaced as int
(3469 missing values generated)
enemy6: all characters numeric; replaced as int
(3703 missing values generated)
enemy7: all characters numeric; replaced as int
(3867 missing values generated)
enemy8: all characters numeric; replaced as int
(4005 missing values generated)
enemy9: all characters numeric; replaced as int
(4121 missing values generated)
enemy10: all characters numeric; replaced as int
(4201 missing values generated)
enemy11: all characters numeric; replaced as int
(4258 missing values generated)
enemy12: all characters numeric; replaced as int
(4321 missing values generated)
enemy13: all characters numeric; replaced as int
(4368 missing values generated)
enemy14: all characters numeric; replaced as int
(4405 missing values generated)
enemy15: all characters numeric; replaced as int
(4433 missing values generated)
enemy16: all characters numeric; replaced as int
(4457 missing values generated)
enemy17: all characters numeric; replaced as int
(4469 missing values generated)
enemy18: all characters numeric; replaced as int
(4485 missing values generated)
enemy19: all characters numeric; replaced as int
(4499 missing values generated)
enemy20: all characters numeric; replaced as int
(4511 missing values generated)
enemy21: all characters numeric; replaced as int
(4517 missing values generated)
enemy22: all characters numeric; replaced as int
(4528 missing values generated)
enemy23: all characters numeric; replaced as int
(4538 missing values generated)
enemy24: all characters numeric; replaced as int
(4547 missing values generated)
enemy25: all characters numeric; replaced as int
(4554 missing values generated)
enemy26: all characters numeric; replaced as int
(4561 missing values generated)
enemy27: all characters numeric; replaced as int
(4566 missing values generated)
enemy28: all characters numeric; replaced as int
(4571 missing values generated)
enemy29: all characters numeric; replaced as int
(4582 missing values generated)
enemy30: all characters numeric; replaced as int
(4587 missing values generated)
enemy31: all characters numeric; replaced as int
(4591 missing values generated)
enemy32: all characters numeric; replaced as int
(4598 missing values generated)
enemy33: all characters numeric; replaced as int
(4600 missing values generated)
enemy34: all characters numeric; replaced as int
(4603 missing values generated)
enemy35: all characters numeric; replaced as int
(4607 missing values generated)
enemy36: all characters numeric; replaced as int
(4611 missing values generated)
enemy37: all characters numeric; replaced as int
(4618 missing values generated)
enemy38: all characters numeric; replaced as int
(4619 missing values generated)
enemy39: all characters numeric; replaced as int
(4623 missing values generated)
enemy40: all characters numeric; replaced as int
(4626 missing values generated)
enemy41: all characters numeric; replaced as int
(4626 missing values generated)
enemy42: all characters numeric; replaced as int
(4627 missing values generated)
enemy43: all characters numeric; replaced as int
(4628 missing values generated)
enemy44: all characters numeric; replaced as int
(4631 missing values generated)
enemy45: all characters numeric; replaced as int
(4632 missing values generated)
enemy46: all characters numeric; replaced as int
(4633 missing values generated)
enemy47: all characters numeric; replaced as int
(4635 missing values generated)
enemy48: all characters numeric; replaced as int
(4636 missing values generated)
enemy49: all characters numeric; replaced as int
(4638 missing values generated)
enemy50: all characters numeric; replaced as int
(4638 missing values generated)
enemy51: all characters numeric; replaced as int
(4640 missing values generated)
enemy52: all characters numeric; replaced as int
(4641 missing values generated)
enemy53: all characters numeric; replaced as int
(4643 missing values generated)
enemy54: all characters numeric; replaced as int
(4643 missing values generated)
enemy55: all characters numeric; replaced as int
(4643 missing values generated)
enemy56: all characters numeric; replaced as int
(4644 missing values generated)
enemy57: all characters numeric; replaced as int
(4645 missing values generated)
enemy58: all characters numeric; replaced as int
(4645 missing values generated)
enemy59: all characters numeric; replaced as int
(4645 missing values generated)
enemy60: all characters numeric; replaced as int
(4646 missing values generated)
enemy61: all characters numeric; replaced as int
(4648 missing values generated)
enemy62: all characters numeric; replaced as int
(4652 missing values generated)
enemy63: all characters numeric; replaced as int
(4652 missing values generated)
enemy64: all characters numeric; replaced as int
(4653 missing values generated)
enemy65: all characters numeric; replaced as int
(4654 missing values generated)
enemy66: all characters numeric; replaced as int
(4654 missing values generated)
enemy67: all characters numeric; replaced as int
(4654 missing values generated)
enemy68: all characters numeric; replaced as int
(4654 missing values generated)
enemy69: all characters numeric; replaced as int
(4656 missing values generated)
enemy70: all characters numeric; replaced as int
(4656 missing values generated)
enemy71: all characters numeric; replaced as int
(4658 missing values generated)
enemy72: all characters numeric; replaced as int
(4662 missing values generated)
enemy73: all characters numeric; replaced as int
(4662 missing values generated)
enemy74: all characters numeric; replaced as int
(4664 missing values generated)
enemy75: all characters numeric; replaced as int
(4665 missing values generated)
enemy76: all characters numeric; replaced as int
(4665 missing values generated)
enemy77: all characters numeric; replaced as int
(4665 missing values generated)
enemy78: all characters numeric; replaced as int
(4665 missing values generated)
enemy79: all characters numeric; replaced as int
(4665 missing values generated)
enemy80: all characters numeric; replaced as int
(4665 missing values generated)
enemy81: all characters numeric; replaced as int
(4665 missing values generated)
enemy82: all characters numeric; replaced as int
(4666 missing values generated)
enemy83: all characters numeric; replaced as int
(4666 missing values generated)
enemy84: all characters numeric; replaced as int
(4667 missing values generated)
enemy85: all characters numeric; replaced as int
(4667 missing values generated)
enemy86: all characters numeric; replaced as int
(4667 missing values generated)
enemy87: all characters numeric; replaced as int
(4667 missing values generated)
enemy88: all characters numeric; replaced as int
(4668 missing values generated)
enemy89: all characters numeric; replaced as int
(4668 missing values generated)
enemy90: all characters numeric; replaced as int
(4668 missing values generated)
enemy91: all characters numeric; replaced as int
(4668 missing values generated)
enemy92: all characters numeric; replaced as int
(4668 missing values generated)
enemy93: all characters numeric; replaced as int
(4668 missing values generated)
enemy94: all characters numeric; replaced as int
(4669 missing values generated)
enemy95: all characters numeric; replaced as int
(4669 missing values generated)
enemy96: all characters numeric; replaced as int
(4669 missing values generated)
enemy97: all characters numeric; replaced as int
(4670 missing values generated)
enemy98: all characters numeric; replaced as int
(4670 missing values generated)
enemy99: all characters numeric; replaced as int
(4670 missing values generated)
enemy100: all characters numeric; replaced as int
(4670 missing values generated)
enemy101: all characters numeric; replaced as int
(4670 missing values generated)
enemy102: all characters numeric; replaced as int
(4670 missing values generated)
enemy103: all characters numeric; replaced as int
(4670 missing values generated)
enemy104: all characters numeric; replaced as int
(4670 missing values generated)
enemy105: all characters numeric; replaced as int
(4670 missing values generated)
enemy106: all characters numeric; replaced as int
(4670 missing values generated)
enemy107: all characters numeric; replaced as int
(4671 missing values generated)
enemy108: all characters numeric; replaced as int
(4671 missing values generated)
enemy109: all characters numeric; replaced as int
(4671 missing values generated)
enemy110: all characters numeric; replaced as int
(4671 missing values generated)
enemy111: all characters numeric; replaced as int
(4671 missing values generated)
enemy112: all characters numeric; replaced as int
(4671 missing values generated)
enemy113: all characters numeric; replaced as int
(4671 missing values generated)
enemy114: all characters numeric; replaced as int
(4671 missing values generated)
enemy115: all characters numeric; replaced as int
(4671 missing values generated)
enemy116: all characters numeric; replaced as int
(4671 missing values generated)
enemy117: all characters numeric; replaced as int
(4671 missing values generated)
enemy118: all characters numeric; replaced as int
(4671 missing values generated)
enemy119: all characters numeric; replaced as int
(4671 missing values generated)
enemy120: all characters numeric; replaced as int
(4671 missing values generated)
enemy121: all characters numeric; replaced as int
(4671 missing values generated)
enemy122: all characters numeric; replaced as int
(4672 missing values generated)
enemy123: all characters numeric; replaced as int
(4672 missing values generated)
enemy124: all characters numeric; replaced as int
(4672 missing values generated)
enemy125: all characters numeric; replaced as int
(4672 missing values generated)
enemy126: all characters numeric; replaced as int
(4672 missing values generated)
enemy127: all characters numeric; replaced as int
(4672 missing values generated)
enemy128: all characters numeric; replaced as int
(4672 missing values generated)
(j = 1 2 3 4 5 6 7 8 9 10 11 12 13 14 15 16 17 18 19 20 21 22 23 24 25 26 27 28
>  29 30 31 32 33 34 35 36 37 38 39 40 41 42 43 44 45 46 47 48 49 50 51 52 53 5
> 4 55 56 57 58 59 60 61 62 63 64 65 66 67 68 69 70 71 72 73 74 75 76 77 78 79 
> 80 81 82 83 84 85 86 87 88 89 90 91 92 93 94 95 96 97 98 99 100 101 102 103 1
> 04 105 106 107 108 109 110 111 112 113 114 115 116 117 118 119 120 121 122 12
> 3 124 125 126 127 128)

Data                               Wide   ->   Long
-----------------------------------------------------------------------------
Number of observations            4,674   ->   598,272     
Number of variables                 129   ->   3           
j variable (128 values)                   ->   enemy_n
xij variables:
             enemy1 enemy2 ... enemy128   ->   enemy
-----------------------------------------------------------------------------
(579,618 observations deleted)
file /Users/diegogonzalezgonzalez/Desktop/LOYOLA/PhD/2nd
    chapter/temp/enemy.dta saved
variables created as string: 
enemy21   enemy212  enemy223  enemy234  enemy245  enemy256  enemy267  enemy278
enemy22   enemy213  enemy224  enemy235  enemy246  enemy257  enemy268  enemy279
enemy23   enemy214  enemy225  enemy236  enemy247  enemy258  enemy269  enemy280
enemy24   enemy215  enemy226  enemy237  enemy248  enemy259  enemy270  enemy281
enemy25   enemy216  enemy227  enemy238  enemy249  enemy260  enemy271  enemy282
enemy26   enemy217  enemy228  enemy239  enemy250  enemy261  enemy272  enemy283
enemy27   enemy218  enemy229  enemy240  enemy251  enemy262  enemy273  enemy284
enemy28   enemy219  enemy230  enemy241  enemy252  enemy263  enemy274  enemy285
enemy29   enemy220  enemy231  enemy242  enemy253  enemy264  enemy275  enemy286
enemy210  enemy221  enemy232  enemy243  enemy254  enemy265  enemy276  enemy287
enemy211  enemy222  enemy233  enemy244  enemy255  enemy266  enemy277
enemy21: all characters numeric; replaced as int
(2764 missing values generated)
enemy22: all characters numeric; replaced as int
(3906 missing values generated)
enemy23: all characters numeric; replaced as int
(4225 missing values generated)
enemy24: all characters numeric; replaced as int
(4394 missing values generated)
enemy25: all characters numeric; replaced as int
(4493 missing values generated)
enemy26: all characters numeric; replaced as int
(4542 missing values generated)
enemy27: all characters numeric; replaced as int
(4577 missing values generated)
enemy28: all characters numeric; replaced as int
(4605 missing values generated)
enemy29: all characters numeric; replaced as int
(4621 missing values generated)
enemy210: all characters numeric; replaced as int
(4632 missing values generated)
enemy211: all characters numeric; replaced as int
(4638 missing values generated)
enemy212: all characters numeric; replaced as int
(4646 missing values generated)
enemy213: all characters numeric; replaced as int
(4650 missing values generated)
enemy214: all characters numeric; replaced as int
(4653 missing values generated)
enemy215: all characters numeric; replaced as int
(4654 missing values generated)
enemy216: all characters numeric; replaced as int
(4656 missing values generated)
enemy217: all characters numeric; replaced as int
(4659 missing values generated)
enemy218: all characters numeric; replaced as int
(4661 missing values generated)
enemy219: all characters numeric; replaced as int
(4662 missing values generated)
enemy220: all characters numeric; replaced as int
(4662 missing values generated)
enemy221: all characters numeric; replaced as int
(4662 missing values generated)
enemy222: all characters numeric; replaced as int
(4663 missing values generated)
enemy223: all characters numeric; replaced as int
(4663 missing values generated)
enemy224: all characters numeric; replaced as int
(4663 missing values generated)
enemy225: all characters numeric; replaced as int
(4664 missing values generated)
enemy226: all characters numeric; replaced as int
(4665 missing values generated)
enemy227: all characters numeric; replaced as int
(4666 missing values generated)
enemy228: all characters numeric; replaced as int
(4668 missing values generated)
enemy229: all characters numeric; replaced as int
(4668 missing values generated)
enemy230: all characters numeric; replaced as int
(4669 missing values generated)
enemy231: all characters numeric; replaced as int
(4669 missing values generated)
enemy232: all characters numeric; replaced as int
(4669 missing values generated)
enemy233: all characters numeric; replaced as int
(4669 missing values generated)
enemy234: all characters numeric; replaced as int
(4669 missing values generated)
enemy235: all characters numeric; replaced as int
(4669 missing values generated)
enemy236: all characters numeric; replaced as int
(4669 missing values generated)
enemy237: all characters numeric; replaced as int
(4669 missing values generated)
enemy238: all characters numeric; replaced as int
(4669 missing values generated)
enemy239: all characters numeric; replaced as int
(4669 missing values generated)
enemy240: all characters numeric; replaced as int
(4669 missing values generated)
enemy241: all characters numeric; replaced as int
(4669 missing values generated)
enemy242: all characters numeric; replaced as int
(4670 missing values generated)
enemy243: all characters numeric; replaced as int
(4670 missing values generated)
enemy244: all characters numeric; replaced as int
(4670 missing values generated)
enemy245: all characters numeric; replaced as int
(4670 missing values generated)
enemy246: all characters numeric; replaced as int
(4670 missing values generated)
enemy247: all characters numeric; replaced as int
(4670 missing values generated)
enemy248: all characters numeric; replaced as int
(4670 missing values generated)
enemy249: all characters numeric; replaced as int
(4670 missing values generated)
enemy250: all characters numeric; replaced as int
(4670 missing values generated)
enemy251: all characters numeric; replaced as int
(4670 missing values generated)
enemy252: all characters numeric; replaced as int
(4670 missing values generated)
enemy253: all characters numeric; replaced as int
(4670 missing values generated)
enemy254: all characters numeric; replaced as int
(4670 missing values generated)
enemy255: all characters numeric; replaced as int
(4670 missing values generated)
enemy256: all characters numeric; replaced as int
(4670 missing values generated)
enemy257: all characters numeric; replaced as int
(4670 missing values generated)
enemy258: all characters numeric; replaced as int
(4671 missing values generated)
enemy259: all characters numeric; replaced as int
(4671 missing values generated)
enemy260: all characters numeric; replaced as int
(4671 missing values generated)
enemy261: all characters numeric; replaced as int
(4673 missing values generated)
enemy262: all characters numeric; replaced as int
(4673 missing values generated)
enemy263: all characters numeric; replaced as int
(4673 missing values generated)
enemy264: all characters numeric; replaced as int
(4673 missing values generated)
enemy265: all characters numeric; replaced as int
(4673 missing values generated)
enemy266: all characters numeric; replaced as int
(4673 missing values generated)
enemy267: all characters numeric; replaced as int
(4673 missing values generated)
enemy268: all characters numeric; replaced as int
(4673 missing values generated)
enemy269: all characters numeric; replaced as int
(4673 missing values generated)
enemy270: all characters numeric; replaced as int
(4673 missing values generated)
enemy271: all characters numeric; replaced as int
(4673 missing values generated)
enemy272: all characters numeric; replaced as int
(4673 missing values generated)
enemy273: all characters numeric; replaced as int
(4673 missing values generated)
enemy274: all characters numeric; replaced as int
(4673 missing values generated)
enemy275: all characters numeric; replaced as int
(4673 missing values generated)
enemy276: all characters numeric; replaced as int
(4673 missing values generated)
enemy277: all characters numeric; replaced as int
(4673 missing values generated)
enemy278: all characters numeric; replaced as int
(4673 missing values generated)
enemy279: all characters numeric; replaced as int
(4673 missing values generated)
enemy280: all characters numeric; replaced as int
(4673 missing values generated)
enemy281: all characters numeric; replaced as int
(4673 missing values generated)
enemy282: all characters numeric; replaced as int
(4673 missing values generated)
enemy283: all characters numeric; replaced as int
(4673 missing values generated)
enemy284: all characters numeric; replaced as int
(4673 missing values generated)
enemy285: all characters numeric; replaced as int
(4673 missing values generated)
enemy286: all characters numeric; replaced as int
(4673 missing values generated)
enemy287: all characters numeric; replaced as int
(4673 missing values generated)
(j = 1 2 3 4 5 6 7 8 9 10 11 12 13 14 15 16 17 18 19 20 21 22 23 24 25 26 27 28
>  29 30 31 32 33 34 35 36 37 38 39 40 41 42 43 44 45 46 47 48 49 50 51 52 53 5
> 4 55 56 57 58 59 60 61 62 63 64 65 66 67 68 69 70 71 72 73 74 75 76 77 78 79 
> 80 81 82 83 84 85 86 87)

Data                               Wide   ->   Long
-----------------------------------------------------------------------------
Number of observations            4,674   ->   406,638     
Number of variables                  88   ->   3           
j variable (87 values)                    ->   enemy2_n
xij variables:
           enemy21 enemy22 ... enemy287   ->   enemy2
-----------------------------------------------------------------------------
(402,214 observations deleted)
file /Users/diegogonzalezgonzalez/Desktop/LOYOLA/PhD/2nd
    chapter/temp/enemy2.dta saved

. 
. // Synth matches data prep:
. use "$cd/temp/matches_synth_long.dta", clear

. sort usuario_id match_id

. 
. * Synthetic-control donor weights are stored in count_match.
. gen synth_weight = count_match

. drop if missing(synth_weight) | synth_weight<=0
(0 observations deleted)

. 
. bysort usuario_id (match_id): gen degree_match = sum(match_id != match_id[_n-
> 1])

. bysort usuario_id: replace degree_match = degree_match[_N]
(5,151 real changes made)

. replace degree_match=. if degree_match==0
(0 real changes made)

. 
. bysort usuario_id: egen wdegree_match=total(synth_weight^2)

. replace wdegree_match=(1/wdegree_match)
(6,579 real changes made)

. 
. save `match_long', replace
(file /var/folders/qh/5fzr2y912sx0qqljkw0hx5rr0000gn/T//St14930.000002 not
    found)
file /var/folders/qh/5fzr2y912sx0qqljkw0hx5rr0000gn/T//St14930.000002 saved
    as .dta format

. 
. drop synth_weight

. bysort usuario_id (count_match): gen match_n = _N - _n + 1

. reshape wide match_id count_match, i(usuario_id) j(match_n)
(j = 1 2 3 4 5 6 7 8 9)

Data                               Long   ->   Wide
-----------------------------------------------------------------------------
Number of observations            6,610   ->   1,459       
Number of variables                   6   ->   21          
j variable (9 values)           match_n   ->   (dropped)
xij variables:
                               match_id   ->   match_id1 match_id2 ... match_id
> 9
                            count_match   ->   count_match1 count_match2 ... co
> unt_match9
-----------------------------------------------------------------------------

. save "$cd/temp/analysis_base_synth.dta", replace
file /Users/diegogonzalezgonzalez/Desktop/LOYOLA/PhD/2nd
    chapter/temp/analysis_base_synth.dta saved

. 
. // Assortativity data prep:
. foreach nwk in friend friend2 enemy enemy2 {
  2.         use "$cd/temp/`nwk'.dta", clear
  3.         keep usuario_id `nwk'_id
  4.         rename `nwk'_id match_id
  5.         gen assort_`nwk'_dir1 = 1
  6.         duplicates drop
  7.         save `dir1', replace
  8. 
.         use "$cd/temp/`nwk'.dta", clear
  9.         keep usuario_id `nwk'_id
 10.         rename usuario_id match_id
 11.         rename `nwk'_id usuario_id
 12.         gen assort_`nwk'_dir2 = 1
 13.         duplicates drop
 14.         save `dir2', replace
 15. 
.         use `match_long', clear
 16.         keep usuario_id match_id count_match synth_weight
 17.         duplicates drop
 18.         merge m:1 usuario_id match_id using `dir1', keep(master match) nog
> en
 19.         replace assort_`nwk'_dir1 = 0 if missing(assort_`nwk'_dir1)
 20.         merge m:1 usuario_id match_id using `dir2', keep(master match) nog
> en
 21.         replace assort_`nwk'_dir2 = 0 if missing(assort_`nwk'_dir2)
 22. 
.         gen assort_`nwk'_union = (assort_`nwk'_dir1 == 1 | assort_`nwk'_dir2 
> == 1)
 23.         gen assort_`nwk'_inter = (assort_`nwk'_dir1 == 1 & assort_`nwk'_di
> r2 == 1)
 24. 
.         foreach var in assort_`nwk'_dir1 assort_`nwk'_dir2 assort_`nwk'_union
>  assort_`nwk'_inter {
 25.                 replace `var'=. if match_id==.
 26.                 gen w`var'=`var'*synth_weight
 27.         }
 28.         save "$cd/temp/assort_synth_`nwk'.dta", replace
 29. }

Duplicates in terms of all variables

(57 observations deleted)
(file /var/folders/qh/5fzr2y912sx0qqljkw0hx5rr0000gn/T//St14930.000003 not
    found)
file /var/folders/qh/5fzr2y912sx0qqljkw0hx5rr0000gn/T//St14930.000003 saved
    as .dta format

Duplicates in terms of all variables

(57 observations deleted)
(file /var/folders/qh/5fzr2y912sx0qqljkw0hx5rr0000gn/T//St14930.000004 not
    found)
file /var/folders/qh/5fzr2y912sx0qqljkw0hx5rr0000gn/T//St14930.000004 saved
    as .dta format

Duplicates in terms of all variables

(0 observations are duplicates)

    Result                      Number of obs
    -----------------------------------------
    Not matched                         4,251
        from master                     4,251  
        from using                          0  

    Matched                             2,359  
    -----------------------------------------
(4,251 real changes made)

    Result                      Number of obs
    -----------------------------------------
    Not matched                         4,239
        from master                     4,239  
        from using                          0  

    Matched                             2,371  
    -----------------------------------------
(4,239 real changes made)
(0 real changes made)
(0 real changes made)
(0 real changes made)
(0 real changes made)
file /Users/diegogonzalezgonzalez/Desktop/LOYOLA/PhD/2nd
    chapter/temp/assort_synth_friend.dta saved

Duplicates in terms of all variables

(24 observations deleted)
file /var/folders/qh/5fzr2y912sx0qqljkw0hx5rr0000gn/T//St14930.000003 saved
    as .dta format

Duplicates in terms of all variables

(24 observations deleted)
file /var/folders/qh/5fzr2y912sx0qqljkw0hx5rr0000gn/T//St14930.000004 saved
    as .dta format

Duplicates in terms of all variables

(0 observations are duplicates)

    Result                      Number of obs
    -----------------------------------------
    Not matched                         5,612
        from master                     5,612  
        from using                          0  

    Matched                               998  
    -----------------------------------------
(5,612 real changes made)

    Result                      Number of obs
    -----------------------------------------
    Not matched                         5,590
        from master                     5,590  
        from using                          0  

    Matched                             1,020  
    -----------------------------------------
(5,590 real changes made)
(0 real changes made)
(0 real changes made)
(0 real changes made)
(0 real changes made)
file /Users/diegogonzalezgonzalez/Desktop/LOYOLA/PhD/2nd
    chapter/temp/assort_synth_friend2.dta saved

Duplicates in terms of all variables

(3 observations deleted)
file /var/folders/qh/5fzr2y912sx0qqljkw0hx5rr0000gn/T//St14930.000003 saved
    as .dta format

Duplicates in terms of all variables

(3 observations deleted)
file /var/folders/qh/5fzr2y912sx0qqljkw0hx5rr0000gn/T//St14930.000004 saved
    as .dta format

Duplicates in terms of all variables

(0 observations are duplicates)

    Result                      Number of obs
    -----------------------------------------
    Not matched                         6,075
        from master                     6,075  
        from using                          0  

    Matched                               535  
    -----------------------------------------
(6,075 real changes made)

    Result                      Number of obs
    -----------------------------------------
    Not matched                         6,104
        from master                     6,104  
        from using                          0  

    Matched                               506  
    -----------------------------------------
(6,104 real changes made)
(0 real changes made)
(0 real changes made)
(0 real changes made)
(0 real changes made)
file /Users/diegogonzalezgonzalez/Desktop/LOYOLA/PhD/2nd
    chapter/temp/assort_synth_enemy.dta saved

Duplicates in terms of all variables

(1 observation deleted)
file /var/folders/qh/5fzr2y912sx0qqljkw0hx5rr0000gn/T//St14930.000003 saved
    as .dta format

Duplicates in terms of all variables

(1 observation deleted)
file /var/folders/qh/5fzr2y912sx0qqljkw0hx5rr0000gn/T//St14930.000004 saved
    as .dta format

Duplicates in terms of all variables

(0 observations are duplicates)

    Result                      Number of obs
    -----------------------------------------
    Not matched                         6,459
        from master                     6,459  
        from using                          0  

    Matched                               151  
    -----------------------------------------
(6,459 real changes made)

    Result                      Number of obs
    -----------------------------------------
    Not matched                         6,461
        from master                     6,461  
        from using                          0  

    Matched                               149  
    -----------------------------------------
(6,461 real changes made)
(0 real changes made)
(0 real changes made)
(0 real changes made)
(0 real changes made)
file /Users/diegogonzalezgonzalez/Desktop/LOYOLA/PhD/2nd
    chapter/temp/assort_synth_enemy2.dta saved

. 
. use "$cd/temp/analysis_base_synth.dta", clear

. merge 1:1 usuario_id using `base_sample', nogen keep(match)

    Result                      Number of obs
    -----------------------------------------
    Not matched                             0
    Matched                             1,459  
    -----------------------------------------

. save "$cd/temp/analysis_base_synth.dta", replace
file /Users/diegogonzalezgonzalez/Desktop/LOYOLA/PhD/2nd
    chapter/temp/analysis_base_synth.dta saved

. 
end of do-file
. }

. 
. if inlist(`"`stage'"', "analysis", "desc", "run", "all") {
.         do "$cd/code/desc_synth.do"

. /////////////////////////////////////////////////////////////////////////////
> /
> /////////////////////////// Descriptive results /////////////////////////////
> /
> /////////////////////////////////////////////////////////////////////////////
> /
> 
. if "$cd"=="" {
.         di as error "Global cd is not set. Define global cd before running de
> sc.do."
.         exit 198
. }

. if "$raw_dta"=="" {
.         di as error "Global raw_dta is not set. Define global raw_dta before 
> running desc.do."
.         exit 198
. }

. 
. capture mkdir "$cd/temp"

. capture mkdir "$cd/output"

. 
. capture program drop export_png_safe

. program define export_png_safe
  1.         args outpng widthpx
  2.         capture noisily graph export "`outpng'", width(`widthpx') replace
  3.         if _rc {
  4.                 local outsvg = subinstr("`outpng'", ".png", ".svg", .)
  5.                 capture noisily graph export "`outsvg'", replace
  6.                 if !_rc {
  7.                         !sips -s format png "`outsvg'" --out "`outpng'" >/
> dev/null 2>&1
  8.                         capture erase "`outsvg'"
  9.                 }
 10.         }
 11. end

. 
. local need_prep = 0

. capture confirm file "$cd/temp/analysis_base_synth.dta"

. if _rc local need_prep = 1

. foreach nwk in friend friend2 enemy enemy2 {
  2.         capture confirm file "$cd/temp/assort_synth_`nwk'.dta"
  3.         if _rc local need_prep = 1
  4. }

. if `need_prep' {
.         capture confirm file "$cd/temp/matches_synth_long.dta"
.         if _rc {
.                 di as txt "Missing temp/matches.dta; running matches.do..."
.                 do "$cd/code/matches_synth.do"
.         }
.         di as txt "Building prep artifacts for desc.do standalone..."
.         do "$cd/code/dataprep_synth.do"
. }

. 
. use "$cd/temp/analysis_base_synth.dta", clear

. 
. * Keep a balanced analysis sample: non-missing in all variables used below.
. local analysis_vars class_id class_size school grade group2 ///
>         degree_match wdegree_match ///
>         indegreef indegreebf indegreee indegreewe ///
>         outdegreef outdegreebf outdegreee outdegreewe ///
>         degreef degreebf degreee degreewe

. egen nmiss_analysis = rowmiss(`analysis_vars')

. drop if nmiss_analysis>0
(0 observations deleted)

. drop nmiss_analysis

. 
. capture mkdir "$cd/output/scatter_synth"

. capture mkdir "$cd/output/distribution_synth"

. 
. // Class-level degree correlations:
. preserve

. collapse (sum) degree_match wdegree_match indegreef indegreebf indegreee inde
> greewe (mean) class_size, by(class_id)

. drop if degree_match==0 // these are classes with missing values
(0 observations deleted)

. foreach var in degree_match wdegree_match indegreef indegreebf indegreee inde
> greewe {
  2.         gen `var'_raw = `var'
  3. }

. * Normalize by (n-1)n term:
. foreach var in degree_match wdegree_match indegreef indegreebf indegreee inde
> greewe {
  2.         replace `var'=`var'/((class_size-1)*class_size)
  3. }
(61 real changes made)
(61 real changes made)
(61 real changes made)
(61 real changes made)
(61 real changes made)
(61 real changes made)

. foreach l in in {
  2.         local `l'degreef "Friend"
  3.         local `l'degreebf "Best friend"
  4.         local `l'degreee "Enemy"
  5.         local `l'degreewe "Worst enemy"
  6. }

. foreach xvar in degree_match wdegree_match {
  2.         quietly sum `xvar', meanonly
  3.         local max_`xvar'=r(max)
  4. }

. foreach var in indegreef indegreebf indegreee indegreewe {
  2.         quietly sum `var', meanonly
  3.         local max_`var'=r(max)
  4.         reg `var' degree_match
  5.         local beta : display %4.2f _b[degree_match]
  6.         local axis_max = max(`max_degree_match', `max_`var'')
  7.         if `axis_max'<=0 local axis_max = 0.2
  8.         local axis_step = cond(`axis_max'<=0.1, 0.02, cond(`axis_max'<=0.2
> 5, 0.05, cond(`axis_max'<=0.5, 0.1, cond(`axis_max'<=1, 0.2, 0.5))))
  9.         local axis_max = ceil(`axis_max'/`axis_step')*`axis_step'
 10.         local text_x = `axis_max'*0.78
 11.         local text_y = `axis_max'*0.12
 12.         twoway (function y=x, range(0 `axis_max') lcolor(gs8) lpattern(sho
> rtdash)) (scatter `var' degree_match, mcolor(black%40)) (lfitci `var' degree_
> match, color(gs10%20)) (lfit `var' degree_match, color(black)), legend(off) x
> title("Matching degree") ytitle("``var'' degree") xscale(range(0 `axis_max'))
>  yscale(range(0 `axis_max')) xlabel(0(`axis_step')`axis_max') ylabel(0(`axis_
> step')`axis_max') text(`text_y' `text_x' "β = `beta'")
 13.         graph save g1, replace
 14.         reg `var' wdegree_match
 15.         local beta : display %4.2f _b[wdegree_match]
 16.         local axis_max = max(`max_wdegree_match', `max_`var'')
 17.         if `axis_max'<=0 local axis_max = 0.2
 18.         local axis_step = cond(`axis_max'<=0.1, 0.02, cond(`axis_max'<=0.2
> 5, 0.05, cond(`axis_max'<=0.5, 0.1, cond(`axis_max'<=1, 0.2, 0.5))))
 19.         local axis_max = ceil(`axis_max'/`axis_step')*`axis_step'
 20.         local text_x = `axis_max'*0.78
 21.         local text_y = `axis_max'*0.12
 22.         twoway (function y=x, range(0 `axis_max') lcolor(gs8) lpattern(sho
> rtdash)) (scatter `var' wdegree_match, mcolor(black%40)) (lfitci `var' wdegre
> e_match, color(gs10%20)) (lfit `var' wdegree_match, color(black)), legend(off
> ) xtitle("Weighted matching degree") ytitle("``var'' degree") xscale(range(0 
> `axis_max')) yscale(range(0 `axis_max')) xlabel(0(`axis_step')`axis_max') yla
> bel(0(`axis_step')`axis_max') text(`text_y' `text_x' "β = `beta'")
 23.         graph save g2, replace
 24.         capture graph combine g1.gph g2.gph
 25.         export_png_safe "$cd/output/scatter_synth/scatter_`var'.png" 3600
 26. }

      Source |       SS           df       MS      Number of obs   =        61
-------------+----------------------------------   F(1, 59)        =     21.33
       Model |  .330456893         1  .330456893   Prob > F        =    0.0000
    Residual |  .914144385        59  .015493973   R-squared       =    0.2655
-------------+----------------------------------   Adj R-squared   =    0.2531
       Total |  1.24460128        60  .020743355   Root MSE        =    .12447

------------------------------------------------------------------------------
   indegreef | Coefficient  Std. err.      t    P>|t|     [95% conf. interval]
-------------+----------------------------------------------------------------
degree_match |   2.523987   .5465263     4.62   0.000      1.43039    3.617584
       _cons |   .0214961   .0736131     0.29   0.771    -.1258033    .1687955
------------------------------------------------------------------------------
(file g1.gph not found)
file g1.gph saved

      Source |       SS           df       MS      Number of obs   =        61
-------------+----------------------------------   F(1, 59)        =     12.81
       Model |  .222040877         1  .222040877   Prob > F        =    0.0007
    Residual |   1.0225604        59  .017331532   R-squared       =    0.1784
-------------+----------------------------------   Adj R-squared   =    0.1645
       Total |  1.24460128        60  .020743355   Root MSE        =    .13165

------------------------------------------------------------------------------
   indegreef | Coefficient  Std. err.      t    P>|t|     [95% conf. interval]
-------------+----------------------------------------------------------------
wdegree_ma~h |   3.289628   .9190704     3.58   0.001     1.450572    5.128683
       _cons |   .1004075    .072663     1.38   0.172    -.0449908    .2458057
------------------------------------------------------------------------------
(file g2.gph not found)
file g2.gph saved
file /Users/diegogonzalezgonzalez/Desktop/LOYOLA/PhD/2nd chapter/output/scatter
> _synth/scatter_indegreef.png written in PNG format

      Source |       SS           df       MS      Number of obs   =        61
-------------+----------------------------------   F(1, 59)        =     21.15
       Model |  .041051632         1  .041051632   Prob > F        =    0.0000
    Residual |  .114532834        59  .001941234   R-squared       =    0.2639
-------------+----------------------------------   Adj R-squared   =    0.2514
       Total |  .155584467        60  .002593074   Root MSE        =    .04406

------------------------------------------------------------------------------
  indegreebf | Coefficient  Std. err.      t    P>|t|     [95% conf. interval]
-------------+----------------------------------------------------------------
degree_match |   .8896003     .19345     4.60   0.000     .5025078    1.276693
       _cons |   .0055493   .0260563     0.21   0.832    -.0465892    .0576878
------------------------------------------------------------------------------
file g1.gph saved

      Source |       SS           df       MS      Number of obs   =        61
-------------+----------------------------------   F(1, 59)        =     13.39
       Model |  .028785623         1  .028785623   Prob > F        =    0.0005
    Residual |  .126798843        59  .002149133   R-squared       =    0.1850
-------------+----------------------------------   Adj R-squared   =    0.1712
       Total |  .155584467        60  .002593074   Root MSE        =    .04636

------------------------------------------------------------------------------
  indegreebf | Coefficient  Std. err.      t    P>|t|     [95% conf. interval]
-------------+----------------------------------------------------------------
wdegree_ma~h |   1.184454   .3236398     3.66   0.001      .536852    1.832056
       _cons |   .0314399   .0255874     1.23   0.224    -.0197604    .0826402
------------------------------------------------------------------------------
file g2.gph saved
file /Users/diegogonzalezgonzalez/Desktop/LOYOLA/PhD/2nd chapter/output/scatter
> _synth/scatter_indegreebf.png written in PNG format

      Source |       SS           df       MS      Number of obs   =        61
-------------+----------------------------------   F(1, 59)        =     16.40
       Model |  .097807448         1  .097807448   Prob > F        =    0.0002
    Residual |  .351904425        59  .005964482   R-squared       =    0.2175
-------------+----------------------------------   Adj R-squared   =    0.2042
       Total |  .449711873        60  .007495198   Root MSE        =    .07723

------------------------------------------------------------------------------
   indegreee | Coefficient  Std. err.      t    P>|t|     [95% conf. interval]
-------------+----------------------------------------------------------------
degree_match |   1.373143   .3390908     4.05   0.000     .6946235    2.051662
       _cons |  -.0354892    .045673    -0.78   0.440    -.1268807    .0559023
------------------------------------------------------------------------------
file g1.gph saved

      Source |       SS           df       MS      Number of obs   =        61
-------------+----------------------------------   F(1, 59)        =     16.64
       Model |  .098910223         1  .098910223   Prob > F        =    0.0001
    Residual |   .35080165        59  .005945791   R-squared       =    0.2199
-------------+----------------------------------   Adj R-squared   =    0.2067
       Total |  .449711873        60  .007495198   Root MSE        =    .07711

------------------------------------------------------------------------------
   indegreee | Coefficient  Std. err.      t    P>|t|     [95% conf. interval]
-------------+----------------------------------------------------------------
wdegree_ma~h |   2.195588   .5383133     4.08   0.000     1.118426    3.272751
       _cons |  -.0237748   .0425598    -0.56   0.579    -.1089367    .0613871
------------------------------------------------------------------------------
file g2.gph saved
file /Users/diegogonzalezgonzalez/Desktop/LOYOLA/PhD/2nd chapter/output/scatter
> _synth/scatter_indegreee.png written in PNG format

      Source |       SS           df       MS      Number of obs   =        61
-------------+----------------------------------   F(1, 59)        =     12.40
       Model |  .008262692         1  .008262692   Prob > F        =    0.0008
    Residual |   .03930199        59  .000666135   R-squared       =    0.1737
-------------+----------------------------------   Adj R-squared   =    0.1597
       Total |  .047564681        60  .000792745   Root MSE        =    .02581

------------------------------------------------------------------------------
  indegreewe | Coefficient  Std. err.      t    P>|t|     [95% conf. interval]
-------------+----------------------------------------------------------------
degree_match |    .399108   .1133211     3.52   0.001     .1723529    .6258631
       _cons |  -.0174854   .0152635    -1.15   0.257    -.0480277    .0130568
------------------------------------------------------------------------------
file g1.gph saved

      Source |       SS           df       MS      Number of obs   =        61
-------------+----------------------------------   F(1, 59)        =      9.91
       Model |  .006842994         1  .006842994   Prob > F        =    0.0026
    Residual |  .040721687        59  .000690198   R-squared       =    0.1439
-------------+----------------------------------   Adj R-squared   =    0.1294
       Total |  .047564681        60  .000792745   Root MSE        =    .02627

------------------------------------------------------------------------------
  indegreewe | Coefficient  Std. err.      t    P>|t|     [95% conf. interval]
-------------+----------------------------------------------------------------
wdegree_ma~h |   .5775018   .1834075     3.15   0.003     .2105042    .9444995
       _cons |  -.0094162   .0145004    -0.65   0.519    -.0384315    .0195992
------------------------------------------------------------------------------
file g2.gph saved
file /Users/diegogonzalezgonzalez/Desktop/LOYOLA/PhD/2nd chapter/output/scatter
> _synth/scatter_indegreewe.png written in PNG format

. capture erase g1.gph

. capture erase g2.gph

. 
. * Alternative normalization: denominator is classroom ties by network family.
. foreach var in degree_match wdegree_match indegreef indegreebf indegreee inde
> greewe {
  2.         replace `var'=`var'_raw
  3. }
(61 real changes made)
(61 real changes made)
(61 real changes made)
(61 real changes made)
(61 real changes made)
(61 real changes made)

. gen denom_in_fe = indegreef_raw + indegreee_raw

. gen denom_in_bw = indegreebf_raw + indegreewe_raw

. 
. foreach var in indegreef indegreee {
  2.         replace `var'=`var'/denom_in_fe
  3. }
(61 real changes made)
(61 real changes made)

. foreach var in indegreebf indegreewe {
  2.         replace `var'=`var'/denom_in_bw
  3. }
(61 real changes made)
(61 real changes made)

. 
. foreach var in indegreef indegreee {
  2.         replace degree_match=degree_match_raw/denom_in_fe
  3.         replace wdegree_match=wdegree_match_raw/denom_in_fe
  4.         quietly sum degree_match, meanonly
  5.         local max_degree_match=r(max)
  6.         quietly sum wdegree_match, meanonly
  7.         local max_wdegree_match=r(max)
  8.         quietly sum `var', meanonly
  9.         local max_`var'=r(max)
 10.         reg `var' degree_match
 11.         local beta : display %4.2f _b[degree_match]
 12.         local axis_max = max(`max_degree_match', `max_`var'')
 13.         if `axis_max'<=0 local axis_max = 0.2
 14.         local axis_step = cond(`axis_max'<=0.1, 0.02, cond(`axis_max'<=0.2
> 5, 0.05, cond(`axis_max'<=0.5, 0.1, cond(`axis_max'<=1, 0.2, 0.5))))
 15.         local axis_max = ceil(`axis_max'/`axis_step')*`axis_step'
 16.         local text_x = `axis_max'*0.78
 17.         local text_y = `axis_max'*0.12
 18.         twoway (function y=x, range(0 `axis_max') lcolor(gs8) lpattern(sho
> rtdash)) (scatter `var' degree_match, mcolor(black%40)) (lfitci `var' degree_
> match, color(gs10%20)) (lfit `var' degree_match, color(black)), legend(off) x
> title("Matching degree") ytitle("``var'' degree") xscale(range(0 `axis_max'))
>  yscale(range(0 `axis_max')) xlabel(0(`axis_step')`axis_max') ylabel(0(`axis_
> step')`axis_max') text(`text_y' `text_x' "β = `beta'")
 19.         graph save g1, replace
 20.         reg `var' wdegree_match
 21.         local beta : display %4.2f _b[wdegree_match]
 22.         local axis_max = max(`max_wdegree_match', `max_`var'')
 23.         if `axis_max'<=0 local axis_max = 0.2
 24.         local axis_step = cond(`axis_max'<=0.1, 0.02, cond(`axis_max'<=0.2
> 5, 0.05, cond(`axis_max'<=0.5, 0.1, cond(`axis_max'<=1, 0.2, 0.5))))
 25.         local axis_max = ceil(`axis_max'/`axis_step')*`axis_step'
 26.         local text_x = `axis_max'*0.78
 27.         local text_y = `axis_max'*0.12
 28.         twoway (function y=x, range(0 `axis_max') lcolor(gs8) lpattern(sho
> rtdash)) (scatter `var' wdegree_match, mcolor(black%40)) (lfitci `var' wdegre
> e_match, color(gs10%20)) (lfit `var' wdegree_match, color(black)), legend(off
> ) xtitle("Weighted matching degree") ytitle("``var'' degree") xscale(range(0 
> `axis_max')) yscale(range(0 `axis_max')) xlabel(0(`axis_step')`axis_max') yla
> bel(0(`axis_step')`axis_max') text(`text_y' `text_x' "β = `beta'")
 29.         graph save g2, replace
 30.         capture graph combine g1.gph g2.gph
 31.         export_png_safe "$cd/output/scatter_synth/scatter_altnorm_`var'.pn
> g" 3600
 32. }
(61 real changes made)
(61 real changes made)

      Source |       SS           df       MS      Number of obs   =        61
-------------+----------------------------------   F(1, 59)        =      0.14
       Model |  .001261648         1  .001261648   Prob > F        =    0.7069
    Residual |  .521377587        59  .008836908   R-squared       =    0.0024
-------------+----------------------------------   Adj R-squared   =   -0.0145
       Total |  .522639236        60  .008710654   Root MSE        =      .094

------------------------------------------------------------------------------
   indegreef | Coefficient  Std. err.      t    P>|t|     [95% conf. interval]
-------------+----------------------------------------------------------------
degree_match |   .0507979   .1344395     0.38   0.707    -.2182149    .3198107
       _cons |   .7025231    .040995    17.14   0.000     .6204922     .784554
------------------------------------------------------------------------------
(file g1.gph not found)
file g1.gph saved

      Source |       SS           df       MS      Number of obs   =        61
-------------+----------------------------------   F(1, 59)        =      0.01
       Model |  .000053163         1  .000053163   Prob > F        =    0.9385
    Residual |  .522586073        59  .008857391   R-squared       =    0.0001
-------------+----------------------------------   Adj R-squared   =   -0.0168
       Total |  .522639236        60  .008710654   Root MSE        =    .09411

------------------------------------------------------------------------------
   indegreef | Coefficient  Std. err.      t    P>|t|     [95% conf. interval]
-------------+----------------------------------------------------------------
wdegree_ma~h |   -.017012    .219585    -0.08   0.939    -.4564005    .4223766
       _cons |   .7202305   .0393253    18.31   0.000     .6415407    .7989204
------------------------------------------------------------------------------
(file g2.gph not found)
file g2.gph saved
file /Users/diegogonzalezgonzalez/Desktop/LOYOLA/PhD/2nd chapter/output/scatter
> _synth/scatter_altnorm_indegreef.png written in PNG format
(0 real changes made)
(0 real changes made)

      Source |       SS           df       MS      Number of obs   =        61
-------------+----------------------------------   F(1, 59)        =      0.14
       Model |  .001261648         1  .001261648   Prob > F        =    0.7069
    Residual |  .521377587        59  .008836908   R-squared       =    0.0024
-------------+----------------------------------   Adj R-squared   =   -0.0145
       Total |  .522639236        60  .008710654   Root MSE        =      .094

------------------------------------------------------------------------------
   indegreee | Coefficient  Std. err.      t    P>|t|     [95% conf. interval]
-------------+----------------------------------------------------------------
degree_match |  -.0507979   .1344395    -0.38   0.707    -.3198107    .2182149
       _cons |   .2974769    .040995     7.26   0.000      .215446    .3795078
------------------------------------------------------------------------------
file g1.gph saved

      Source |       SS           df       MS      Number of obs   =        61
-------------+----------------------------------   F(1, 59)        =      0.01
       Model |  .000053163         1  .000053163   Prob > F        =    0.9385
    Residual |  .522586073        59  .008857391   R-squared       =    0.0001
-------------+----------------------------------   Adj R-squared   =   -0.0168
       Total |  .522639236        60  .008710654   Root MSE        =    .09411

------------------------------------------------------------------------------
   indegreee | Coefficient  Std. err.      t    P>|t|     [95% conf. interval]
-------------+----------------------------------------------------------------
wdegree_ma~h |    .017012    .219585     0.08   0.939    -.4223766    .4564005
       _cons |   .2797695   .0393253     7.11   0.000     .2010796    .3584593
------------------------------------------------------------------------------
file g2.gph saved
file /Users/diegogonzalezgonzalez/Desktop/LOYOLA/PhD/2nd chapter/output/scatter
> _synth/scatter_altnorm_indegreee.png written in PNG format

. 
. 
. foreach var in indegreebf indegreewe {
  2.         replace degree_match=degree_match_raw/denom_in_bw
  3.         replace wdegree_match=wdegree_match_raw/denom_in_bw
  4.         quietly sum degree_match, meanonly
  5.         local max_degree_match=r(max)
  6.         quietly sum wdegree_match, meanonly
  7.         local max_wdegree_match=r(max)
  8.         quietly sum `var', meanonly
  9.         local max_`var'=r(max)
 10.         reg `var' degree_match
 11.         local beta : display %4.2f _b[degree_match]
 12.         local axis_max = max(`max_degree_match', `max_`var'')
 13.         if `axis_max'<=0 local axis_max = 0.2
 14.         local axis_step = cond(`axis_max'<=0.1, 0.02, cond(`axis_max'<=0.2
> 5, 0.05, cond(`axis_max'<=0.5, 0.1, cond(`axis_max'<=1, 0.2, 0.5))))
 15.         local axis_max = ceil(`axis_max'/`axis_step')*`axis_step'
 16.         local text_x = `axis_max'*0.78
 17.         local text_y = `axis_max'*0.12
 18.         twoway (function y=x, range(0 `axis_max') lcolor(gs8) lpattern(sho
> rtdash)) (scatter `var' degree_match, mcolor(black%40)) (lfitci `var' degree_
> match, color(gs10%20)) (lfit `var' degree_match, color(black)), legend(off) x
> title("Matching degree") ytitle("``var'' degree") xscale(range(0 `axis_max'))
>  yscale(range(0 `axis_max')) xlabel(0(`axis_step')`axis_max') ylabel(0(`axis_
> step')`axis_max') text(`text_y' `text_x' "β = `beta'")
 19.         graph save g1, replace
 20.         reg `var' wdegree_match
 21.         local beta : display %4.2f _b[wdegree_match]
 22.         local axis_max = max(`max_wdegree_match', `max_`var'')
 23.         if `axis_max'<=0 local axis_max = 0.2
 24.         local axis_step = cond(`axis_max'<=0.1, 0.02, cond(`axis_max'<=0.2
> 5, 0.05, cond(`axis_max'<=0.5, 0.1, cond(`axis_max'<=1, 0.2, 0.5))))
 25.         local axis_max = ceil(`axis_max'/`axis_step')*`axis_step'
 26.         local text_x = `axis_max'*0.78
 27.         local text_y = `axis_max'*0.12
 28.         twoway (function y=x, range(0 `axis_max') lcolor(gs8) lpattern(sho
> rtdash)) (scatter `var' wdegree_match, mcolor(black%40)) (lfitci `var' wdegre
> e_match, color(gs10%20)) (lfit `var' wdegree_match, color(black)), legend(off
> ) xtitle("Weighted matching degree") ytitle("``var'' degree") xscale(range(0 
> `axis_max')) yscale(range(0 `axis_max')) xlabel(0(`axis_step')`axis_max') yla
> bel(0(`axis_step')`axis_max') text(`text_y' `text_x' "β = `beta'")
 29.         graph save g2, replace
 30.         capture graph combine g1.gph g2.gph
 31.         export_png_safe "$cd/output/scatter_synth/scatter_altnorm_`var'.pn
> g" 3600
 32. }
(61 real changes made)
(61 real changes made)

      Source |       SS           df       MS      Number of obs   =        61
-------------+----------------------------------   F(1, 59)        =      5.16
       Model |  .040708923         1  .040708923   Prob > F        =    0.0268
    Residual |  .465881757        59  .007896301   R-squared       =    0.0804
-------------+----------------------------------   Adj R-squared   =    0.0648
       Total |   .50659068        60  .008443178   Root MSE        =    .08886

------------------------------------------------------------------------------
  indegreebf | Coefficient  Std. err.      t    P>|t|     [95% conf. interval]
-------------+----------------------------------------------------------------
degree_match |    .069962   .0308127     2.27   0.027      .008306     .131618
       _cons |   .7279979    .031755    22.93   0.000     .6644564    .7915395
------------------------------------------------------------------------------
file g1.gph saved

      Source |       SS           df       MS      Number of obs   =        61
-------------+----------------------------------   F(1, 59)        =      4.04
       Model |   .03247816         1   .03247816   Prob > F        =    0.0490
    Residual |  .474112519        59  .008035805   R-squared       =    0.0641
-------------+----------------------------------   Adj R-squared   =    0.0482
       Total |   .50659068        60  .008443178   Root MSE        =    .08964

------------------------------------------------------------------------------
  indegreebf | Coefficient  Std. err.      t    P>|t|     [95% conf. interval]
-------------+----------------------------------------------------------------
wdegree_ma~h |   .1032321   .0513492     2.01   0.049     .0004826    .2059816
       _cons |   .7371561   .0311217    23.69   0.000     .6748817    .7994305
------------------------------------------------------------------------------
file g2.gph saved
file /Users/diegogonzalezgonzalez/Desktop/LOYOLA/PhD/2nd chapter/output/scatter
> _synth/scatter_altnorm_indegreebf.png written in PNG format
(0 real changes made)
(0 real changes made)

      Source |       SS           df       MS      Number of obs   =        61
-------------+----------------------------------   F(1, 59)        =      5.16
       Model |  .040708923         1  .040708923   Prob > F        =    0.0268
    Residual |  .465881757        59  .007896301   R-squared       =    0.0804
-------------+----------------------------------   Adj R-squared   =    0.0648
       Total |   .50659068        60  .008443178   Root MSE        =    .08886

------------------------------------------------------------------------------
  indegreewe | Coefficient  Std. err.      t    P>|t|     [95% conf. interval]
-------------+----------------------------------------------------------------
degree_match |   -.069962   .0308127    -2.27   0.027     -.131618    -.008306
       _cons |   .2720021    .031755     8.57   0.000     .2084605    .3355436
------------------------------------------------------------------------------
file g1.gph saved

      Source |       SS           df       MS      Number of obs   =        61
-------------+----------------------------------   F(1, 59)        =      4.04
       Model |   .03247816         1   .03247816   Prob > F        =    0.0490
    Residual |  .474112519        59  .008035805   R-squared       =    0.0641
-------------+----------------------------------   Adj R-squared   =    0.0482
       Total |   .50659068        60  .008443178   Root MSE        =    .08964

------------------------------------------------------------------------------
  indegreewe | Coefficient  Std. err.      t    P>|t|     [95% conf. interval]
-------------+----------------------------------------------------------------
wdegree_ma~h |  -.1032321   .0513492    -2.01   0.049    -.2059816   -.0004826
       _cons |   .2628439   .0311217     8.45   0.000     .2005695    .3251183
------------------------------------------------------------------------------
file g2.gph saved
file /Users/diegogonzalezgonzalez/Desktop/LOYOLA/PhD/2nd chapter/output/scatter
> _synth/scatter_altnorm_indegreewe.png written in PNG format

. drop *_raw denom_in_fe denom_in_bw

. capture erase g1.gph

. capture erase g2.gph

. restore

. 
. // Individual-level degree correlations:
. preserve

. * Normalize by (n-1)n term:
. foreach var in degree_match wdegree_match indegreef indegreebf indegreee inde
> greewe {
  2.         replace `var'=`var'/((class_size-1)*class_size)
  3. }
(1,459 real changes made)
(1,459 real changes made)
variable indegreef was byte now float
(1,454 real changes made)
variable indegreebf was byte now float
(1,373 real changes made)
variable indegreee was byte now float
(1,349 real changes made)
variable indegreewe was byte now float
(774 real changes made)

. reg indegreef degree_match, vce(cluster class_id)

Linear regression                               Number of obs     =      1,459
                                                F(1, 60)          =       3.58
                                                Prob > F          =     0.0634
                                                R-squared         =     0.0076
                                                Root MSE          =     .00806

                              (Std. err. adjusted for 61 clusters in class_id)
------------------------------------------------------------------------------
             |               Robust
   indegreef | Coefficient  std. err.      t    P>|t|     [95% conf. interval]
-------------+----------------------------------------------------------------
degree_match |   .3775931   .1996009     1.89   0.063    -.0216682    .7768544
       _cons |   .0126993   .0008966    14.16   0.000     .0109058    .0144928
------------------------------------------------------------------------------

. reg indegreef degree_match i.school, vce(cluster class_id)

Linear regression                               Number of obs     =      1,459
                                                F(8, 60)          =       4.03
                                                Prob > F          =     0.0007
                                                R-squared         =     0.0811
                                                Root MSE          =     .00777

                              (Std. err. adjusted for 61 clusters in class_id)
------------------------------------------------------------------------------
             |               Robust
   indegreef | Coefficient  std. err.      t    P>|t|     [95% conf. interval]
-------------+----------------------------------------------------------------
degree_match |   .3191756   .1493047     2.14   0.037     .0205216    .6178295
             |
      school |
          2  |   .0026354   .0027118     0.97   0.335     -.002789    .0080597
          3  |  -.0019481    .002028    -0.96   0.341    -.0060046    .0021084
          4  |  -.0052207   .0017831    -2.93   0.005    -.0087875    -.001654
          5  |  -.0007427   .0021023    -0.35   0.725     -.004948    .0034626
          6  |  -.0012003   .0025992    -0.46   0.646    -.0063994    .0039988
          9  |  -.0031017    .001828    -1.70   0.095    -.0067582    .0005548
         10  |  -.0017367   .0020593    -0.84   0.402    -.0058559    .0023824
             |
       _cons |   .0139283   .0016835     8.27   0.000     .0105607    .0172959
------------------------------------------------------------------------------

. reg indegreef degree_match i.school i.grade i.group2, vce(cluster class_id)

Linear regression                               Number of obs     =      1,459
                                                F(16, 60)         =          .
                                                Prob > F          =          .
                                                R-squared         =     0.2730
                                                Root MSE          =     .00694

                              (Std. err. adjusted for 61 clusters in class_id)
------------------------------------------------------------------------------
             |               Robust
   indegreef | Coefficient  std. err.      t    P>|t|     [95% conf. interval]
-------------+----------------------------------------------------------------
degree_match |   .3764178   .1038496     3.62   0.001     .1686876    .5841479
             |
      school |
          2  |   .0002221   .0018483     0.12   0.905    -.0034751    .0039194
          3  |  -.0020875   .0020719    -1.01   0.318     -.006232    .0020569
          4  |  -.0022567   .0017725    -1.27   0.208    -.0058022    .0012887
          5  |   .0021675   .0024073     0.90   0.372    -.0026478    .0069828
          6  |   -.001601   .0020566    -0.78   0.439    -.0057148    .0025127
          9  |  -.0036192   .0022263    -1.63   0.109    -.0080724     .000834
         10  |  -.0007062   .0016659    -0.42   0.673    -.0040385    .0026261
             |
       grade |
          2  |    .002054   .0012044     1.71   0.093    -.0003553    .0044632
          3  |  -.0023698   .0014514    -1.63   0.108    -.0052731    .0005334
          4  |  -.0020561   .0011608    -1.77   0.082    -.0043781    .0002659
             |
      group2 |
          2  |   .0004638   .0011946     0.39   0.699    -.0019258    .0028534
          3  |   .0011218   .0011206     1.00   0.321    -.0011197    .0033632
          4  |   .0053634   .0014216     3.77   0.000     .0025199     .008207
          5  |   .0048938    .001549     3.16   0.002     .0017952    .0079923
          6  |   .0099613   .0035835     2.78   0.007     .0027932    .0171294
          7  |   .0174982   .0018956     9.23   0.000     .0137064      .02129
             |
       _cons |   .0112117   .0013396     8.37   0.000     .0085321    .0138912
------------------------------------------------------------------------------

. restore

. 
. // Assortativity at the micro-level:
. reshape long match_id count_match, i(usuario_id) j(n)
(j = 1 2 3 4 5 6 7 8 9)

Data                               Wide   ->   Long
-----------------------------------------------------------------------------
Number of observations            1,459   ->   13,131      
Number of variables                 424   ->   409         
j variable (9 values)                     ->   n
xij variables:
      match_id1 match_id2 ... match_id9   ->   match_id
count_match1 count_match2 ... count_match9->   count_match
-----------------------------------------------------------------------------

. drop n

. foreach nwk in friend friend2 enemy enemy2 {
  2.         merge m:1 usuario_id match_id using "$cd/temp/assort_synth_`nwk'.d
> ta", nogen
  3. }

    Result                      Number of obs
    -----------------------------------------
    Not matched                         6,521
        from master                     6,521  
        from using                          0  

    Matched                             6,610  
    -----------------------------------------

    Result                      Number of obs
    -----------------------------------------
    Not matched                         6,521
        from master                     6,521  
        from using                          0  

    Matched                             6,610  
    -----------------------------------------

    Result                      Number of obs
    -----------------------------------------
    Not matched                         6,521
        from master                     6,521  
        from using                          0  

    Matched                             6,610  
    -----------------------------------------

    Result                      Number of obs
    -----------------------------------------
    Not matched                         6,521
        from master                     6,521  
        from using                          0  

    Matched                             6,610  
    -----------------------------------------

. foreach nwk in friend friend2 enemy enemy2 {
  2.         foreach var in dir1 dir2 union inter {
  3.                 bysort usuario_id: egen assort_`nwk'_`var'_avg = mean(asso
> rt_`nwk'_`var')
  4.                 bysort usuario_id: egen _w_num = total(assort_`nwk'_`var' 
> * count_match)
  5.                 bysort usuario_id: egen _w_den = total(count_match)
  6.                 gen wassort_`nwk'_`var'_avg = _w_num / _w_den if _w_den>0
  7.                 drop _w_num _w_den
  8.                 drop assort_`nwk'_`var' wassort_`nwk'_`var'
  9.                 rename (assort_`nwk'_`var'_avg wassort_`nwk'_`var'_avg) (a
> ssort_`nwk'_`var' wassort_`nwk'_`var')
 10.         }
 11. }

. 
. drop match_id count_match

. duplicates drop

Duplicates in terms of all variables

(5,146 observations deleted)

. 
. * Build inverse assortativity probability on full class dyads:
. * P(not in-relation AND not matched), by ego.
. tempfile assort_base inv_probs roster_ego roster_peer dyads match_pairs

. save `assort_base', replace
(file /var/folders/qh/5fzr2y912sx0qqljkw0hx5rr0000gn/T//St14930.000003 not
    found)
file /var/folders/qh/5fzr2y912sx0qqljkw0hx5rr0000gn/T//St14930.000003 saved
    as .dta format

. 
. preserve

. keep usuario_id class_id

. duplicates drop

Duplicates in terms of all variables

(6,526 observations deleted)

. rename usuario_id ego_id

. save `roster_ego', replace
(file /var/folders/qh/5fzr2y912sx0qqljkw0hx5rr0000gn/T//St14930.000005 not
    found)
file /var/folders/qh/5fzr2y912sx0qqljkw0hx5rr0000gn/T//St14930.000005 saved
    as .dta format

. 
. use `roster_ego', clear

. rename ego_id peer_id

. save `roster_peer', replace
(file /var/folders/qh/5fzr2y912sx0qqljkw0hx5rr0000gn/T//St14930.000006 not
    found)
file /var/folders/qh/5fzr2y912sx0qqljkw0hx5rr0000gn/T//St14930.000006 saved
    as .dta format

. 
. use `roster_ego', clear

. joinby class_id using `roster_peer'

. drop if ego_id==peer_id
(1,459 observations deleted)

. rename ego_id usuario_id

. save `dyads', replace
(file /var/folders/qh/5fzr2y912sx0qqljkw0hx5rr0000gn/T//St14930.000007 not
    found)
file /var/folders/qh/5fzr2y912sx0qqljkw0hx5rr0000gn/T//St14930.000007 saved
    as .dta format

. 
. use "$cd/temp/matches_synth_long.dta", clear

. keep usuario_id match_id count_match

. drop if missing(usuario_id) | missing(match_id) | missing(count_match) | coun
> t_match<=0
(0 observations deleted)

. rename match_id peer_id

. keep usuario_id peer_id

. duplicates drop

Duplicates in terms of all variables

(0 observations are duplicates)

. gen is_match = 1

. save `match_pairs', replace
(file /var/folders/qh/5fzr2y912sx0qqljkw0hx5rr0000gn/T//St14930.000008 not
    found)
file /var/folders/qh/5fzr2y912sx0qqljkw0hx5rr0000gn/T//St14930.000008 saved
    as .dta format

. 
. use `dyads', clear

. merge m:1 usuario_id peer_id using `match_pairs', keep(master match) nogen

    Result                      Number of obs
    -----------------------------------------
    Not matched                        28,092
        from master                    28,092  
        from using                          0  

    Matched                             6,610  
    -----------------------------------------

. replace is_match = 0 if missing(is_match)
(28,092 real changes made)

. 
. foreach nwk in friend friend2 enemy enemy2 {
  2.         tempfile rel_`nwk'
  3.         if "`nwk'"=="friend" {
  4.                 use "$cd/temp/friend.dta", clear
  5.                 keep usuario_id friend_id
  6.                 rename usuario_id peer_id
  7.                 rename friend_id usuario_id
  8.         }
  9.         else if "`nwk'"=="friend2" {
 10.                 use "$cd/temp/friend2.dta", clear
 11.                 keep usuario_id friend2_id
 12.                 rename usuario_id peer_id
 13.                 rename friend2_id usuario_id
 14.         }
 15.         else if "`nwk'"=="enemy" {
 16.                 use "$cd/temp/enemy.dta", clear
 17.                 keep usuario_id enemy_id
 18.                 rename usuario_id peer_id
 19.                 rename enemy_id usuario_id
 20.         }
 21.         else {
 22.                 use "$cd/temp/enemy2.dta", clear
 23.                 keep usuario_id enemy2_id
 24.                 rename usuario_id peer_id
 25.                 rename enemy2_id usuario_id
 26.         }
 27.         drop if missing(usuario_id) | missing(peer_id)
 28.         keep usuario_id peer_id
 29.         duplicates drop
 30.         gen in_rel_`nwk' = 1
 31.         save `rel_`nwk'', replace
 32. }
(0 observations deleted)

Duplicates in terms of all variables

(57 observations deleted)
(file /var/folders/qh/5fzr2y912sx0qqljkw0hx5rr0000gn/T//St14930.00000a not
    found)
file /var/folders/qh/5fzr2y912sx0qqljkw0hx5rr0000gn/T//St14930.00000a saved
    as .dta format
(0 observations deleted)

Duplicates in terms of all variables

(24 observations deleted)
(file /var/folders/qh/5fzr2y912sx0qqljkw0hx5rr0000gn/T//St14930.00000b not
    found)
file /var/folders/qh/5fzr2y912sx0qqljkw0hx5rr0000gn/T//St14930.00000b saved
    as .dta format
(0 observations deleted)

Duplicates in terms of all variables

(3 observations deleted)
(file /var/folders/qh/5fzr2y912sx0qqljkw0hx5rr0000gn/T//St14930.00000c not
    found)
file /var/folders/qh/5fzr2y912sx0qqljkw0hx5rr0000gn/T//St14930.00000c saved
    as .dta format
(0 observations deleted)

Duplicates in terms of all variables

(1 observation deleted)
(file /var/folders/qh/5fzr2y912sx0qqljkw0hx5rr0000gn/T//St14930.00000d not
    found)
file /var/folders/qh/5fzr2y912sx0qqljkw0hx5rr0000gn/T//St14930.00000d saved
    as .dta format

. 
. use `dyads', clear

. merge m:1 usuario_id peer_id using `match_pairs', keep(master match) nogen

    Result                      Number of obs
    -----------------------------------------
    Not matched                        28,092
        from master                    28,092  
        from using                          0  

    Matched                             6,610  
    -----------------------------------------

. replace is_match = 0 if missing(is_match)
(28,092 real changes made)

. 
. foreach nwk in friend friend2 enemy enemy2 {
  2.         merge m:1 usuario_id peer_id using `rel_`nwk'', keep(master match)
>  nogen
  3.         replace in_rel_`nwk' = 0 if missing(in_rel_`nwk')
  4.         gen notrel_notmatch_`nwk' = (in_rel_`nwk'==0 & is_match==0)
  5.         bysort usuario_id: egen p_notrel_notmatch_`nwk' = mean(notrel_notm
> atch_`nwk')
  6. }

    Result                      Number of obs
    -----------------------------------------
    Not matched                        24,150
        from master                    24,150  
        from using                          0  

    Matched                            10,552  
    -----------------------------------------
(24,150 real changes made)

    Result                      Number of obs
    -----------------------------------------
    Not matched                        30,872
        from master                    30,872  
        from using                          0  

    Matched                             3,830  
    -----------------------------------------
(30,872 real changes made)

    Result                      Number of obs
    -----------------------------------------
    Not matched                        31,805
        from master                    31,805  
        from using                          0  

    Matched                             2,897  
    -----------------------------------------
(31,805 real changes made)

    Result                      Number of obs
    -----------------------------------------
    Not matched                        33,902
        from master                    33,902  
        from using                          0  

    Matched                               800  
    -----------------------------------------
(33,902 real changes made)

. 
. keep usuario_id p_notrel_notmatch_friend p_notrel_notmatch_friend2 p_notrel_n
> otmatch_enemy p_notrel_notmatch_enemy2

. duplicates drop

Duplicates in terms of all variables

(33,243 observations deleted)

. save `inv_probs', replace
(file /var/folders/qh/5fzr2y912sx0qqljkw0hx5rr0000gn/T//St14930.000004 not
    found)
file /var/folders/qh/5fzr2y912sx0qqljkw0hx5rr0000gn/T//St14930.000004 saved
    as .dta format

. restore

. 
. use `assort_base', clear

. merge m:1 usuario_id using `inv_probs', keep(master match) nogen

    Result                      Number of obs
    -----------------------------------------
    Not matched                             0
    Matched                             7,985  
    -----------------------------------------

. 
. local friend "friendship"

. local friend2 "best-friendship"

. local enemy "enemity"

. local enemy2 "worst-enemity"

. foreach nwk in friend friend2 enemy enemy2 {
  2.         preserve
  3.         sum assort_`nwk'_dir1, d
  4.         if r(p75)!=0 keep if assort_`nwk'_dir1<r(p75)
  5.         else keep if assort_`nwk'_dir1<r(p76)
  6.         twoway (kdensity assort_`nwk'_dir1, lcolor(navy) lwidth(medthick) 
> lpattern(solid)) (kdensity p_notrel_notmatch_`nwk', lcolor(cranberry) lwidth(
> medthick) lpattern(dash)), legend(order(1 "In-``nwk'' & match" 2 "Not-in-``nw
> k'' & not-match") pos(1) ring(0) cols(1) size(small)) xtitle("Assortativity")
>  ytitle("Density")
  7.         graph save g`nwk', replace
  8.         export_png_safe "$cd/output/distribution_synth/dens_assort_`nwk'.p
> ng" 3200
  9.         twoway (kdensity wassort_`nwk'_dir1, lcolor(navy) lwidth(medthick)
>  lpattern(solid)) (kdensity p_notrel_notmatch_`nwk', lcolor(cranberry) lwidth
> (medthick) lpattern(dash)), legend(order(1 "Weighted in-``nwk'' & match" 2 "N
> ot-in-``nwk'' & not-match") pos(1) ring(0) cols(1) size(small)) xtitle("Assor
> tativity") ytitle("Density")
 10.         graph save wg`nwk', replace
 11.         export_png_safe "$cd/output/distribution_synth/dens_wassort_`nwk'.
> png" 3200
 12.         restore
 13. }

                     assort_friend_dir1
-------------------------------------------------------------
      Percentiles      Smallest
 1%            0              0
 5%            0              0
10%            0              0       Obs               7,985
25%            0              0       Sum of wgt.       7,985

50%     .3333333                      Mean           .3567431
                        Largest       Std. dev.      .3083797
75%           .6              1
90%           .8              1       Variance       .0950981
95%            1              1       Skewness       .4684989
99%            1              1       Kurtosis       2.210686
(2,018 observations deleted)
(file gfriend.gph not found)
file gfriend.gph saved
file /Users/diegogonzalezgonzalez/Desktop/LOYOLA/PhD/2nd chapter/output/distrib
> ution_synth/dens_assort_friend.png written in PNG format
(file wgfriend.gph not found)
file wgfriend.gph saved
file /Users/diegogonzalezgonzalez/Desktop/LOYOLA/PhD/2nd chapter/output/distrib
> ution_synth/dens_wassort_friend.png written in PNG format

                     assort_friend2_dir1
-------------------------------------------------------------
      Percentiles      Smallest
 1%            0              0
 5%            0              0
10%            0              0       Obs               7,985
25%            0              0       Sum of wgt.       7,985

50%            0                      Mean           .1509247
                        Largest       Std. dev.      .2005516
75%          .25              1
90%     .4285714              1       Variance       .0402209
95%           .5              1       Skewness       1.429368
99%           .8              1       Kurtosis       4.963971
(2,380 observations deleted)
(file gfriend2.gph not found)
file gfriend2.gph saved
file /Users/diegogonzalezgonzalez/Desktop/LOYOLA/PhD/2nd chapter/output/distrib
> ution_synth/dens_assort_friend2.png written in PNG format
(file wgfriend2.gph not found)
file wgfriend2.gph saved
file /Users/diegogonzalezgonzalez/Desktop/LOYOLA/PhD/2nd chapter/output/distrib
> ution_synth/dens_wassort_friend2.png written in PNG format

                      assort_enemy_dir1
-------------------------------------------------------------
      Percentiles      Smallest
 1%            0              0
 5%            0              0
10%            0              0       Obs               7,985
25%            0              0       Sum of wgt.       7,985

50%            0                      Mean           .0810186
                        Largest       Std. dev.      .1532582
75%     .1666667              1
90%     .2857143              1       Variance       .0234881
95%     .4285714              1       Skewness       2.163704
99%     .6666667              1       Kurtosis       7.971349
(2,064 observations deleted)
(file genemy.gph not found)
file genemy.gph saved
file /Users/diegogonzalezgonzalez/Desktop/LOYOLA/PhD/2nd chapter/output/distrib
> ution_synth/dens_assort_enemy.png written in PNG format
(file wgenemy.gph not found)
file wgenemy.gph saved
file /Users/diegogonzalezgonzalez/Desktop/LOYOLA/PhD/2nd chapter/output/distrib
> ution_synth/dens_wassort_enemy.png written in PNG format

                     assort_enemy2_dir1
-------------------------------------------------------------
      Percentiles      Smallest
 1%            0              0
 5%            0              0
10%            0              0       Obs               7,985
25%            0              0       Sum of wgt.       7,985

50%            0                      Mean           .0229684
                        Largest       Std. dev.      .0761665
75%            0            .75
90%            0            .75       Variance       .0058013
95%           .2            .75       Skewness       4.057605
99%     .3333333            .75       Kurtosis       23.48982
(0 observations deleted)
(file genemy2.gph not found)
file genemy2.gph saved
file /Users/diegogonzalezgonzalez/Desktop/LOYOLA/PhD/2nd chapter/output/distrib
> ution_synth/dens_assort_enemy2.png written in PNG format
(file wgenemy2.gph not found)
file wgenemy2.gph saved
file /Users/diegogonzalezgonzalez/Desktop/LOYOLA/PhD/2nd chapter/output/distrib
> ution_synth/dens_wassort_enemy2.png written in PNG format

. capture graph combine gfriend.gph gfriend2.gph genemy.gph genemy2.gph

. export_png_safe "$cd/output/distribution_synth/dens_assort.png" 3400
file /Users/diegogonzalezgonzalez/Desktop/LOYOLA/PhD/2nd chapter/output/distrib
> ution_synth/dens_assort.png written in PNG format

. capture graph combine wgfriend.gph wgfriend2.gph wgenemy.gph wgenemy2.gph

. export_png_safe "$cd/output/distribution_synth/dens_wassort.png" 3400
file /Users/diegogonzalezgonzalez/Desktop/LOYOLA/PhD/2nd chapter/output/distrib
> ution_synth/dens_wassort.png written in PNG format

. foreach g in gfriend gfriend2 genemy genemy2 {
  2.         capture erase `g'.gph
  3.         capture erase w`g'.gph
  4. }

. 
end of do-file
. }

. 
end of do-file
